timestamp,raw,filtered
1760851427.6123698,1.405,1.416
1760851427.6176841,1.418,1.416
1760851427.6230068,1.396,1.414
1760851427.6283193,1.444,1.417
1760851427.6336138,1.413,1.417
1760851427.6388812,1.459,1.421
1760851427.6442127,1.395,1.419
1760851427.6495621,1.39,1.416
1760851427.6548994,1.432,1.417
1760851427.660227,1.416,1.417
1760851427.6656137,1.426,1.418
1760851427.671411,1.496,1.426
1760851427.6768222,1.412,1.425
1760851427.682253,1.438,1.426
1760851427.6877022,1.457,1.429
1760851427.6933684,1.436,1.43
1760851427.6987715,1.433,1.43
1760851427.7042153,1.443,1.431
1760851427.7096612,1.434,1.432
1760851427.7152853,1.48,1.436
1760851427.721348,1.48,1.441
1760851427.726743,1.456,1.442
1760851427.7320838,1.452,1.443
1760851427.7378476,1.488,1.448
1760851427.7432885,1.459,1.449
1760851427.7487483,1.444,1.449
1760851427.7541292,1.446,1.448
1760851427.7599921,1.496,1.453
1760851427.7657518,1.465,1.454
1760851427.7711778,1.459,1.455
1760851427.777115,1.456,1.455
1760851427.782614,1.486,1.458
1760851427.7885115,1.483,1.46
1760851427.7942774,1.495,1.464
1760851427.799692,1.47,1.465
1760851427.8051088,1.508,1.469
1760851427.8105135,1.463,1.468
1760851427.815897,1.464,1.468
1760851427.8215885,1.469,1.468
1760851427.8274186,1.505,1.472
1760851427.8328705,1.452,1.47
1760851427.8382804,1.45,1.468
1760851427.8436587,1.463,1.467
1760851427.84899,1.509,1.471
1760851427.854367,1.48,1.472
1760851427.8597324,1.448,1.47
1760851427.865134,1.464,1.469
1760851427.8713057,1.499,1.472
1760851427.8767202,1.462,1.471
1760851427.8821006,1.456,1.47
1760851427.8876984,1.457,1.468
1760851427.893111,1.511,1.473
1760851427.8985445,1.495,1.475
1760851427.9039583,1.469,1.474
1760851427.9094057,1.456,1.473
1760851427.9157271,1.515,1.477
1760851427.921496,1.457,1.475
1760851427.9268935,1.475,1.475
1760851427.9323378,1.455,1.473
1760851427.9381025,1.51,1.477
1760851427.9435265,1.483,1.477
1760851427.9489813,1.475,1.477
1760851427.9547963,1.449,1.474
1760851427.96018,1.496,1.476
1760851427.966093,1.48,1.477
1760851427.971702,1.477,1.477
1760851427.9775815,1.469,1.476
1760851427.9833953,1.505,1.479
1760851427.9888456,1.483,1.479
1760851427.994631,1.463,1.478
1760851428.0000513,1.465,1.476
1760851428.0053892,1.492,1.478
1760851428.0107138,1.471,1.477
1760851428.0161016,1.483,1.478
1760851428.0219936,1.466,1.477
1760851428.0277135,1.521,1.481
1760851428.0331028,1.484,1.481
1760851428.038504,1.492,1.482
1760851428.0438356,1.479,1.482
1760851428.049171,1.487,1.482
1760851428.0545652,1.476,1.482
1760851428.0599427,1.469,1.481
1760851428.0656953,1.462,1.479
1760851428.071133,1.523,1.483
1760851428.0765164,1.483,1.483
1760851428.082295,1.408,1.476
1760851428.0877116,1.472,1.475
1760851428.0930982,1.52,1.48
1760851428.0987852,1.474,1.479
1760851428.104283,1.462,1.477
1760851428.1100483,1.464,1.476
1760851428.116075,1.484,1.477
1760851428.1218343,1.406,1.47
1760851428.1274598,1.433,1.466
1760851428.1332815,1.464,1.466
1760851428.138902,1.491,1.468
1760851428.14435,1.459,1.467
1760851428.149766,1.441,1.465
1760851428.1555288,1.44,1.462
1760851428.1609185,1.526,1.469
1760851428.166677,1.479,1.47
1760851428.172094,1.456,1.468
1760851428.1784885,1.434,1.465
1760851428.183888,1.485,1.467
1760851428.1892776,1.443,1.465
1760851428.1951637,1.431,1.461
1760851428.201029,1.441,1.459
1760851428.2068086,1.476,1.461
1760851428.2125967,1.434,1.458
1760851428.2181146,1.44,1.456
1760851428.22377,1.447,1.455
1760851428.2292128,1.529,1.463
1760851428.2346306,1.521,1.468
1760851428.2401633,1.506,1.472
1760851428.2456179,1.492,1.474
1760851428.2511687,1.509,1.478
1760851428.2569237,1.469,1.477
1760851428.2627342,1.455,1.475
1760851428.2684999,1.453,1.472
1760851428.2738917,1.483,1.474
1760851428.2793777,1.447,1.471
1760851428.2847083,1.438,1.468
1760851428.2904158,1.437,1.464
1760851428.2958748,1.48,1.466
1760851428.3012114,1.445,1.464
1760851428.3070633,1.434,1.461
1760851428.3124542,1.427,1.458
1760851428.3179064,1.464,1.458
1760851428.3237855,1.438,1.456
1760851428.3294268,1.435,1.454
1760851428.3350537,1.416,1.45
1760851428.340479,1.462,1.451
1760851428.3460834,1.433,1.45
1760851428.3516946,1.446,1.449
1760851428.3570898,1.431,1.447
1760851428.3628461,1.465,1.449
1760851428.3682265,1.443,1.449
1760851428.3738341,1.437,1.447
1760851428.3792627,1.42,1.445
1760851428.3851576,1.469,1.447
1760851428.390549,1.44,1.446
1760851428.3959558,1.438,1.446
1760851428.4013524,1.443,1.445
1760851428.4066808,1.483,1.449
1760851428.4120116,1.456,1.45
1760851428.4173496,1.441,1.449
1760851428.4226801,1.424,1.446
1760851428.4280066,1.483,1.45
1760851428.4333446,1.445,1.45
1760851428.4386756,1.434,1.448
1760851428.4440062,1.447,1.448
1760851428.449337,1.483,1.451
1760851428.4546747,1.45,1.451
1760851428.4599688,1.453,1.451
1760851428.4652681,1.431,1.449
1760851428.4705608,1.503,1.455
1760851428.4758406,1.483,1.458
1760851428.481187,1.483,1.46
1760851428.4865746,1.466,1.461
1760851428.491953,1.483,1.463
1760851428.497347,1.455,1.462
1760851428.5026891,1.454,1.461
1760851428.508071,1.447,1.46
1760851428.5138223,1.501,1.464
1760851428.519318,1.429,1.46
1760851428.5249755,1.455,1.46
1760851428.53085,1.441,1.458
1760851428.5362775,1.483,1.46
1760851428.54203,1.473,1.462
1760851428.547692,1.434,1.459
1760851428.553448,1.456,1.459
1760851428.5591786,1.485,1.461
1760851428.564939,1.474,1.463
1760851428.5707116,1.471,1.463
1760851428.5763357,1.453,1.462
1760851428.5818272,1.509,1.467
1760851428.5876162,1.483,1.469
1760851428.593038,1.462,1.468
1760851428.5985873,1.454,1.466
1760851428.6039772,1.495,1.469
1760851428.6093566,1.455,1.468
1760851428.6147363,1.463,1.467
1760851428.6200752,1.455,1.466
1760851428.6258645,1.505,1.47
1760851428.631234,1.434,1.466
1760851428.636568,1.457,1.465
1760851428.6418955,1.456,1.465
1760851428.6472151,1.505,1.469
1760851428.6525652,1.478,1.47
1760851428.6579053,1.456,1.468
1760851428.6632395,1.457,1.467
1760851428.6685688,1.488,1.469
1760851428.6738985,1.482,1.47
1760851428.6792784,1.458,1.469
1760851428.6846077,1.449,1.467
1760851428.689943,1.496,1.47
1760851428.6952658,1.472,1.47
1760851428.7005608,1.464,1.47
1760851428.7058885,1.447,1.467
1760851428.711333,1.505,1.471
1760851428.7167532,1.472,1.471
1760851428.722246,1.478,1.472
1760851428.7276766,1.467,1.471
1760851428.733298,1.495,1.474
1760851428.738886,1.479,1.474
1760851428.744271,1.476,1.474
1760851428.749656,1.462,1.473
1760851428.7554405,1.494,1.475
1760851428.7608337,1.469,1.475
1760851428.7662287,1.455,1.473
1760851428.7717035,1.455,1.471
1760851428.777469,1.494,1.473
1760851428.7829025,1.459,1.472
1760851428.7882953,1.463,1.471
1760851428.7941682,1.459,1.47
1760851428.7995968,1.488,1.472
1760851428.8050258,1.471,1.471
1760851428.8104281,1.452,1.47
1760851428.8158345,1.473,1.47
1760851428.8212292,1.488,1.472
1760851428.8270278,1.456,1.47
1760851428.8324268,1.45,1.468
1760851428.8381915,1.443,1.466
1760851428.8435237,1.472,1.466
1760851428.8489134,1.453,1.465
1760851428.8542557,1.431,1.462
1760851428.8596604,1.445,1.46
1760851428.8654706,1.483,1.462
1760851428.8713574,1.46,1.462
1760851428.8775923,1.444,1.46
1760851428.8830154,1.44,1.458
1760851428.8884425,1.478,1.46
1760851428.8938367,1.421,1.456
1760851428.8994243,1.432,1.454
1760851428.905021,1.435,1.452
1760851428.9108386,1.482,1.455
1760851428.9162514,1.439,1.453
1760851428.9216611,1.443,1.452
1760851428.92748,1.432,1.45
1760851428.933516,1.446,1.45
1760851428.9389117,1.443,1.449
1760851428.9443169,1.431,1.447
1760851428.9497278,1.437,1.446
1760851428.9555094,1.509,1.453
1760851428.9612684,1.446,1.452
1760851428.967246,1.431,1.45
1760851428.972695,1.455,1.45
1760851428.97851,1.472,1.452
1760851428.983899,1.426,1.45
1760851428.989401,1.409,1.446
1760851428.995059,1.418,1.443
1760851429.0004532,1.414,1.44
1760851429.0057786,1.423,1.438
1760851429.011542,1.434,1.438
1760851429.0168674,1.41,1.435
1760851429.0221934,1.472,1.439
1760851429.0275252,1.411,1.436
1760851429.0328524,1.405,1.433
1760851429.038181,1.403,1.43
1760851429.0435345,1.437,1.431
1760851429.048861,1.432,1.431
1760851429.0541854,1.38,1.426
1760851429.0596035,1.397,1.423
1760851429.0651731,1.484,1.429
1760851429.0707896,1.393,1.425
1760851429.076119,1.397,1.423
1760851429.0816927,1.38,1.418
1760851429.0873008,1.408,1.417
1760851429.093169,1.405,1.416
1760851429.0985813,1.443,1.419
1760851429.1041565,1.442,1.421
1760851429.1097295,1.477,1.427
1760851429.1159754,1.43,1.427
1760851429.1217453,1.418,1.426
1760851429.1275175,1.395,1.423
1760851429.1333349,1.429,1.424
1760851429.138738,1.39,1.42
1760851429.1441426,1.38,1.416
1760851429.1495585,1.37,1.412
1760851429.155326,1.408,1.411
1760851429.160766,1.366,1.407
1760851429.1665754,1.38,1.404
1760851429.1720054,1.38,1.402
1760851429.1777647,1.391,1.4
1760851429.183352,1.358,1.396
1760851429.1890883,1.359,1.392
1760851429.1945846,1.354,1.389
1760851429.1999757,1.386,1.388
1760851429.2055285,1.33,1.383
1760851429.2112179,1.341,1.378
1760851429.2169726,1.339,1.374
1760851429.2223625,1.372,1.374
1760851429.2277544,1.354,1.372
1760851429.233154,1.336,1.369
1760851429.2390704,1.328,1.365
1760851429.2448313,1.364,1.365
1760851429.250183,1.33,1.361
1760851429.2555277,1.314,1.356
1760851429.261245,1.318,1.353
1760851429.2665465,1.343,1.352
1760851429.2719362,1.327,1.349
1760851429.2781518,1.31,1.345
1760851429.283548,1.297,1.34
1760851429.2893307,1.328,1.339
1760851429.295139,1.311,1.336
1760851429.3009102,1.301,1.333
1760851429.3066735,1.288,1.328
1760851429.3124628,1.32,1.327
1760851429.3179095,0.0,0.0
1760851429.3235373,0.0,0.0
1760851429.3290496,0.0,0.0
1760851429.3347561,0.0,0.0
1760851429.340517,0.0,0.0
1760851429.346279,0.0,0.0
1760851429.3517585,0.0,0.0
1760851429.3575401,0.0,0.0
1760851429.3631518,0.0,0.0
1760851429.368538,0.0,0.0
1760851429.373939,0.0,0.0
1760851429.3793838,0.0,0.0
1760851429.3851452,0.0,0.0
1760851429.390906,0.0,0.0
1760851429.396352,0.0,0.0
1760851429.402132,0.0,0.0
1760851429.4075701,0.0,0.0
1760851429.4129004,0.0,0.0
1760851429.4183497,0.0,0.0
1760851429.4236798,0.0,0.0
1760851429.4290106,0.0,0.0
1760851429.4343243,0.0,0.0
1760851429.4396787,0.0,0.0
1760851429.4450119,0.0,0.0
1760851429.4503477,0.0,0.0
1760851429.4557788,0.0,0.0
1760851429.4611058,0.0,0.0
1760851429.4662807,0.0,0.0
1760851429.4714692,0.0,0.0
1760851429.476729,0.0,0.0
1760851429.4819028,0.0,0.0
1760851429.487154,0.0,0.0
1760851429.4923253,0.0,0.0
1760851429.4975114,0.0,0.0
1760851429.502684,0.0,0.0
1760851429.5078547,0.0,0.0
1760851429.5130239,0.0,0.0
1760851429.5183856,0.0,0.0
1760851429.5238037,0.0,0.0
1760851429.529409,0.0,0.0
1760851429.5347924,0.0,0.0
1760851429.5402122,0.0,0.0
1760851429.545606,0.0,0.0
1760851429.5514565,0.0,0.0
1760851429.557219,0.0,0.0
1760851429.562999,0.0,0.0
1760851429.5689466,0.0,0.0
1760851429.574702,0.0,0.0
1760851429.5801427,0.0,0.0
1760851429.585524,0.0,0.0
1760851429.5913086,0.0,0.0
1760851429.5967321,0.0,0.0
1760851429.6024635,0.0,0.0
1760851429.607855,0.0,0.0
1760851429.613189,0.0,0.0
1760851429.6186259,0.0,0.0
1760851429.623958,0.0,0.0
1760851429.6293359,0.0,0.0
1760851429.6351347,0.0,0.0
1760851429.6405106,0.0,0.0
1760851429.6459198,0.0,0.0
1760851429.6513224,0.0,0.0
1760851429.6570728,0.0,0.0
1760851429.6628344,0.0,0.0
1760851429.66825,0.0,0.0
1760851429.6737278,0.0,0.0
1760851429.6792428,0.0,0.0
1760851429.6850302,0.0,0.0
1760851429.6910431,0.0,0.0
1760851429.6969085,0.0,0.0
1760851429.70268,0.0,0.0
1760851429.7080662,0.0,0.0
1760851429.7134018,0.0,0.0
1760851429.718733,0.0,0.0
1760851429.7240613,0.0,0.0
1760851429.729455,0.0,0.0
1760851429.7348483,0.0,0.0
1760851429.740683,0.0,0.0
1760851429.746015,0.0,0.0
1760851429.7516356,0.064,0.006
1760851429.7578802,0.078,0.014
1760851429.763309,0.144,0.027
1760851429.769245,0.188,0.043
1760851429.774673,0.337,0.072
1760851429.7800875,0.322,0.097
1760851429.7858527,0.43,0.131
1760851429.7916443,0.512,0.169
1760851429.797041,0.503,0.202
1760851429.802818,0.529,0.235
1760851429.8082626,0.631,0.274
1760851429.8136175,0.603,0.307
1760851429.8193955,0.748,0.351
1760851429.8250437,0.802,0.396
1760851429.8304522,0.838,0.44
1760851429.8358793,0.897,0.486
1760851429.8412628,1.004,0.538
1760851429.8465567,0.956,0.58
1760851429.8518822,0.925,0.614
1760851429.8572755,0.983,0.651
1760851429.8630707,1.058,0.692
1760851429.8684886,1.02,0.725
1760851429.8739364,0.824,0.735
1760851429.879344,0.784,0.74
1760851429.884754,1.11,0.777
1760851429.890168,1.182,0.817
1760851429.8956215,1.065,0.842
1760851429.9010355,1.101,0.868
1760851429.9063685,1.071,0.888
1760851429.9116983,1.056,0.905
1760851429.9174519,1.052,0.92
1760851429.922847,1.023,0.93
1760851429.9282606,1.068,0.944
1760851429.9337394,1.017,0.951
1760851429.9395347,1.069,0.963
1760851429.9449475,1.065,0.973
1760851429.9503603,1.065,0.982
1760851429.95577,1.037,0.988
1760851429.96153,1.048,0.994
1760851429.967172,1.084,1.003
1760851429.9728558,1.091,1.012
1760851429.9782667,1.073,1.018
1760851429.9836495,1.081,1.024
1760851429.989585,1.044,1.026
1760851429.995347,1.088,1.032
1760851430.000778,1.108,1.04
1760851430.0061088,1.137,1.05
1760851430.0114365,1.1,1.055
1760851430.0167668,1.186,1.068
1760851430.0220954,1.203,1.081
1760851430.0274267,1.174,1.091
1760851430.032753,1.204,1.102
1760851430.038078,1.214,1.113
1760851430.0434084,1.094,1.111
1760851430.0487366,1.085,1.109
1760851430.0541286,0.907,1.089
1760851430.0594544,1.047,1.084
1760851430.064843,0.917,1.068
1760851430.0702226,1.062,1.067
1760851430.0755503,1.085,1.069
1760851430.081002,1.011,1.063
1760851430.0864112,0.958,1.053
1760851430.0921605,0.884,1.036
1760851430.0979185,1.01,1.033
1760851430.103371,0.997,1.03
1760851430.1088142,0.938,1.02
1760851430.114254,1.05,1.023
1760851430.1195817,1.007,1.022
1760851430.1249096,1.05,1.025
1760851430.1302836,1.01,1.023
1760851430.1356642,0.94,1.015
1760851430.1414652,0.948,1.008
1760851430.146855,1.019,1.009
1760851430.1522675,0.941,1.002
1760851430.1577127,0.839,0.986
1760851430.1631668,0.839,0.971
1760851430.1688561,0.903,0.964
1760851430.174625,1.026,0.971
1760851430.1803823,1.094,0.983
1760851430.186144,1.07,0.992
1760851430.1915739,1.089,1.001
1760851430.1969604,1.073,1.008
1760851430.2025628,1.085,1.016
1760851430.2079291,1.081,1.023
1760851430.2132566,1.13,1.033
1760851430.2186491,1.073,1.037
1760851430.2244658,1.177,1.051
1760851430.230223,1.169,1.063
1760851430.2356126,1.173,1.074
1760851430.2413826,1.152,1.082
1760851430.247277,1.173,1.091
1760851430.2530658,1.133,1.095
1760851430.2586672,1.147,1.1
1760851430.2644258,1.148,1.105
1760851430.2702324,1.222,1.117
1760851430.2756429,1.205,1.126
1760851430.2815473,1.226,1.136
1760851430.2873316,1.172,1.139
1760851430.2927477,1.189,1.144
1760851430.2980826,1.19,1.149
1760851430.3035204,1.203,1.154
1760851430.3093219,1.157,1.154
1760851430.3151133,1.144,1.153
1760851430.3208668,1.131,1.151
1760851430.3266158,1.284,1.164
1760851430.3320017,1.276,1.176
1760851430.3377593,1.208,1.179
1760851430.3437612,1.185,1.179
1760851430.3493044,1.217,1.183
1760851430.354872,1.153,1.18
1760851430.360263,1.044,1.167
1760851430.3660288,1.088,1.159
1760851430.3714209,1.117,1.155
1760851430.3773863,1.047,1.144
1760851430.3828034,1.171,1.146
1760851430.3882277,1.146,1.146
1760851430.3936105,1.204,1.152
1760851430.3993871,1.104,1.147
1760851430.4051518,1.155,1.148
1760851430.4105594,1.127,1.146
1760851430.4158916,1.147,1.146
1760851430.4212298,1.056,1.137
1760851430.426562,1.139,1.137
1760851430.4318936,1.036,1.127
1760851430.437223,0.94,1.108
1760851430.4425597,0.77,1.074
1760851430.4479196,1.005,1.068
1760851430.4532611,1.155,1.076
1760851430.4585953,1.259,1.095
1760851430.463923,1.131,1.098
1760851430.4693122,1.252,1.113
1760851430.4746373,1.213,1.123
1760851430.4800234,1.237,1.135
1760851430.48545,1.156,1.137
1760851430.4913604,1.148,1.138
1760851430.4967563,1.175,1.142
1760851430.502537,1.145,1.142
1760851430.5079463,1.153,1.143
1760851430.513335,1.145,1.143
1760851430.5187676,1.052,1.134
1760851430.52416,1.14,1.135
1760851430.529579,1.105,1.132
1760851430.535482,1.127,1.131
1760851430.5412395,1.067,1.125
1760851430.5471346,1.225,1.135
1760851430.5528886,1.263,1.148
1760851430.5582995,1.179,1.151
1760851430.5641267,1.199,1.156
1760851430.5701556,1.211,1.161
1760851430.5755496,1.205,1.166
1760851430.5813143,1.227,1.172
1760851430.587106,1.159,1.17
1760851430.593432,1.23,1.176
1760851430.599304,1.195,1.178
1760851430.6050277,1.174,1.178
1760851430.6104183,1.188,1.179
1760851430.6163242,1.218,1.183
1760851430.621864,1.136,1.178
1760851430.6276302,1.178,1.178
1760851430.6330187,1.187,1.179
1760851430.6384225,1.195,1.181
1760851430.6442137,1.095,1.172
1760851430.6498497,1.129,1.168
1760851430.6552637,1.121,1.163
1760851430.6606505,1.207,1.167
1760851430.6664057,1.127,1.163
1760851430.67182,1.134,1.16
1760851430.6775842,1.088,1.153
1760851430.6829696,1.03,1.141
1760851430.6883566,1.046,1.131
1760851430.6941156,1.21,1.139
1760851430.6996887,1.263,1.152
1760851430.7050939,1.225,1.159
1760851430.7104974,1.089,1.152
1760851430.7159421,1.122,1.149
1760851430.7216287,1.23,1.157
1760851430.7274003,1.148,1.156
1760851430.733169,1.0,1.14
1760851430.739098,1.108,1.137
1760851430.7447731,1.145,1.138
1760851430.7506683,1.176,1.142
1760851430.7564955,1.052,1.133
1760851430.7622514,1.019,1.121
1760851430.7679212,1.084,1.118
1760851430.7737603,1.199,1.126
1760851430.7792044,1.14,1.127
1760851430.7845893,1.131,1.128
1760851430.7904274,1.122,1.127
1760851430.7958813,1.135,1.128
1760851430.8012996,1.115,1.127
1760851430.8070838,1.114,1.125
1760851430.813232,1.161,1.129
1760851430.818609,1.184,1.134
1760851430.8243687,1.134,1.134
1760851430.830146,1.157,1.137
1760851430.8355594,1.168,1.14
1760851430.8409476,1.161,1.142
1760851430.8463366,1.151,1.143
1760851430.8516612,1.07,1.135
1760851430.8569925,1.105,1.132
1760851430.862322,1.099,1.129
1760851430.8676562,0.995,1.116
1760851430.8729894,0.982,1.102
1760851430.8788655,0.965,1.089
1760851430.8843868,0.954,1.075
1760851430.89052,0.93,1.061
1760851430.8958757,0.89,1.043
1760851430.9012678,0.843,1.023
1760851430.9071798,0.847,1.006
1760851430.9129415,0.942,0.999
1760851430.918473,0.926,0.992
1760851430.923854,0.931,0.986
1760851430.9292748,0.987,0.986
1760851430.9351623,0.952,0.983
1760851430.9409227,0.886,0.973
1760851430.9463425,0.857,0.961
1760851430.9517474,0.869,0.952
1760851430.9575455,0.808,0.938
1760851430.9632182,0.722,0.916
1760851430.9686038,0.646,0.889
1760851430.9743786,0.727,0.873
1760851430.9802213,0.674,0.853
1760851430.9856381,0.632,0.831
1760851430.991404,0.486,0.796
1760851430.9971595,0.451,0.762
1760851431.0025952,0.608,0.747
1760851431.0079198,0.53,0.725
1760851431.0132482,0.449,0.697
1760851431.0185425,0.621,0.69
1760851431.0238674,0.479,0.669
1760851431.029195,0.567,0.658
1760851431.0345826,0.564,0.649
1760851431.0399094,0.63,0.647
1760851431.0452456,0.608,0.643
1760851431.0505776,0.538,0.633
1760851431.0559046,0.374,0.607
1760851431.061232,0.564,0.602
1760851431.0667977,0.559,0.598
1760851431.0721974,0.581,0.596
1760851431.0779011,0.529,0.59
1760851431.0832472,0.517,0.583
1760851431.0886967,0.624,0.587
1760851431.0943146,0.558,0.584
1760851431.0997498,0.649,0.59
1760851431.1053283,0.715,0.603
1760851431.1107569,0.666,0.609
1760851431.1161523,0.722,0.62
1760851431.121484,0.751,0.633
1760851431.126823,0.873,0.657
1760851431.13216,0.862,0.678
1760851431.1374907,0.795,0.69
1760851431.1433654,0.846,0.705
1760851431.1491218,0.963,0.731
1760851431.1548629,0.895,0.747
1760851431.1606321,0.812,0.754
1760851431.1669052,0.915,0.77
1760851431.1730618,0.957,0.789
1760851431.178455,0.907,0.801
1760851431.1838396,0.941,0.815
1760851431.1893191,0.844,0.817
1760851431.1950467,0.905,0.826
1760851431.20043,0.98,0.842
1760851431.2057703,0.993,0.857
1760851431.2113886,0.99,0.87
1760851431.2171562,1.067,0.89
1760851431.2225494,1.044,0.905
1760851431.2280028,1.075,0.922
1760851431.2333858,1.079,0.938
1760851431.2393227,1.212,0.965
1760851431.2450676,1.118,0.981
1760851431.2508292,1.094,0.992
1760851431.2565982,1.106,1.003
1760851431.2623813,1.14,1.017
1760851431.2678323,1.069,1.022
1760851431.273316,1.07,1.027
1760851431.2787185,1.134,1.038
1760851431.2844398,1.184,1.052
1760851431.290039,1.137,1.061
1760851431.2954364,1.135,1.068
1760851431.3012915,1.114,1.073
1760851431.307084,1.124,1.078
1760851431.3134413,1.144,1.085
1760851431.3192356,1.148,1.091
1760851431.324888,1.137,1.095
1760851431.3302956,1.188,1.105
1760851431.3357604,1.164,1.111
1760851431.3415937,1.182,1.118
1760851431.3473923,1.005,1.107
1760851431.3531644,1.185,1.114
1760851431.358554,1.319,1.135
1760851431.3643267,1.341,1.155
1760851431.3701363,1.352,1.175
1760851431.3755815,1.372,1.195
1760851431.3813462,1.268,1.202
1760851431.3871393,1.326,1.215
1760851431.3932803,1.317,1.225
1760851431.3986826,1.295,1.232
1760851431.404068,1.286,1.237
1760851431.409478,1.261,1.24
1760851431.4148092,1.282,1.244
1760851431.4201403,1.308,1.25
1760851431.4254682,1.281,1.253
1760851431.4307952,1.329,1.261
1760851431.4361281,1.339,1.269
1760851431.4414604,1.369,1.279
1760851431.4467955,1.314,1.282
1760851431.4521267,1.384,1.292
1760851431.457487,1.304,1.294
1760851431.4628508,1.426,1.307
1760851431.468272,1.409,1.317
1760851431.4737024,1.394,1.325
1760851431.4790819,1.337,1.326
1760851431.4844086,1.368,1.33
1760851431.4897046,1.423,1.339
1760851431.4952967,1.401,1.346
1760851431.500513,1.375,1.349
1760851431.5057032,1.388,1.353
1760851431.510972,1.461,1.363
1760851431.5163128,1.369,1.364
1760851431.5216455,1.368,1.364
1760851431.5269957,1.377,1.366
1760851431.532355,1.321,1.361
1760851431.537718,1.334,1.358
1760851431.5431821,1.235,1.346
1760851431.548483,1.363,1.348
1760851431.5537677,1.301,1.343
1760851431.559239,1.288,1.338
1760851431.5645013,1.288,1.333
1760851431.5698292,1.363,1.336
1760851431.5751967,1.317,1.334
1760851431.580527,1.295,1.33
1760851431.5858545,1.29,1.326
1760851431.5912254,1.323,1.326
1760851431.5965571,1.376,1.331
1760851431.6018863,1.33,1.331
1760851431.6072414,1.305,1.328
1760851431.6125736,1.231,1.318
1760851431.6180582,1.428,1.329
1760851431.6234767,1.3,1.326
1760851431.6288965,1.305,1.324
1760851431.634332,1.314,1.323
1760851431.6397665,1.168,1.308
1760851431.6451807,1.405,1.317
1760851431.650582,1.414,1.327
1760851431.656033,1.457,1.34
1760851431.6614556,1.431,1.349
1760851431.6669152,1.393,1.354
1760851431.6723278,1.354,1.354
1760851431.677721,1.353,1.354
1760851431.6831787,1.376,1.356
1760851431.6885068,1.354,1.356
1760851431.6938486,1.313,1.351
1760851431.699218,1.316,1.348
1760851431.7045481,1.319,1.345
1760851431.7098835,1.351,1.346
1760851431.7152221,1.306,1.342
1760851431.7205973,1.28,1.335
1760851431.7259302,1.253,1.327
1760851431.7312844,1.396,1.334
1760851431.7366114,1.404,1.341
1760851431.7420256,1.392,1.346
1760851431.747435,1.38,1.349
1760851431.7528234,1.357,1.35
1760851431.7582307,1.293,1.345
1760851431.7636118,1.369,1.347
1760851431.7689848,1.34,1.346
1760851431.7743306,1.274,1.339
1760851431.7797525,1.375,1.343
1760851431.78517,1.423,1.351
1760851431.7905893,1.553,1.371
1760851431.796001,1.509,1.385
1760851431.801405,1.459,1.392
1760851431.806789,1.493,1.402
1760851431.812184,1.384,1.4
1760851431.8176298,1.405,1.401
1760851431.8231359,1.433,1.404
1760851431.8284667,1.406,1.404
1760851431.8337996,1.337,1.398
1760851431.8392458,1.353,1.393
1760851431.8445694,1.43,1.397
1760851431.849898,1.405,1.398
1760851431.8552964,1.405,1.398
1760851431.8606224,1.276,1.386
1760851431.8663206,1.38,1.385
1760851431.8716564,1.394,1.386
1760851431.876986,1.391,1.387
1760851431.8823142,1.4,1.388
1760851431.8876472,1.439,1.393
1760851431.8929782,1.397,1.394
1760851431.898311,1.366,1.391
1760851431.9036958,1.451,1.397
1760851431.9088752,1.457,1.403
1760851431.9141293,1.388,1.401
1760851431.9194562,1.221,1.383
1760851431.92479,1.475,1.393
1760851431.9301212,1.455,1.399
1760851431.9354503,1.21,1.38
1760851431.9407823,1.393,1.381
1760851431.9461117,1.536,1.397
1760851431.9514415,1.61,1.418
1760851431.956773,1.574,1.434
1760851431.962107,1.5,1.44
1760851431.967451,1.469,1.443
1760851431.972769,1.459,1.445
1760851431.9781058,1.521,1.452
1760851431.983436,1.447,1.452
1760851431.9887774,1.422,1.449
1760851431.9941103,1.401,1.444
1760851431.9994435,1.393,1.439
1760851432.0047758,1.354,1.43
1760851432.0101035,1.318,1.419
1760851432.0154786,1.353,1.412
1760851432.0208051,1.359,1.407
1760851432.02614,1.39,1.405
1760851432.0314412,1.367,1.402
1760851432.036774,1.323,1.394
1760851432.0421026,1.332,1.388
1760851432.047444,1.237,1.372
1760851432.0527856,1.207,1.356
1760851432.058114,1.212,1.342
1760851432.063443,1.234,1.331
1760851432.0687745,1.194,1.317
1760851432.0741067,1.172,1.303
1760851432.079546,1.142,1.287
1760851432.084904,1.127,1.271
1760851432.0902352,1.237,1.267
1760851432.0955663,1.237,1.264
1760851432.100898,1.237,1.261
1760851432.1062324,1.236,1.259
1760851432.1115668,1.217,1.255
1760851432.1169014,1.372,1.266
1760851432.1222336,1.421,1.282
1760851432.1275687,1.321,1.286
1760851432.1329093,1.355,1.293
1760851432.1383598,1.302,1.294
1760851432.1436882,1.353,1.3
1760851432.1490197,1.311,1.301
1760851432.15435,1.276,1.298
1760851432.159685,1.276,1.296
1760851432.165019,1.266,1.293
1760851432.1703537,1.326,1.296
1760851432.1756852,1.297,1.297
1760851432.1810217,1.326,1.3
1760851432.186425,1.266,1.296
1760851432.1918375,1.281,1.295
1760851432.1971667,1.39,1.304
1760851432.202497,1.34,1.308
1760851432.2078266,1.237,1.301
1760851432.2131553,1.408,1.311
1760851432.2184925,1.393,1.32
1760851432.223827,1.388,1.327
1760851432.2291663,1.359,1.33
1760851432.2345192,1.395,1.336
1760851432.2398481,1.316,1.334
1760851432.2451794,1.427,1.344
1760851432.2505178,1.363,1.345
1760851432.2558582,1.457,1.357
1760851432.261197,1.427,1.364
1760851432.266529,1.293,1.357
1760851432.2718577,1.344,1.355
1760851432.2771916,1.405,1.36
1760851432.2825222,1.372,1.362
1760851432.2878628,1.387,1.364
1760851432.2931924,1.346,1.362
1760851432.2985263,1.301,1.356
1760851432.3038595,1.316,1.352
1760851432.3092003,1.252,1.342
1760851432.3145318,1.259,1.334
1760851432.319864,1.297,1.33
1760851432.3251944,1.237,1.321
1760851432.3305228,1.21,1.31
1760851432.3358731,1.152,1.294
1760851432.3411996,1.173,1.282
1760851432.346531,1.159,1.27
1760851432.3518617,1.194,1.262
1760851432.3571937,1.222,1.258
1760851432.362521,1.237,1.256
1760851432.3678596,1.169,1.247
1760851432.3731875,1.108,1.233
1760851432.378515,1.199,1.23
1760851432.3838518,1.198,1.227
1760851432.3891807,1.172,1.221
1760851432.3945115,1.219,1.221
1760851432.399844,1.123,1.211
1760851432.4051774,1.202,1.21
1760851432.4105198,1.178,1.207
1760851432.4158585,1.177,1.204
1760851432.4212067,1.162,1.2
1760851432.4265368,1.202,1.2
1760851432.4318647,1.164,1.196
1760851432.4371998,1.185,1.195
1760851432.4425354,1.321,1.208
1760851432.4479158,1.293,1.216
1760851432.4531622,1.237,1.218
1760851432.458389,1.293,1.226
1760851432.4635887,1.218,1.225
1760851432.4689467,1.156,1.218
1760851432.4742832,1.226,1.219
1760851432.4796138,1.302,1.227
1760851432.4849403,1.285,1.233
1760851432.4902809,1.376,1.247
1760851432.4956179,1.392,1.262
1760851432.5009575,1.426,1.278
1760851432.5063,1.455,1.296
1760851432.511606,1.38,1.304
1760851432.516806,1.285,1.302
1760851432.5221276,1.281,1.3
1760851432.5274537,1.365,1.307
1760851432.5327985,1.397,1.316
1760851432.538124,1.255,1.31
1760851432.5434256,1.355,1.314
1760851432.548755,1.232,1.306
1760851432.5540872,1.301,1.306
1760851432.5594199,1.215,1.296
1760851432.5647538,1.191,1.286
1760851432.5700836,1.143,1.272
1760851432.5754228,1.127,1.257
1760851432.58076,0.988,1.23
1760851432.586088,1.136,1.221
1760851432.591431,1.198,1.219
1760851432.5967665,1.253,1.222
1760851432.602094,1.237,1.224
1760851432.6074,1.22,1.223
1760851432.6127458,1.256,1.226
1760851432.618075,1.252,1.229
1760851432.623406,1.23,1.229
1760851432.628733,1.226,1.229
1760851432.634066,1.237,1.23
1760851432.6394114,1.263,1.233
1760851432.6447425,1.235,1.233
1760851432.6500719,1.281,1.238
1760851432.6554048,1.225,1.237
1760851432.6607492,1.329,1.246
1760851432.66608,1.237,1.245
1760851432.67156,1.292,1.25
1760851432.6768932,1.289,1.254
1760851432.6822348,1.265,1.255
1760851432.6875632,1.38,1.267
1760851432.6929,1.417,1.282
1760851432.6982274,1.328,1.287
1760851432.7035556,1.281,1.286
1760851432.708894,1.405,1.298
1760851432.71411,1.362,1.304
1760851432.719368,1.388,1.313
1760851432.7246943,1.449,1.326
1760851432.730026,1.396,1.333
1760851432.735356,1.337,1.334
1760851432.740689,1.298,1.33
1760851432.746235,1.281,1.325
1760851432.751563,1.355,1.328
1760851432.7568967,1.377,1.333
1760851432.76223,1.369,1.337
1760851432.7676146,1.499,1.353
1760851432.772956,1.526,1.37
1760851432.778288,1.521,1.385
1760851432.7836304,1.488,1.396
1760851432.7889705,1.488,1.405
1760851432.7943015,1.481,1.413
1760851432.7996821,1.55,1.426
1760851432.8050165,1.508,1.434
1760851432.810355,1.558,1.447
1760851432.815685,1.473,1.449
1760851432.8210175,1.517,1.456
1760851432.8263655,1.503,1.461
1760851432.8316972,1.443,1.459
1760851432.8370295,1.401,1.453
1760851432.8423302,1.384,1.446
1760851432.8476787,1.372,1.439
1760851432.8530035,1.458,1.441
1760851432.8587832,1.532,1.45
1760851432.864108,1.469,1.452
1760851432.8694303,1.518,1.458
1760851432.8752005,1.521,1.465
1760851432.880526,1.555,1.474
1760851432.8858535,1.501,1.476
1760851432.8912923,1.393,1.468
1760851432.8966167,1.526,1.474
1760851432.901941,1.459,1.472
1760851432.9072585,1.418,1.467
1760851432.9125865,1.344,1.455
1760851432.918293,1.43,1.452
1760851432.9236226,1.355,1.443
1760851432.9292426,1.342,1.432
1760851432.9345715,1.327,1.422
1760851432.9398987,1.314,1.411
1760851432.945343,1.319,1.402
1760851432.9512205,1.227,1.384
1760851432.9565465,1.219,1.368
1760851432.9618738,1.237,1.355
1760851432.9676645,1.229,1.342
1760851432.972997,1.276,1.336
1760851432.9793,1.203,1.322
1760851432.9844794,1.202,1.31
1760851432.989654,1.175,1.297
1760851432.994825,1.173,1.285
1760851432.9999952,1.112,1.267
1760851433.0051737,1.203,1.261
1760851433.0103512,1.14,1.249
1760851433.015526,1.139,1.238
1760851433.0207043,1.16,1.23
1760851433.0258765,1.279,1.235
1760851433.031074,1.044,1.216
1760851433.0364108,1.194,1.214
1760851433.0418255,1.351,1.227
1760851433.0471718,1.4,1.245
1760851433.0524375,1.319,1.252
1760851433.0576873,1.38,1.265
1760851433.063002,1.364,1.275
1760851433.0683024,1.276,1.275
1760851433.0736344,1.49,1.297
1760851433.0789645,1.472,1.314
1760851433.0842936,1.367,1.319
1760851433.0896225,1.311,1.319
1760851433.0949557,1.43,1.33
1760851433.1002824,1.481,1.345
1760851433.105617,1.364,1.347
1760851433.1110265,1.328,1.345
1760851433.116358,1.276,1.338
1760851433.122068,1.237,1.328
1760851433.1277068,1.175,1.313
1760851433.1331034,1.194,1.301
1760851433.1385238,1.153,1.286
1760851433.1444552,1.13,1.27
1760851433.150066,1.129,1.256
1760851433.1554954,1.187,1.249
1760851433.1610503,1.087,1.233
1760851433.1668205,1.116,1.221
1760851433.1722775,1.191,1.218
1760851433.1780486,1.159,1.212
1760851433.1833842,1.259,1.217
1760851433.1887176,1.15,1.21
1760851433.1944883,1.084,1.198
1760851433.1998963,1.08,1.186
1760851433.205311,1.014,1.169
1760851433.2110496,1.063,1.158
1760851433.2168736,1.023,1.145
1760851433.2222974,0.993,1.129
1760851433.2277238,0.928,1.109
1760851433.2336564,0.919,1.09
1760851433.2395725,0.915,1.073
1760851433.244973,0.948,1.06
1760851433.2503686,0.899,1.044
1760851433.2562306,1.016,1.041
1760851433.2621322,0.998,1.037
1760851433.2675457,1.044,1.038
1760851433.2733293,1.044,1.038
1760851433.2788918,0.978,1.032
1760851433.2842824,1.081,1.037
1760851433.289913,1.036,1.037
1760851433.2953115,1.021,1.036
1760851433.3010657,1.048,1.037
1760851433.306824,1.095,1.043
1760851433.3125832,1.151,1.053
1760851433.318034,1.122,1.06
1760851433.3234665,1.114,1.066
1760851433.329258,1.144,1.073
1760851433.3346286,1.184,1.084
1760851433.3400662,1.181,1.094
1760851433.3458195,1.201,1.105
1760851433.3512702,1.226,1.117
1760851433.357022,1.38,1.143
1760851433.3627877,1.31,1.16
1760851433.3681853,1.353,1.179
1760851433.3735518,1.353,1.197
1760851433.3793485,1.266,1.204
1760851433.3851118,1.324,1.216
1760851433.3910055,1.339,1.228
1760851433.3969402,1.319,1.237
1760851433.4023814,1.354,1.249
1760851433.4077792,1.292,1.253
1760851433.4130807,1.276,1.255
1760851433.4184096,1.362,1.266
1760851433.4237185,1.343,1.274
1760851433.4290724,1.401,1.287
1760851433.4344046,1.372,1.295
1760851433.4397604,1.378,1.303
1760851433.4450924,1.393,1.312
1760851433.4504337,1.47,1.328
1760851433.455932,1.449,1.34
1760851433.461268,1.404,1.347
1760851433.466463,1.517,1.364
1760851433.4717417,1.448,1.372
1760851433.4770663,1.474,1.382
1760851433.4822588,1.47,1.391
1760851433.4875202,1.461,1.398
1760851433.492867,1.48,1.406
1760851433.4981947,1.505,1.416
1760851433.5035417,1.496,1.424
1760851433.5089357,1.523,1.434
1760851433.515272,1.484,1.439
1760851433.5206583,1.509,1.446
1760851433.5259874,1.492,1.451
1760851433.5313041,1.406,1.446
1760851433.537058,1.621,1.464
1760851433.5432239,1.585,1.476
1760851433.5486321,1.607,1.489
1760851433.5545616,1.614,1.501
1760851433.56002,1.637,1.515
1760851433.5657783,1.617,1.525
1760851433.5715585,1.625,1.535
1760851433.5773194,1.675,1.549
1760851433.5827317,1.658,1.56
1760851433.5881236,1.644,1.568
1760851433.5934966,1.616,1.573
1760851433.5988278,1.696,1.585
1760851433.604158,1.685,1.595
1760851433.6094937,1.719,1.608
1760851433.6148255,1.658,1.613
1760851433.6201727,1.628,1.614
1760851433.625958,1.646,1.617
1760851433.6317778,1.625,1.618
1760851433.6371648,1.509,1.607
1760851433.6425493,1.683,1.615
1760851433.647927,1.588,1.612
1760851433.6533358,1.628,1.614
1760851433.6587152,1.549,1.607
1760851433.6641552,1.604,1.607
1760851433.6699197,1.578,1.604
1760851433.6753252,1.535,1.597
1760851433.681083,1.511,1.589
1760851433.68668,1.505,1.58
1760851433.6920774,1.364,1.559
1760851433.6979034,1.511,1.554
1760851433.7033312,1.522,1.551
1760851433.7087526,1.461,1.542
1760851433.7146564,1.521,1.54
1760851433.720274,1.531,1.539
1760851433.7260466,1.471,1.532
1760851433.7316234,1.522,1.531
1760851433.7370036,1.465,1.524
1760851433.742762,1.484,1.52
1760851433.7481778,1.508,1.519
1760851433.7535872,1.514,1.519
1760851433.759027,1.465,1.513
1760851433.7644017,1.546,1.517
1760851433.7701573,1.548,1.52
1760851433.775563,1.567,1.525
1760851433.7813237,1.561,1.528
1760851433.7867594,1.533,1.529
1760851433.792665,1.53,1.529
1760851433.7984295,1.544,1.53
1760851433.8038146,1.517,1.529
1760851433.8092124,1.542,1.53
1760851433.8151484,1.459,1.523
1760851433.8209016,1.555,1.526
1760851433.826284,1.534,1.527
1760851433.8316858,1.514,1.526
1760851433.8374376,1.534,1.527
1760851433.8428435,1.526,1.527
1760851433.8481717,1.546,1.529
1760851433.8535562,1.513,1.527
1760851433.8594496,1.443,1.519
1760851433.8652058,1.42,1.509
1760851433.8709111,1.546,1.513
1760851433.876805,1.462,1.508
1760851433.8825676,1.531,1.51
1760851433.8879523,1.607,1.52
1760851433.8936856,1.607,1.528
1760851433.8991044,1.511,1.527
1760851433.9046545,1.55,1.529
1760851433.9100688,1.575,1.534
1760851433.9155214,1.482,1.528
1760851433.9212935,1.536,1.529
1760851433.9273338,1.498,1.526
1760851433.932736,1.621,1.536
1760851433.9385111,1.579,1.54
1760851433.9443893,1.613,1.547
1760851433.9497836,1.603,1.553
1760851433.955268,1.546,1.552
1760851433.9607086,1.53,1.55
1760851433.9664743,1.529,1.548
1760851433.9718707,1.455,1.538
1760851433.9777863,1.509,1.535
1760851433.9832208,1.506,1.533
1760851433.9886014,1.491,1.528
1760851433.9944499,1.511,1.527
1760851433.9998295,1.542,1.528
1760851434.0051343,1.505,1.526
1760851434.0105042,1.568,1.53
1760851434.0157712,1.524,1.529
1760851434.0210378,1.548,1.531
1760851434.0267944,1.534,1.532
1760851434.0321927,1.548,1.533
1760851434.0379603,1.547,1.535
1760851434.043731,1.627,1.544
1760851434.04911,1.6,1.549
1760851434.0544586,1.62,1.556
1760851434.0597904,1.527,1.554
1760851434.0651224,1.638,1.562
1760851434.0704627,1.689,1.575
1760851434.0763502,1.732,1.59
1760851434.0816965,1.706,1.602
1760851434.087063,1.698,1.612
1760851434.0924609,1.698,1.62
1760851434.0977757,1.717,1.63
1760851434.1031215,1.728,1.64
1760851434.1089332,1.795,1.655
1760851434.1151881,1.826,1.672
1760851434.1209545,1.82,1.687
1760851434.1267118,1.814,1.7
1760851434.132648,1.904,1.72
1760851434.1384196,1.921,1.74
1760851434.1442988,1.924,1.759
1760851434.1497045,1.934,1.776
1760851434.1552167,1.929,1.792
1760851434.1606257,1.946,1.807
1760851434.166375,1.907,1.817
1760851434.171741,1.921,1.827
1760851434.1771498,1.975,1.842
1760851434.182937,1.949,1.853
1760851434.188337,1.912,1.859
1760851434.1937227,1.882,1.861
1760851434.199303,1.849,1.86
1760851434.2046356,1.848,1.859
1760851434.2103994,1.858,1.859
1760851434.2158027,1.856,1.858
1760851434.2216728,1.844,1.857
1760851434.227456,1.727,1.844
1760851434.2328541,1.667,1.826
1760851434.2383213,1.84,1.828
1760851434.2441866,1.9,1.835
1760851434.249612,1.886,1.84
1760851434.25503,1.818,1.838
1760851434.2604375,1.779,1.832
1760851434.2659893,1.836,1.832
1760851434.2716749,1.837,1.833
1760851434.2774372,1.844,1.834
1760851434.2828302,1.87,1.837
1760851434.2890792,1.87,1.841
1760851434.2946384,1.88,1.845
1760851434.3000576,1.862,1.846
1760851434.3055246,1.79,1.841
1760851434.3114116,1.849,1.841
1760851434.3168108,1.833,1.841
1760851434.3221483,1.799,1.836
1760851434.3274863,1.855,1.838
1760851434.3328218,1.848,1.839
1760851434.3385594,1.851,1.84
1760851434.344454,1.803,1.837
1760851434.34985,1.792,1.832
1760851434.355305,1.805,1.83
1760851434.3607469,1.745,1.821
1760851434.3665087,1.7,1.809
1760851434.371918,1.741,1.802
1760851434.3776803,1.717,1.794
1760851434.3835354,1.682,1.783
1760851434.3889291,1.685,1.773
1760851434.394317,1.642,1.76
1760851434.3997602,1.601,1.744
1760851434.4051468,1.627,1.732
1760851434.410484,1.629,1.722
1760851434.4158165,1.553,1.705
1760851434.4211493,1.603,1.695
1760851434.4264781,1.556,1.681
1760851434.4318237,1.566,1.669
1760851434.4371567,1.509,1.653
1760851434.442488,1.531,1.641
1760851434.4478202,1.477,1.625
1760851434.4531593,1.426,1.605
1760851434.4584942,1.368,1.581
1760851434.4637923,1.33,1.556
1760851434.4690695,1.326,1.533
1760851434.4743292,1.281,1.508
1760851434.4795737,1.291,1.486
1760851434.4849946,1.267,1.464
1760851434.4903352,1.252,1.443
1760851434.495798,1.186,1.417
1760851434.5015686,1.196,1.395
1760851434.5073736,1.223,1.378
1760851434.5131412,1.256,1.366
1760851434.518583,1.236,1.353
1760851434.523913,1.237,1.341
1760851434.5293481,1.145,1.322
1760851434.5347373,1.168,1.306
1760851434.540119,1.276,1.303
1760851434.5455158,1.294,1.302
1760851434.55112,1.314,1.304
1760851434.5568829,1.293,1.303
1760851434.562785,1.291,1.301
1760851434.568199,1.213,1.292
1760851434.5736465,1.225,1.286
1760851434.5790694,1.263,1.283
1760851434.5844717,1.266,1.282
1760851434.5904179,1.279,1.281
1760851434.5958073,1.354,1.289
1760851434.6015646,1.301,1.29
1760851434.607345,1.233,1.284
1760851434.612739,1.237,1.28
1760851434.618067,1.277,1.279
1760851434.6234598,1.237,1.275
1760851434.6288543,1.259,1.273
1760851434.6343987,1.233,1.269
1760851434.6402316,1.316,1.274
1760851434.6456535,1.375,1.284
1760851434.6510282,1.332,1.289
1760851434.6563108,1.353,1.295
1760851434.6616855,1.217,1.287
1760851434.6677322,1.281,1.287
1760851434.6736708,1.272,1.285
1760851434.6790876,1.281,1.285
1760851434.6848292,1.291,1.286
1760851434.690583,1.264,1.283
1760851434.695983,1.348,1.29
1760851434.701763,1.284,1.289
1760851434.7075236,1.303,1.291
1760851434.713292,1.311,1.293
1760851434.7186816,1.378,1.301
1760851434.7240748,1.39,1.31
1760851434.7294793,1.393,1.318
1760851434.7348633,1.48,1.335
1760851434.7406242,1.375,1.339
1760851434.7460551,1.421,1.347
1760851434.7514353,1.598,1.372
1760851434.7572007,1.68,1.403
1760851434.762913,1.61,1.423
1760851434.7683475,1.575,1.439
1760851434.7737515,1.603,1.455
1760851434.779542,1.667,1.476
1760851434.7849677,1.655,1.494
1760851434.7903767,1.649,1.51
1760851434.795765,1.667,1.525
1760851434.8016124,1.713,1.544
1760851434.8073814,1.688,1.559
1760851434.813144,1.689,1.572
1760851434.8185415,1.722,1.587
1760851434.8239887,1.756,1.604
1760851434.8297477,1.844,1.628
1760851434.8351617,1.769,1.642
1760851434.8409154,1.841,1.662
1760851434.8462965,1.793,1.675
1760851434.8516247,1.787,1.686
1760851434.857016,1.816,1.699
1760851434.8623457,1.762,1.705
1760851434.8676803,1.754,1.71
1760851434.8730106,1.707,1.71
1760851434.8783362,1.668,1.706
1760851434.883671,1.697,1.705
1760851434.8889976,1.709,1.705
1760851434.8943233,1.715,1.706
1760851434.8996625,1.704,1.706
1760851434.9050024,1.663,1.702
1760851434.9103296,1.645,1.696
1760851434.9156826,1.612,1.688
1760851434.9210107,1.601,1.679
1760851434.9263387,1.595,1.671
1760851434.931661,1.606,1.664
1760851434.9369838,1.533,1.651
1760851434.942356,1.54,1.64
1760851434.9476793,1.499,1.626
1760851434.9531138,1.494,1.613
1760851434.9584405,1.453,1.597
1760851434.963816,1.362,1.573
1760851434.9691494,1.392,1.555
1760851434.974478,1.41,1.541
1760851434.979805,1.39,1.526
1760851434.9851289,1.353,1.508
1760851434.990635,1.397,1.497
1760851434.9959621,1.359,1.483
1760851435.0012884,1.354,1.47
1760851435.006654,1.364,1.46
1760851435.0119174,1.39,1.453
1760851435.017168,1.397,1.447
1760851435.0225475,1.379,1.44
1760851435.0279322,1.375,1.434
1760851435.0332592,1.372,1.428
1760851435.038586,1.393,1.424
1760851435.0439165,1.407,1.422
1760851435.0492473,1.407,1.421
1760851435.0545712,1.439,1.423
1760851435.0599678,1.466,1.427
1760851435.0656946,1.432,1.427
1760851435.0714905,1.419,1.427
1760851435.0768228,1.458,1.43
1760851435.0822008,1.472,1.434
1760851435.0877051,1.442,1.435
1760851435.09347,1.408,1.432
1760851435.0988505,1.483,1.437
1760851435.1042619,1.456,1.439
1760851435.1096675,1.393,1.434
1760851435.1154563,1.35,1.426
1760851435.1209161,1.343,1.418
1760851435.1262653,1.317,1.408
1760851435.1323612,1.256,1.392
1760851435.1376882,1.237,1.377
1760851435.1430376,1.271,1.366
1760851435.1483612,1.254,1.355
1760851435.1536899,1.201,1.34
1760851435.1590354,1.17,1.323
1760851435.1644213,1.189,1.309
1760851435.1697516,1.22,1.3
1760851435.175101,1.203,1.291
1760851435.1804285,1.211,1.283
1760851435.1859365,1.225,1.277
1760851435.1912577,1.225,1.272
1760851435.196631,1.225,1.267
1760851435.2019587,1.201,1.26
1760851435.207285,1.237,1.258
1760851435.2126105,1.183,1.251
1760851435.217946,1.163,1.242
1760851435.2233586,1.177,1.235
1760851435.2288256,1.198,1.231
1760851435.2342553,1.198,1.228
1760851435.239648,1.165,1.222
1760851435.245021,1.151,1.215
1760851435.2504108,1.16,1.209
1760851435.2557755,1.148,1.203
1760851435.261146,1.149,1.198
1760851435.2665095,1.138,1.192
1760851435.2719102,1.161,1.189
1760851435.277236,1.152,1.185
1760851435.2824233,1.123,1.179
1760851435.2876003,1.12,1.173
1760851435.2927737,1.123,1.168
1760851435.2979448,1.165,1.168
1760851435.303262,1.119,1.163
1760851435.3085904,1.124,1.159
1760851435.3139133,1.103,1.153
1760851435.3192456,1.152,1.153
1760851435.3244457,1.113,1.149
1760851435.3296266,1.095,1.144
1760851435.3348014,1.152,1.145
1760851435.3400965,1.237,1.154
1760851435.3453574,1.237,1.162
1760851435.350615,1.173,1.163
1760851435.3558686,1.135,1.16
1760851435.3611188,1.056,1.15
1760851435.3663645,0.965,1.132
1760851435.371613,0.915,1.11
1760851435.376864,0.937,1.093
1760851435.382047,0.928,1.076
1760851435.3872218,0.89,1.058
1760851435.3924754,0.879,1.04
1760851435.397808,0.787,1.014
1760851435.4032507,0.951,1.008
1760851435.4086144,0.942,1.001
1760851435.4139478,0.944,0.996
1760851435.419274,0.973,0.993
1760851435.424574,0.954,0.989
1760851435.4299104,0.941,0.985
1760851435.4353485,0.94,0.98
1760851435.4405985,0.926,0.975
1760851435.4459476,0.942,0.972
1760851435.4512904,0.891,0.963
1760851435.4567351,0.901,0.957
1760851435.4620845,0.919,0.953
1760851435.467411,0.944,0.952
1760851435.4727383,0.924,0.95
1760851435.4780886,0.911,0.946
1760851435.4834251,0.892,0.94
1760851435.4887516,0.934,0.94
1760851435.494081,0.882,0.934
1760851435.4994123,0.918,0.932
1760851435.5047379,0.93,0.932
1760851435.5100627,0.942,0.933
1760851435.5155497,0.915,0.931
1760851435.52088,0.93,0.931
1760851435.5262113,0.96,0.934
1760851435.532058,0.969,0.937
1760851435.5374503,0.941,0.938
1760851435.542781,0.969,0.941
1760851435.5481493,0.954,0.942
1760851435.5534768,0.982,0.946
1760851435.5588071,1.004,0.952
1760851435.5641913,1.112,0.968
1760851435.5698078,1.108,0.982
1760851435.5753648,1.105,0.994
1760851435.581129,1.079,1.003
1760851435.5868878,1.072,1.01
1760851435.5922985,1.047,1.013
1760851435.5980628,1.075,1.02
1760851435.603603,1.096,1.027
1760851435.6093314,1.07,1.032
1760851435.6151361,1.126,1.041
1760851435.6209216,1.14,1.051
1760851435.6265733,1.159,1.062
1760851435.631953,1.173,1.073
1760851435.6377068,1.173,1.083
1760851435.6434884,1.157,1.09
1760851435.649322,1.205,1.102
1760851435.655212,1.158,1.107
1760851435.6606305,1.173,1.114
1760851435.666387,1.159,1.118
1760851435.671829,1.149,1.122
1760851435.6771598,1.129,1.122
1760851435.682542,1.122,1.122
1760851435.6883023,1.145,1.125
1760851435.6937037,1.114,1.123
1760851435.699172,1.122,1.123
1760851435.7045925,1.14,1.125
1760851435.7099266,1.152,1.128
1760851435.7156909,1.148,1.13
1760851435.7214534,1.145,1.131
1760851435.7273526,1.163,1.134
1760851435.7326958,1.203,1.141
1760851435.7384677,1.119,1.139
1760851435.7439022,1.179,1.143
1760851435.7492936,1.184,1.147
1760851435.7546937,1.209,1.153
1760851435.7601173,1.213,1.159
1760851435.7661204,1.186,1.162
1760851435.7715662,1.138,1.16
1760851435.7774093,1.225,1.166
1760851435.7827635,1.21,1.171
1760851435.7880948,1.186,1.172
1760851435.7941568,1.184,1.173
1760851435.7995486,1.234,1.179
1760851435.8048813,1.206,1.182
1760851435.810216,1.175,1.181
1760851435.815595,1.199,1.183
1760851435.8213568,1.227,1.187
1760851435.8267543,1.199,1.189
1760851435.832055,1.264,1.196
1760851435.837387,1.276,1.204
1760851435.8427165,1.277,1.211
1760851435.8480468,1.275,1.218
1760851435.8533702,1.305,1.227
1760851435.858755,1.279,1.232
1760851435.8646183,1.282,1.237
1760851435.8703864,1.276,1.241
1760851435.8757927,1.255,1.242
1760851435.8813076,1.28,1.246
1760851435.8871045,1.324,1.254
1760851435.8924923,1.288,1.257
1760851435.897881,1.302,1.262
1760851435.9033926,1.281,1.264
1760851435.909331,1.279,1.265
1760851435.915343,1.272,1.266
1760851435.9211133,1.225,1.262
1760851435.9265413,1.143,1.25
1760851435.9321516,1.179,1.243
1760851435.937915,1.139,1.232
1760851435.9437404,1.148,1.224
1760851435.9495134,1.139,1.215
1760851435.9551854,1.188,1.213
1760851435.9605763,1.176,1.209
1760851435.9663363,1.153,1.203
1760851435.9717193,1.21,1.204
1760851435.977481,1.225,1.206
1760851435.9832706,1.211,1.207
1760851435.9886644,1.202,1.206
1760851435.9940836,1.237,1.209
1760851435.9994745,1.289,1.217
1760851436.004805,1.278,1.223
1760851436.0101306,1.297,1.231
1760851436.015657,1.272,1.235
1760851436.0214155,1.426,1.254
1760851436.0273488,1.43,1.272
1760851436.0326793,1.394,1.284
1760851436.0381317,1.42,1.297
1760851436.043588,1.463,1.314
1760851436.04897,1.485,1.331
1760851436.0543036,1.59,1.357
1760851436.059696,1.716,1.393
1760851436.0650198,1.764,1.43
1760851436.0703523,1.775,1.464
1760851436.0757053,1.746,1.493
1760851436.0810323,1.775,1.521
1760851436.0863593,1.783,1.547
1760851436.0916855,1.723,1.565
1760851436.0974483,1.869,1.595
1760851436.1028497,1.846,1.62
1760851436.1086137,1.845,1.643
1760851436.1141338,1.792,1.658
1760851436.119683,1.838,1.676
1760851436.1250906,1.87,1.695
1760851436.1304767,1.91,1.717
1760851436.1362321,1.811,1.726
1760851436.1417398,1.76,1.729
1760851436.1475205,1.84,1.74
1760851436.1530254,1.857,1.752
1760851436.1587446,1.818,1.759
1760851436.164185,1.811,1.764
1760851436.16995,1.778,1.765
1760851436.175325,1.795,1.768
1760851436.1810796,1.77,1.768
1760851436.1864069,1.769,1.768
1760851436.1918023,1.738,1.765
1760851436.1975598,1.719,1.761
1760851436.2033274,1.69,1.754
1760851436.2093294,1.625,1.741
1760851436.215126,1.746,1.741
1760851436.2209532,1.796,1.747
1760851436.2264006,1.762,1.748
1760851436.2318373,1.775,1.751
1760851436.2375987,1.71,1.747
1760851436.2430608,1.741,1.746
1760851436.2485654,1.708,1.743
1760851436.2540066,1.741,1.742
1760851436.2598221,1.683,1.736
1760851436.2655795,1.78,1.741
1760851436.2714791,1.75,1.742
1760851436.2772372,1.729,1.74
1760851436.2826452,1.708,1.737
1760851436.2880967,1.687,1.732
1760851436.2939138,1.724,1.731
1760851436.2993174,1.704,1.729
1760851436.30507,1.7,1.726
1760851436.3104591,1.699,1.723
1760851436.3160458,1.709,1.722
1760851436.3214557,1.702,1.72
1760851436.3268666,1.698,1.718
1760851436.3322718,1.745,1.72
1760851436.3380299,1.725,1.721
1760851436.343434,1.704,1.719
1760851436.3488312,1.721,1.719
1760851436.3542178,1.713,1.719
1760851436.3596933,1.681,1.715
1760851436.3654969,1.689,1.712
1760851436.3714118,1.663,1.707
1760851436.3771687,1.676,1.704
1760851436.3826187,1.639,1.698
1760851436.388022,1.635,1.692
1760851436.3935597,1.612,1.684
1760851436.398948,1.667,1.682
1760851436.4047005,1.604,1.674
1760851436.4100797,1.704,1.677
1760851436.4154167,1.746,1.684
1760851436.4207451,1.771,1.693
1760851436.4260798,1.756,1.699
1760851436.431611,1.769,1.706
1760851436.4369428,1.771,1.713
1760851436.4422746,1.794,1.721
1760851436.4476137,1.781,1.727
1760851436.4532297,1.781,1.732
1760851436.4585721,1.789,1.738
1760851436.4639106,1.862,1.75
1760851436.4692385,1.788,1.754
1760851436.4745624,1.748,1.753
1760851436.4799347,1.737,1.752
1760851436.485325,1.797,1.756
1760851436.491139,1.81,1.762
1760851436.496578,1.74,1.76
1760851436.5019045,1.763,1.76
1760851436.5077033,1.83,1.767
1760851436.51347,1.815,1.772
1760851436.5188665,1.801,1.775
1760851436.5246224,1.816,1.779
1760851436.530221,1.838,1.785
1760851436.535602,1.784,1.785
1760851436.5413518,1.766,1.783
1760851436.546966,1.772,1.782
1760851436.552352,1.757,1.779
1760851436.5580158,1.776,1.779
1760851436.563776,1.726,1.774
1760851436.5696306,1.665,1.763
1760851436.5750673,1.805,1.767
1760851436.5809205,1.749,1.765
1760851436.586703,1.716,1.76
1760851436.59209,1.758,1.76
1760851436.59753,1.74,1.758
1760851436.6029198,1.681,1.75
1760851436.6087499,1.745,1.75
1760851436.614362,1.676,1.742
1760851436.6202185,1.71,1.739
1760851436.626026,1.714,1.737
1760851436.6314692,1.749,1.738
1760851436.6372194,1.571,1.721
1760851436.6429198,1.781,1.727
1760851436.648313,1.741,1.729
1760851436.6537325,1.729,1.729
1760851436.6592085,1.71,1.727
1760851436.6653798,1.714,1.725
1760851436.6711648,1.682,1.721
1760851436.6769135,1.617,1.711
1760851436.6825728,1.642,1.704
1760851436.6879957,1.731,1.707
1760851436.693446,1.68,1.704
1760851436.6988266,1.667,1.7
1760851436.7042723,1.609,1.691
1760851436.7100244,1.677,1.69
1760851436.7154257,1.559,1.677
1760851436.7211752,1.535,1.663
1760851436.7269287,1.588,1.655
1760851436.7323277,1.534,1.643
1760851436.7377715,1.483,1.627
1760851436.7432098,1.509,1.615
1760851436.7487948,1.498,1.604
1760851436.7546139,1.527,1.596
1760851436.7599971,1.612,1.597
1760851436.7657971,1.671,1.605
1760851436.771225,1.733,1.618
1760851436.7766633,1.771,1.633
1760851436.7822523,1.845,1.654
1760851436.7875876,1.845,1.673
1760851436.7932248,1.748,1.681
1760851436.7986112,1.802,1.693
1760851436.8040361,1.616,1.685
1760851436.8096168,1.746,1.691
1760851436.8154347,1.813,1.704
1760851436.8212152,1.866,1.72
1760851436.826853,1.818,1.73
1760851436.8326712,1.855,1.742
1760851436.8384273,1.854,1.753
1760851436.8438184,1.83,1.761
1760851436.8494947,1.783,1.763
1760851436.8548224,1.728,1.76
1760851436.8601496,1.643,1.748
1760851436.8654823,1.547,1.728
1760851436.8708296,1.38,1.693
1760851436.8761353,1.559,1.68
1760851436.8814735,1.745,1.686
1760851436.8867989,1.71,1.689
1760851436.8921487,1.831,1.703
1760851436.8974936,2.054,1.738
1760851436.9028249,1.974,1.762
1760851436.9081552,1.913,1.777
1760851436.9140577,1.829,1.782
1760851436.9193847,1.795,1.783
1760851436.9247718,1.762,1.781
1760851436.930097,1.758,1.779
1760851436.9354208,1.715,1.772
1760851436.94075,1.708,1.766
1760851436.9460585,1.638,1.753
1760851436.9516196,1.672,1.745
1760851436.956808,1.655,1.736
1760851436.961989,1.659,1.728
1760851436.9673154,1.63,1.719
1760851436.97264,1.619,1.709
1760851436.9779665,1.586,1.696
1760851436.983312,1.594,1.686
1760851436.9886754,1.611,1.679
1760851436.9939985,1.678,1.678
1760851436.9995778,1.671,1.678
1760851437.004901,1.611,1.671
1760851437.0102234,1.679,1.672
1760851437.0155468,1.666,1.671
1760851437.020874,1.624,1.666
1760851437.0262015,1.638,1.664
1760851437.0316684,1.646,1.662
1760851437.0369964,1.673,1.663
1760851437.0423238,1.661,1.663
1760851437.0476692,1.674,1.664
1760851437.0530012,1.716,1.669
1760851437.0583322,1.704,1.673
1760851437.0636618,1.687,1.674
1760851437.0690713,1.717,1.678
1760851437.0748577,1.665,1.677
1760851437.0803385,1.667,1.676
1760851437.0860894,1.749,1.683
1760851437.0916917,1.715,1.686
1760851437.0970821,1.694,1.687
1760851437.1028867,1.69,1.687
1760851437.1086605,1.674,1.686
1760851437.1140685,1.685,1.686
1760851437.1194816,1.638,1.681
1760851437.1253786,1.584,1.671
1760851437.131181,1.612,1.666
1760851437.1366374,1.594,1.658
1760851437.1430423,1.536,1.646
1760851437.14863,1.577,1.639
1760851437.1542273,1.539,1.629
1760851437.1596487,1.534,1.62
1760851437.1654096,1.535,1.611
1760851437.1712015,1.586,1.609
1760851437.1767223,1.521,1.6
1760851437.1821113,1.545,1.594
1760851437.187724,1.52,1.587
1760851437.1931283,1.55,1.583
1760851437.1985238,1.521,1.577
1760851437.2039454,1.48,1.567
1760851437.209394,1.456,1.556
1760851437.215674,1.522,1.553
1760851437.2212672,1.55,1.553
1760851437.2266684,1.534,1.551
1760851437.2326128,1.533,1.549
1760851437.2383735,1.63,1.557
1760851437.2439551,1.556,1.557
1760851437.249759,1.53,1.554
1760851437.2554266,1.509,1.55
1760851437.2608826,1.501,1.545
1760851437.2667124,1.38,1.528
1760851437.2725887,1.225,1.498
1760851437.278282,1.113,1.459
1760851437.2836733,1.052,1.419
1760851437.2891598,1.457,1.423
1760851437.295007,1.973,1.478
1760851437.3004632,1.885,1.518
1760851437.306075,1.791,1.546
1760851437.311686,1.649,1.556
1760851437.317641,1.608,1.561
1760851437.3235228,1.537,1.559
1760851437.328941,1.52,1.555
1760851437.3343754,1.492,1.548
1760851437.3398087,1.426,1.536
1760851437.3454874,1.392,1.522
1760851437.3512862,1.354,1.505
1760851437.3570433,1.418,1.496
1760851437.3628042,1.405,1.487
1760851437.3683176,1.337,1.472
1760851437.3737147,1.381,1.463
1760851437.3791292,1.34,1.451
1760851437.3849187,1.258,1.431
1760851437.3906794,1.301,1.418
1760851437.3960865,1.293,1.406
1760851437.4018428,1.276,1.393
1760851437.407611,1.217,1.375
1760851437.4129434,1.204,1.358
1760851437.418281,1.234,1.346
1760851437.4236104,1.231,1.334
1760851437.4289398,1.199,1.321
1760851437.4342709,1.225,1.311
1760851437.4396045,1.315,1.312
1760851437.444937,1.237,1.304
1760851437.4502702,1.203,1.294
1760851437.4556093,1.256,1.29
1760851437.46094,1.354,1.297
1760851437.4662664,1.34,1.301
1760851437.4716456,1.345,1.305
1760851437.4770298,1.268,1.302
1760851437.482356,1.316,1.303
1760851437.4876862,1.361,1.309
1760851437.4930112,1.358,1.314
1760851437.4983568,1.344,1.317
1760851437.503691,1.371,1.322
1760851437.509025,1.354,1.325
1760851437.514358,1.368,1.33
1760851437.519688,1.32,1.329
1760851437.525019,1.303,1.326
1760851437.5303478,1.313,1.325
1760851437.5357506,1.48,1.34
1760851437.541083,1.553,1.362
1760851437.546414,1.531,1.378
1760851437.5517447,1.482,1.389
1760851437.5570738,1.405,1.39
1760851437.5624063,1.218,1.373
1760851437.5677133,1.43,1.379
1760851437.5730512,1.471,1.388
1760851437.5783842,1.364,1.386
1760851437.5837278,1.302,1.377
1760851437.5890613,1.387,1.378
1760851437.5944557,1.227,1.363
1760851437.5998447,1.465,1.373
1760851437.6057296,1.495,1.385
1760851437.6113863,1.496,1.396
1760851437.617205,1.538,1.411
1760851437.6225705,1.506,1.42
1760851437.6279652,1.471,1.425
1760851437.6333568,1.507,1.433
1760851437.6389005,1.538,1.444
1760851437.6442862,1.52,1.452
1760851437.6497428,1.543,1.461
1760851437.6553798,1.575,1.472
1760851437.6609573,1.56,1.481
1760851437.6667244,1.612,1.494
1760851437.6723816,1.603,1.505
1760851437.6781514,1.646,1.519
1760851437.6836164,1.611,1.528
1760851437.6894712,1.635,1.539
1760851437.6948638,1.521,1.537
1760851437.7001984,1.646,1.548
1760851437.7059739,1.688,1.562
1760851437.7120588,1.758,1.582
1760851437.7179768,1.788,1.602
1760851437.723375,1.844,1.626
1760851437.7288494,1.83,1.647
1760851437.7342265,1.856,1.668
1760851437.7396064,1.846,1.686
1760851437.7454298,1.887,1.706
1760851437.7508128,1.867,1.722
1760851437.7565823,1.849,1.735
1760851437.7623663,1.795,1.741
1760851437.7677991,1.871,1.754
1760851437.773361,1.816,1.76
1760851437.778752,1.753,1.759
1760851437.7840822,1.714,1.755
1760851437.7894535,1.864,1.766
1760851437.7948253,1.808,1.77
1760851437.8002663,1.806,1.773
1760851437.806105,1.781,1.774
1760851437.8118024,1.795,1.776
1760851437.8176177,1.792,1.778
1760851437.8230302,1.766,1.777
1760851437.8288064,1.801,1.779
1760851437.834189,1.768,1.778
1760851437.8395884,1.766,1.777
1760851437.8453925,1.768,1.776
1760851437.8507192,1.776,1.776
1760851437.856043,1.783,1.777
1760851437.861555,1.785,1.778
1760851437.8670025,1.792,1.779
1760851437.8724093,1.793,1.78
1760851437.8781743,1.828,1.785
1760851437.8835797,1.804,1.787
1760851437.8890111,1.841,1.792
1760851437.8945982,1.859,1.799
1760851437.8999324,1.895,1.809
1760851437.9052658,1.862,1.814
1760851437.91082,1.895,1.822
1760851437.9165893,1.947,1.835
1760851437.9219878,1.973,1.848
1760851437.927706,1.938,1.857
1760851437.9331582,1.973,1.869
1760851437.938561,2.007,1.883
1760851437.944198,2.039,1.898
1760851437.9500377,2.036,1.912
1760851437.9554248,2.102,1.931
1760851437.9608834,2.129,1.951
1760851437.9668207,2.194,1.975
1760851437.972489,2.183,1.996
1760851437.978409,2.215,2.018
1760851437.9838147,2.293,2.045
1760851437.9893103,2.303,2.071
1760851437.9948678,2.358,2.1
1760851438.0002723,2.368,2.127
1760851438.0056026,2.383,2.152
1760851438.0109367,2.422,2.179
1760851438.0164335,2.464,2.208
1760851438.0217638,2.504,2.237
1760851438.0276208,2.475,2.261
1760851438.0330124,2.553,2.29
1760851438.0384896,2.51,2.312
1760851438.0438874,2.528,2.334
1760851438.0494053,2.568,2.357
1760851438.0547574,2.474,2.369
1760851438.0601618,2.512,2.383
1760851438.066009,2.434,2.388
1760851438.071421,2.399,2.389
1760851438.0768821,2.426,2.393
1760851438.0822556,2.46,2.4
1760851438.087693,2.434,2.403
1760851438.0935838,2.434,2.406
1760851438.0989597,2.458,2.411
1760851438.1043458,2.425,2.413
1760851438.1097639,2.435,2.415
1760851438.115902,2.373,2.411
1760851438.1213353,2.418,2.412
1760851438.1267664,2.401,2.41
1760851438.132597,2.327,2.402
1760851438.1383781,2.385,2.4
1760851438.143779,2.4,2.4
1760851438.1491418,2.332,2.394
1760851438.154505,2.296,2.384
1760851438.1599572,2.273,2.373
1760851438.1657264,2.27,2.362
1760851438.171753,2.251,2.351
1760851438.1771562,2.238,2.34
1760851438.1827188,2.222,2.328
1760851438.1881135,2.239,2.319
1760851438.1939893,2.174,2.305
1760851438.199338,2.155,2.29
1760851438.2052288,2.139,2.275
1760851438.210631,2.193,2.266
1760851438.2160337,2.128,2.253
1760851438.221792,2.119,2.239
1760851438.2272224,2.127,2.228
1760851438.233078,2.123,2.218
1760851438.2388551,2.062,2.202
1760851438.24476,2.034,2.185
1760851438.250136,2.041,2.171
1760851438.2555096,2.05,2.159
1760851438.2609048,2.001,2.143
1760851438.266664,1.999,2.129
1760851438.2720456,1.96,2.112
1760851438.2776854,1.974,2.098
1760851438.2831388,1.945,2.083
1760851438.288534,1.943,2.069
1760851438.2939134,1.916,2.053
1760851438.299337,1.901,2.038
1760851438.3046746,1.87,2.021
1760851438.310105,1.845,2.004
1760851438.3157449,1.818,1.985
1760851438.321214,1.823,1.969
1760851438.3266263,1.814,1.953
1760851438.3320804,1.797,1.938
1760851438.3378432,1.84,1.928
1760851438.3433285,1.872,1.922
1760851438.3487213,1.833,1.913
1760851438.3545723,1.833,1.905
1760851438.360398,1.779,1.893
1760851438.366166,1.725,1.876
1760851438.3716967,1.74,1.862
1760851438.377515,1.745,1.851
1760851438.3829699,1.715,1.837
1760851438.3883808,1.774,1.831
1760851438.3940196,1.746,1.822
1760851438.3994045,1.692,1.809
1760851438.4051607,1.69,1.797
1760851438.4105647,1.733,1.791
1760851438.4158938,1.695,1.781
1760851438.4212265,1.687,1.772
1760851438.4265544,1.668,1.761
1760851438.4318905,1.668,1.752
1760851438.4372241,1.659,1.743
1760851438.4425561,1.633,1.732
1760851438.447884,1.64,1.723
1760851438.453226,1.638,1.714
1760851438.458576,1.591,1.702
1760851438.463903,1.563,1.688
1760851438.4692008,1.509,1.67
1760851438.4747689,1.511,1.654
1760851438.4801178,1.513,1.64
1760851438.485933,1.501,1.626
1760851438.4912975,1.482,1.612
1760851438.4966316,1.494,1.6
1760851438.5020354,1.463,1.586
1760851438.5077174,1.548,1.582
1760851438.5134768,1.397,1.564
1760851438.5188875,1.461,1.554
1760851438.5242639,1.471,1.545
1760851438.529917,1.446,1.535
1760851438.5353801,1.437,1.526
1760851438.5412657,1.457,1.519
1760851438.5467017,1.439,1.511
1760851438.5521123,1.437,1.503
1760851438.5579307,1.401,1.493
1760851438.5637324,1.46,1.49
1760851438.569162,1.443,1.485
1760851438.5745218,1.443,1.481
1760851438.5799246,1.429,1.476
1760851438.585323,1.469,1.475
1760851438.5907176,1.431,1.471
1760851438.59605,1.444,1.468
1760851438.6013825,1.406,1.462
1760851438.6067154,1.417,1.457
1760851438.6120472,1.369,1.449
1760851438.6173766,1.323,1.436
1760851438.6226773,1.325,1.425
1760851438.6281197,1.343,1.417
1760851438.6335042,1.318,1.407
1760851438.638924,1.302,1.396
1760851438.6443067,1.276,1.384
1760851438.649726,1.304,1.376
1760851438.655076,1.293,1.368
1760851438.660465,1.301,1.361
1760851438.666225,1.264,1.352
1760851438.6716344,1.291,1.345
1760851438.677017,1.256,1.337
1760851438.6824071,1.237,1.327
1760851438.6877403,1.221,1.316
1760851438.6931236,1.227,1.307
1760851438.6985116,1.214,1.298
1760851438.7038946,1.196,1.288
1760851438.709337,1.19,1.278
1760851438.7152112,1.224,1.273
1760851438.7209978,1.23,1.268
1760851438.7272263,1.219,1.263
1760851438.7329867,1.218,1.259
1760851438.7385921,1.237,1.257
1760851438.7439885,1.237,1.255
1760851438.7493951,1.262,1.255
1760851438.75518,1.236,1.253
1760851438.7606204,1.275,1.256
1760851438.7663786,1.267,1.257
1760851438.7718196,1.237,1.255
1760851438.7776885,1.295,1.259
1760851438.7830908,1.295,1.262
1760851438.7884812,1.289,1.265
1760851438.793871,1.279,1.266
1760851438.7992744,1.318,1.272
1760851438.8048952,1.274,1.272
1760851438.810657,1.31,1.276
1760851438.8162408,1.32,1.28
1760851438.822612,1.332,1.285
1760851438.8284628,1.359,1.293
1760851438.8338528,1.314,1.295
1760851438.839304,1.311,1.296
1760851438.8446999,1.33,1.3
1760851438.8500903,1.358,1.306
1760851438.855416,1.294,1.304
1760851438.8607435,1.262,1.3
1760851438.866075,1.288,1.299
1760851438.871472,1.321,1.301
1760851438.8773,1.276,1.299
1760851438.8826861,1.335,1.302
1760851438.8880727,1.38,1.31
1760851438.8938484,1.42,1.321
1760851438.8992755,1.395,1.328
1760851438.9047182,1.427,1.338
1760851438.9104714,1.467,1.351
1760851438.9158792,1.501,1.366
1760851438.9222193,1.56,1.386
1760851438.9277368,1.461,1.393
1760851438.9332693,1.526,1.406
1760851438.9390712,1.467,1.413
1760851438.9448469,1.517,1.423
1760851438.9506135,1.492,1.43
1760851438.9560761,1.462,1.433
1760851438.9618967,1.457,1.435
1760851438.9673808,1.413,1.433
1760851438.9731407,1.483,1.438
1760851438.9786298,1.546,1.449
1760851438.9839919,1.555,1.459
1760851438.9893928,1.54,1.467
1760851438.9952507,1.549,1.476
1760851439.0006592,1.52,1.48
1760851439.0059838,1.546,1.487
1760851439.0112712,1.517,1.49
1760851439.016607,1.54,1.495
1760851439.0221777,1.521,1.497
1760851439.027563,1.546,1.502
1760851439.0331535,1.471,1.499
1760851439.038595,1.466,1.496
1760851439.0439773,1.457,1.492
1760851439.0493507,1.466,1.489
1760851439.0547347,1.418,1.482
1760851439.0601273,1.418,1.476
1760851439.0656967,1.38,1.466
1760851439.0712495,1.38,1.458
1760851439.076817,1.366,1.448
1760851439.0822713,1.361,1.44
1760851439.0877218,1.329,1.429
1760851439.0933478,1.356,1.421
1760851439.0987709,1.336,1.413
1760851439.1041756,1.33,1.405
1760851439.1099203,1.341,1.398
1760851439.1152601,1.354,1.394
1760851439.1210244,1.314,1.386
1760851439.1266172,1.314,1.379
1760851439.1326509,1.314,1.372
1760851439.138195,1.303,1.365
1760851439.1435966,1.29,1.358
1760851439.1489305,1.314,1.353
1760851439.154319,1.3,1.348
1760851439.1597388,1.289,1.342
1760851439.1651978,1.4,1.348
1760851439.1709652,1.461,1.359
1760851439.1767287,1.496,1.373
1760851439.1825938,1.506,1.386
1760851439.1879992,1.462,1.394
1760851439.1934044,1.429,1.397
1760851439.1989489,1.351,1.393
1760851439.2043505,1.345,1.388
1760851439.210148,1.398,1.389
1760851439.2157297,1.397,1.39
1760851439.2211993,1.38,1.389
1760851439.2269638,1.407,1.391
1760851439.232883,1.388,1.39
1760851439.2383323,1.359,1.387
1760851439.2438965,1.394,1.388
1760851439.2492845,1.405,1.39
1760851439.2546751,1.385,1.389
1760851439.260319,1.363,1.387
1760851439.2660925,1.369,1.385
1760851439.2717452,1.45,1.391
1760851439.2772093,1.38,1.39
1760851439.282767,1.346,1.386
1760851439.2882702,1.264,1.374
1760851439.2936866,1.295,1.366
1760851439.2993126,1.368,1.366
1760851439.3047695,1.474,1.377
1760851439.310863,1.393,1.378
1760851439.3162484,1.466,1.387
1760851439.3216321,1.416,1.39
1760851439.327039,1.401,1.391
1760851439.332792,1.369,1.389
1760851439.33867,1.369,1.387
1760851439.3440495,1.319,1.38
1760851439.3494287,1.237,1.366
1760851439.3547628,1.295,1.359
1760851439.360148,1.231,1.346
1760851439.3659084,1.227,1.334
1760851439.3713763,1.385,1.339
1760851439.3768117,1.445,1.35
1760851439.3821952,1.447,1.359
1760851439.387698,1.38,1.361
1760851439.3931074,1.372,1.362
1760851439.3984828,1.393,1.365
1760851439.4037905,1.409,1.37
1760851439.4091926,1.364,1.369
1760851439.4145238,1.353,1.368
1760851439.4198549,1.302,1.361
1760851439.4251862,1.285,1.354
1760851439.430519,1.33,1.351
1760851439.4358513,1.273,1.343
1760851439.4411843,1.395,1.349
1760851439.4465165,1.388,1.352
1760851439.4518516,1.47,1.364
1760851439.457219,1.435,1.371
1760851439.462453,1.421,1.376
1760851439.4676332,1.426,1.381
1760851439.472894,1.439,1.387
1760851439.4782197,1.426,1.391
1760851439.4835374,1.39,1.391
1760851439.4888673,1.402,1.392
1760851439.494257,1.327,1.386
1760851439.49958,1.32,1.379
1760851439.5049076,1.369,1.378
1760851439.5102336,1.385,1.379
1760851439.5155559,1.341,1.375
1760851439.5209484,1.294,1.367
1760851439.5262804,1.362,1.366
1760851439.5316932,1.418,1.371
1760851439.5374491,1.355,1.37
1760851439.5428839,1.38,1.371
1760851439.5482724,1.353,1.369
1760851439.5537398,1.39,1.371
1760851439.5591567,1.301,1.364
1760851439.5645773,1.318,1.36
1760851439.5700185,1.321,1.356
1760851439.575426,1.343,1.354
1760851439.5808299,1.315,1.351
1760851439.5862572,1.289,1.344
1760851439.5916357,1.263,1.336
1760851439.5972116,1.314,1.334
1760851439.6028373,1.284,1.329
1760851439.6082227,1.26,1.322
1760851439.61398,1.328,1.323
1760851439.6193624,1.317,1.322
1760851439.6252413,1.318,1.322
1760851439.630841,1.338,1.323
1760851439.6366036,1.329,1.324
1760851439.6421838,1.362,1.328
1760851439.6475186,1.29,1.324
1760851439.6528537,1.356,1.327
1760851439.658188,1.351,1.329
1760851439.6635184,1.348,1.331
1760851439.6688967,1.328,1.331
1760851439.6743062,1.346,1.332
1760851439.679751,1.318,1.331
1760851439.6851578,1.272,1.325
1760851439.6910317,1.123,1.305
1760851439.696758,1.288,1.303
1760851439.7025087,1.339,1.307
1760851439.7083366,1.282,1.304
1760851439.7140906,1.223,1.296
1760851439.7195537,1.54,1.321
1760851439.7253134,1.421,1.331
1760851439.730758,1.278,1.325
1760851439.7366061,1.483,1.341
1760851439.7420437,1.476,1.355
1760851439.747455,1.326,1.352
1760851439.7531922,1.463,1.363
1760851439.758725,1.381,1.365
1760851439.7641115,1.405,1.369
1760851439.7698803,1.339,1.366
1760851439.7753017,1.367,1.366
1760851439.7807403,1.381,1.367
1760851439.7861469,1.276,1.358
1760851439.7915907,1.432,1.366
1760851439.7969825,1.343,1.363
1760851439.8024294,1.26,1.353
1760851439.8078105,1.3,1.348
1760851439.8139253,1.443,1.357
1760851439.8193252,1.383,1.36
1760851439.8247075,1.392,1.363
1760851439.8300965,1.477,1.374
1760851439.8354797,1.395,1.377
1760851439.8415143,1.431,1.382
1760851439.84738,1.382,1.382
1760851439.8527036,1.366,1.38
1760851439.858027,1.434,1.386
1760851439.8633544,1.398,1.387
1760851439.8691313,1.397,1.388
1760851439.875002,1.371,1.386
1760851439.880406,1.354,1.383
1760851439.8857965,1.353,1.38
1760851439.8912206,1.33,1.375
1760851439.8966131,1.4,1.377
1760851439.901991,1.38,1.378
1760851439.9074416,1.381,1.378
1760851439.9132016,1.371,1.377
1760851439.9187613,1.359,1.376
1760851439.9240575,1.359,1.374
1760851439.9293845,1.358,1.372
1760851439.9347737,1.387,1.374
1760851439.9400992,1.382,1.375
1760851439.9454675,1.351,1.372
1760851439.950791,1.313,1.366
1760851439.9561248,1.354,1.365
1760851439.9614565,1.348,1.363
1760851439.9675422,1.366,1.364
1760851439.9728801,1.431,1.37
1760851439.9782174,1.44,1.377
1760851439.983568,1.492,1.389
1760851439.9889605,1.437,1.394
1760851439.9942954,1.423,1.397
1760851439.9997053,1.355,1.392
1760851440.0050192,1.257,1.379
1760851440.010349,1.279,1.369
1760851440.0156498,1.395,1.372
1760851440.0209732,1.418,1.376
1760851440.026296,1.396,1.378
1760851440.0316472,1.392,1.379
1760851440.0369754,1.38,1.38
1760851440.042385,1.393,1.381
1760851440.0477657,1.358,1.379
1760851440.053128,1.306,1.371
1760851440.0585234,1.422,1.376
1760851440.0638487,1.42,1.381
1760851440.0691776,1.391,1.382
1760851440.0745044,1.364,1.38
1760851440.0798302,1.345,1.376
1760851440.0851579,1.371,1.376
1760851440.0907304,1.255,1.364
1760851440.096124,1.23,1.35
1760851440.101454,1.408,1.356
1760851440.1067834,1.447,1.365
1760851440.1120782,1.429,1.372
1760851440.1174507,1.371,1.372
1760851440.1230855,1.432,1.378
1760851440.12848,1.364,1.376
1760851440.1341321,1.457,1.384
1760851440.1395357,1.431,1.389
1760851440.1449184,1.409,1.391
1760851440.1503017,1.403,1.392
1760851440.1563928,1.431,1.396
1760851440.1617737,1.407,1.397
1760851440.1671286,1.422,1.4
1760851440.172545,1.376,1.397
1760851440.1787872,1.437,1.401
1760851440.184143,1.395,1.401
1760851440.189484,1.415,1.402
1760851440.1948135,1.407,1.403
1760851440.2001407,1.431,1.405
1760851440.2054675,1.382,1.403
1760851440.210847,1.44,1.407
1760851440.2165043,1.44,1.41
1760851440.2218366,1.431,1.412
1760851440.2271886,1.404,1.411
1760851440.2325146,1.405,1.411
1760851440.2378428,1.418,1.411
1760851440.2435517,1.393,1.41
1760851440.2488742,1.377,1.406
1760851440.2542589,1.401,1.406
1760851440.2595837,1.4,1.405
1760851440.2649112,1.357,1.4
1760851440.270244,1.305,1.391
1760851440.2756882,1.328,1.385
1760851440.2810354,1.384,1.385
1760851440.286432,1.298,1.376
1760851440.2917674,1.449,1.383
1760851440.2970753,1.539,1.399
1760851440.3024085,1.459,1.405
1760851440.3077412,1.507,1.415
1760851440.313135,1.418,1.415
1760851440.3189466,1.413,1.415
1760851440.3243408,1.496,1.423
1760851440.329977,1.449,1.426
1760851440.3354828,1.354,1.419
1760851440.341246,1.337,1.41
1760851440.346649,1.38,1.407
1760851440.352036,1.514,1.418
1760851440.3577275,1.447,1.421
1760851440.3636146,1.418,1.421
1760851440.3690684,1.483,1.427
1760851440.3746805,1.449,1.429
1760851440.3806045,1.408,1.427
1760851440.3864567,1.459,1.43
1760851440.39191,1.459,1.433
1760851440.3976717,1.387,1.428
1760851440.403121,1.377,1.423
1760851440.408457,1.498,1.431
1760851440.4138415,1.497,1.437
1760851440.4191918,1.455,1.439
1760851440.4245186,1.422,1.437
1760851440.4298463,1.431,1.437
1760851440.435203,1.445,1.438
1760851440.4405398,1.448,1.439
1760851440.446093,1.39,1.434
1760851440.451428,1.442,1.435
1760851440.4567792,1.452,1.436
1760851440.4621077,1.457,1.438
1760851440.467436,1.457,1.44
1760851440.472734,1.455,1.442
1760851440.478061,1.477,1.445
1760851440.4834008,1.446,1.445
1760851440.4887233,1.424,1.443
1760851440.4940467,1.464,1.445
1760851440.4993708,1.457,1.446
1760851440.5046952,1.451,1.447
1760851440.5100226,1.46,1.448
1760851440.5161934,1.469,1.45
1760851440.521525,1.482,1.454
1760851440.526857,1.524,1.461
1760851440.5321953,1.522,1.467
1760851440.5375257,1.45,1.465
1760851440.5428512,1.547,1.473
1760851440.5482414,1.538,1.48
1760851440.5535712,1.53,1.485
1760851440.559154,1.499,1.486
1760851440.5644853,1.426,1.48
1760851440.5698154,1.388,1.471
1760851440.5751703,1.339,1.458
1760851440.5805025,1.37,1.449
1760851440.5858393,1.537,1.458
1760851440.591189,1.516,1.464
1760851440.59652,1.468,1.464
1760851440.6018481,1.475,1.465
1760851440.6071944,1.459,1.465
1760851440.612522,1.405,1.459
1760851440.6179109,1.369,1.45
1760851440.6237435,1.358,1.44
1760851440.6290722,1.281,1.425
1760851440.6345203,1.329,1.415
1760851440.6398485,1.272,1.401
1760851440.6451764,1.285,1.389
1760851440.6505003,1.185,1.369
1760851440.655825,1.094,1.341
1760851440.6611502,1.273,1.334
1760851440.666971,1.224,1.323
1760851440.6723957,1.177,1.309
1760851440.6781695,1.175,1.295
1760851440.6836865,1.198,1.286
1760851440.6892142,1.237,1.281
1760851440.6953394,1.268,1.28
1760851440.7006803,1.231,1.275
1760851440.706057,1.186,1.266
1760851440.711699,1.132,1.253
1760851440.717453,1.203,1.248
1760851440.723329,1.19,1.242
1760851440.729212,1.225,1.24
1760851440.7345855,1.177,1.234
1760851440.7399225,1.255,1.236
1760851440.7453625,1.303,1.243
1760851440.7507682,1.38,1.256
1760851440.7563624,1.301,1.261
1760851440.7617505,1.388,1.274
1760851440.7671006,1.34,1.28
1760851440.772808,1.298,1.282
1760851440.778324,1.289,1.283
1760851440.7836566,1.289,1.283
1760851440.788998,1.272,1.282
1760851440.7947605,1.198,1.274
1760851440.800565,1.271,1.274
1760851440.806426,1.282,1.274
1760851440.8117537,1.174,1.264
1760851440.8175244,1.285,1.266
1760851440.8229163,1.275,1.267
1760851440.828681,1.276,1.268
1760851440.8340569,1.268,1.268
1760851440.8397913,1.269,1.268
1760851440.8451278,1.269,1.268
1760851440.8504589,1.321,1.274
1760851440.8558023,1.314,1.278
1760851440.8614295,1.235,1.273
1760851440.8667574,1.336,1.28
1760851440.8720846,1.322,1.284
1760851440.8774183,1.306,1.286
1760851440.8827498,1.323,1.29
1760851440.8880737,1.328,1.294
1760851440.8933997,1.337,1.298
1760851440.8991752,1.285,1.297
1760851440.904503,1.298,1.297
1760851440.90983,1.313,1.298
1760851440.9153602,1.3,1.299
1760851440.9206927,1.292,1.298
1760851440.9260197,1.255,1.294
1760851440.9313457,1.332,1.297
1760851440.9367337,1.349,1.303
1760851440.942061,1.358,1.308
1760851440.9473934,1.314,1.309
1760851440.9527478,1.33,1.311
1760851440.9580796,1.314,1.311
1760851440.9634473,1.345,1.315
1760851440.9687803,1.303,1.313
1760851440.974111,1.284,1.31
1760851440.9794452,1.281,1.308
1760851440.9847753,1.157,1.292
1760851440.9901035,1.112,1.274
1760851440.9954314,1.306,1.278
1760851441.0010388,1.434,1.293
1760851441.0063605,1.413,1.305
1760851441.0116837,1.394,1.314
1760851441.017011,1.322,1.315
1760851441.0223958,1.326,1.316
1760851441.027722,1.427,1.327
1760851441.0331082,1.174,1.312
1760851441.0390718,1.378,1.318
1760851441.0443976,1.435,1.33
1760851441.0497203,1.384,1.336
1760851441.0550785,1.309,1.333
1760851441.0604124,1.348,1.334
1760851441.06574,1.363,1.337
1760851441.0713408,1.364,1.34
1760851441.0770211,1.343,1.34
1760851441.0824575,1.319,1.338
1760851441.0877883,1.335,1.338
1760851441.093354,1.351,1.339
1760851441.0987406,1.329,1.338
1760851441.1041274,1.353,1.34
1760851441.1095152,1.356,1.341
1760851441.1148508,1.366,1.344
1760851441.1207001,1.372,1.347
1760851441.126601,1.322,1.344
1760851441.1321912,1.447,1.354
1760851441.1379504,1.43,1.362
1760851441.1433744,1.391,1.365
1760851441.1487894,1.4,1.368
1760851441.1543746,1.43,1.375
1760851441.1597936,1.414,1.379
1760851441.1656806,1.38,1.379
1760851441.171107,1.362,1.377
1760851441.1769514,1.462,1.385
1760851441.182384,1.429,1.39
1760851441.1877537,1.414,1.392
1760851441.193158,1.374,1.39
1760851441.1987717,1.476,1.399
1760851441.2042866,1.479,1.407
1760851441.2098958,1.455,1.412
1760851441.2160666,1.453,1.416
1760851441.2218285,1.462,1.42
1760851441.2275937,1.447,1.423
1760851441.233013,1.426,1.423
1760851441.2385352,1.448,1.426
1760851441.2439263,1.417,1.425
1760851441.2493136,1.445,1.427
1760851441.2546477,1.409,1.425
1760851441.2600288,1.405,1.423
1760851441.2657826,1.44,1.425
1760851441.2716088,1.476,1.43
1760851441.2769902,1.442,1.431
1760851441.282491,1.401,1.428
1760851441.2878945,1.414,1.427
1760851441.2938375,1.45,1.429
1760851441.299323,1.45,1.431
1760851441.305183,1.374,1.425
1760851441.3106596,1.171,1.4
1760851441.3161108,1.364,1.396
1760851441.3218246,1.495,1.406
1760851441.3277106,1.473,1.413
1760851441.3333416,1.198,1.391
1760851441.339309,1.354,1.388
1760851441.34493,1.337,1.383
1760851441.3503382,1.488,1.393
1760851441.355757,1.519,1.406
1760851441.361146,1.318,1.397
1760851441.3670063,1.297,1.387
1760851441.3724132,1.317,1.38
1760851441.378171,1.221,1.364
1760851441.3835635,1.222,1.35
1760851441.3892906,1.198,1.335
1760851441.3947694,1.199,1.321
1760851441.4004805,1.146,1.304
1760851441.4063516,1.152,1.288
1760851441.4116843,1.089,1.268
1760851441.4170113,1.089,1.25
1760851441.4223423,1.1,1.235
1760851441.4276788,1.068,1.219
1760851441.4330103,1.072,1.204
1760851441.4383388,1.005,1.184
1760851441.4436693,1.148,1.18
1760851441.4490156,1.073,1.17
1760851441.454357,1.062,1.159
1760851441.459694,1.026,1.146
1760851441.4650226,1.036,1.135
1760851441.4703484,1.11,1.132
1760851441.4762876,1.037,1.123
1760851441.4816887,1.031,1.113
1760851441.4874816,1.102,1.112
1760851441.4928093,1.138,1.115
1760851441.4981823,1.181,1.122
1760851441.5035996,1.224,1.132
1760851441.5089877,1.145,1.133
1760851441.51454,1.163,1.136
1760851441.519918,1.073,1.13
1760851441.5254545,1.113,1.128
1760851441.530848,1.217,1.137
1760851441.5362287,1.187,1.142
1760851441.541946,1.173,1.145
1760851441.5473278,1.169,1.147
1760851441.5527284,1.173,1.15
1760851441.5582688,1.197,1.155
1760851441.5640788,1.175,1.157
1760851441.5699751,1.203,1.161
1760851441.5754037,1.176,1.163
1760851441.5812237,1.222,1.169
1760851441.5870357,1.237,1.176
1760851441.592925,1.193,1.177
1760851441.5983841,1.278,1.187
1760851441.6037695,1.256,1.194
1760851441.60921,1.254,1.2
1760851441.6148372,1.276,1.208
1760851441.6205993,1.289,1.216
1760851441.6259997,1.289,1.223
1760851441.6321595,1.264,1.227
1760851441.637918,1.289,1.234
1760851441.6433296,1.337,1.244
1760851441.6490974,1.356,1.255
1760851441.6544802,1.302,1.26
1760851441.6598632,1.341,1.268
1760851441.6660874,1.32,1.273
1760851441.671491,1.342,1.28
1760851441.6772468,1.343,1.286
1760851441.682679,1.327,1.29
1760851441.6880562,1.327,1.294
1760851441.693414,1.345,1.299
1760851441.6988628,1.336,1.303
1760851441.704239,1.315,1.304
1760851441.7096162,1.375,1.311
1760851441.7152617,1.339,1.314
1760851441.7210171,1.264,1.309
1760851441.7263947,1.314,1.309
1760851441.7318046,1.256,1.304
1760851441.737565,1.305,1.304
1760851441.7430182,1.302,1.304
1760851441.7484696,1.259,1.299
1760851441.753867,1.237,1.293
1760851441.7592878,1.281,1.292
1760851441.7648056,1.256,1.288
1760851441.7705636,1.224,1.282
1760851441.7760253,1.289,1.283
1760851441.781434,1.26,1.28
1760851441.7871778,1.23,1.275
1760851441.79263,1.287,1.276
1760851441.7989712,1.333,1.282
1760851441.8048882,1.308,1.285
1760851441.8107777,1.288,1.285
1760851441.8161974,1.292,1.286
1760851441.82196,1.302,1.287
1760851441.8276908,1.31,1.29
1760851441.833551,1.292,1.29
1760851441.838925,1.237,1.285
1760851441.8443391,1.237,1.28
1760851441.849666,1.284,1.28
1760851441.855078,1.397,1.292
1760851441.8604136,1.384,1.301
1760851441.8657382,1.393,1.31
1760851441.8711026,1.397,1.319
1760851441.8764954,1.388,1.326
1760851441.881837,1.364,1.33
1760851441.8871903,1.331,1.33
1760851441.8925257,1.416,1.338
1760851441.8979192,1.418,1.346
1760851441.9032612,1.377,1.349
1760851441.9085903,1.372,1.352
1760851441.9139986,1.326,1.349
1760851441.9194264,1.368,1.351
1760851441.9248383,1.411,1.357
1760851441.930174,1.342,1.355
1760851441.9355721,1.419,1.362
1760851441.9409037,1.354,1.361
1760851441.9463413,1.461,1.371
1760851441.9517663,1.438,1.378
1760851441.9575412,1.38,1.378
1760851441.9630077,1.455,1.386
1760851441.9683988,1.406,1.388
1760851441.9743106,1.418,1.391
1760851441.9797504,1.354,1.387
1760851441.9853408,1.431,1.391
1760851441.991142,1.436,1.396
1760851441.996595,1.495,1.406
1760851442.0019832,1.43,1.408
1760851442.0074058,1.405,1.408
1760851442.012728,1.418,1.409
1760851442.018056,1.432,1.411
1760851442.0234401,1.423,1.412
1760851442.0288367,1.411,1.412
1760851442.0342205,1.43,1.414
1760851442.0396273,1.431,1.416
1760851442.0450356,1.38,1.412
1760851442.0504239,1.374,1.408
1760851442.0557492,1.366,1.404
1760851442.0610816,1.385,1.402
1760851442.066655,1.457,1.408
1760851442.0720522,1.455,1.412
1760851442.077646,1.453,1.416
1760851442.08306,1.459,1.421
1760851442.0883973,1.409,1.42
1760851442.0938504,1.439,1.422
1760851442.0992014,1.405,1.42
1760851442.1046052,1.406,1.419
1760851442.110296,1.382,1.415
1760851442.1156297,1.365,1.41
1760851442.1209576,1.31,1.4
1760851442.1263063,1.277,1.388
1760851442.1318808,1.38,1.387
1760851442.137215,1.265,1.375
1760851442.1425457,1.327,1.37
1760851442.147945,1.525,1.386
1760851442.1532757,1.501,1.397
1760851442.1586027,1.517,1.409
1760851442.163956,1.509,1.419
1760851442.1694534,1.483,1.425
1760851442.1748388,1.453,1.428
1760851442.1801717,1.44,1.429
1760851442.1855245,1.417,1.428
1760851442.1908538,1.41,1.426
1760851442.1961973,1.405,1.424
1760851442.2015285,1.439,1.426
1760851442.2068605,1.452,1.428
1760851442.2122202,1.55,1.44
1760851442.2175486,1.578,1.454
1760851442.2228427,1.492,1.458
1760851442.2281735,1.509,1.463
1760851442.233504,1.505,1.467
1760851442.2388399,1.453,1.466
1760851442.24417,1.437,1.463
1760851442.2495008,1.466,1.463
1760851442.2548294,1.474,1.464
1760851442.2601602,1.434,1.461
1760851442.2654905,1.466,1.462
1760851442.2708192,1.405,1.456
1760851442.276151,1.442,1.455
1760851442.2814808,1.431,1.452
1760851442.2868085,1.321,1.439
1760851442.292137,1.409,1.436
1760851442.2974658,1.481,1.441
1760851442.3027942,1.432,1.44
1760851442.3081226,1.124,1.408
1760851442.3134599,1.397,1.407
1760851442.3187904,1.429,1.409
1760851442.3241205,1.509,1.419
1760851442.329456,1.426,1.42
1760851442.3347905,1.437,1.422
1760851442.3401227,1.177,1.397
1760851442.3454535,1.237,1.381
1760851442.3508084,1.264,1.369
1760851442.3561401,1.223,1.355
1760851442.3614728,1.036,1.323
1760851442.366887,1.097,1.3
1760851442.3722222,1.493,1.32
1760851442.3775527,1.517,1.339
1760851442.382892,1.266,1.332
1760851442.388425,1.029,1.302
1760851442.3937566,1.151,1.287
1760851442.3991172,0.941,1.252
1760851442.4044545,0.953,1.222
1760851442.4098065,0.805,1.18
1760851442.4152899,0.695,1.132
1760851442.420622,0.658,1.084
1760851442.4259527,0.75,1.051
1760851442.4314365,0.824,1.028
1760851442.4367685,0.805,1.006
1760851442.4421012,0.784,0.984
1760851442.4474416,0.67,0.952
1760851442.452797,0.689,0.926
1760851442.4581442,0.65,0.898
1760851442.463437,0.653,0.874
1760851442.468728,0.655,0.852
1760851442.474056,0.626,0.829
1760851442.4793725,0.704,0.817
1760851442.4846964,0.488,0.784
1760851442.4900208,0.583,0.764
1760851442.4953465,0.59,0.747
1760851442.5006733,0.503,0.722
1760851442.5059974,0.951,0.745
1760851442.5115314,0.976,0.768
1760851442.5168617,0.899,0.781
1760851442.5221922,0.95,0.798
1760851442.5275204,0.978,0.816
1760851442.532851,0.967,0.831
1760851442.5381827,1.03,0.851
1760851442.5435188,1.056,0.871
1760851442.5488539,1.027,0.887
1760851442.5541837,1.034,0.902
1760851442.559513,1.102,0.922
1760851442.5648441,1.165,0.946
1760851442.570174,1.186,0.97
1760851442.5755186,1.226,0.996
1760851442.5808473,1.204,1.016
1760851442.586179,1.224,1.037
1760851442.5915096,1.225,1.056
1760851442.5968451,1.235,1.074
1760851442.6021783,1.255,1.092
1760851442.6075134,1.353,1.118
1760851442.6128469,1.311,1.137
1760851442.618182,1.353,1.159
1760851442.6235175,1.351,1.178
1760851442.6288486,1.402,1.201
1760851442.634272,1.506,1.231
1760851442.6396277,1.297,1.238
1760851442.644967,1.442,1.258
1760851442.650302,1.52,1.284
1760851442.6556373,1.501,1.306
1760851442.66098,1.536,1.329
1760851442.6663125,1.457,1.342
1760851442.671647,1.314,1.339
1760851442.6774075,1.455,1.351
1760851442.6834044,1.424,1.358
1760851442.6887887,1.586,1.381
1760851442.6943712,1.695,1.412
1760851442.6997485,1.62,1.433
1760851442.7052546,1.621,1.452
1760851442.710918,1.546,1.461
1760851442.7166576,1.479,1.463
1760851442.7220602,1.436,1.46
1760851442.7276838,1.405,1.455
1760851442.733104,1.386,1.448
1760851442.7385657,1.368,1.44
1760851442.74396,1.281,1.424
1760851442.7493687,1.328,1.414
1760851442.7551951,1.31,1.404
1760851442.7606134,1.307,1.394
1760851442.7663782,1.355,1.39
1760851442.7717786,1.33,1.384
1760851442.7775314,1.268,1.373
1760851442.782943,1.302,1.366
1760851442.7883327,1.275,1.357
1760851442.7937372,1.354,1.356
1760851442.7991476,1.338,1.354
1760851442.8045533,1.365,1.356
1760851442.8099637,1.318,1.352
1760851442.815368,1.339,1.35
1760851442.8211293,1.31,1.346
1760851442.8265166,1.319,1.344
1760851442.8319032,1.264,1.336
1760851442.8372843,1.326,1.335
1760851442.8427255,1.362,1.338
1760851442.8481095,1.322,1.336
1760851442.8535044,1.341,1.336
1760851442.8589008,1.302,1.333
1760851442.8642287,1.333,1.333
1760851442.8695617,1.343,1.334
1760851442.875375,1.348,1.335
1760851442.881431,1.359,1.338
1760851442.8872147,1.334,1.337
1760851442.89262,1.323,1.336
1760851442.898067,1.305,1.333
1760851442.9033942,1.322,1.332
1760851442.9088037,1.314,1.33
1760851442.9143932,1.325,1.33
1760851442.9199793,1.427,1.339
1760851442.925687,1.467,1.352
1760851442.9319024,1.457,1.363
1760851442.9376652,1.435,1.37
1760851442.9431264,1.404,1.373
1760851442.9485862,1.43,1.379
1760851442.954367,1.427,1.384
1760851442.9600194,1.432,1.389
1760851442.9658272,1.388,1.389
1760851442.9712644,1.401,1.39
1760851442.9770246,1.403,1.391
1760851442.9826698,1.388,1.391
1760851442.988092,1.411,1.393
1760851442.993537,1.426,1.396
1760851442.9990244,1.351,1.392
1760851443.0044158,1.401,1.393
1760851443.009741,1.432,1.397
1760851443.0151405,1.426,1.399
1760851443.0204656,1.337,1.393
1760851443.0260334,1.472,1.401
1760851443.0314393,1.415,1.402
1760851443.0370064,1.612,1.423
1760851443.0425696,1.542,1.435
1760851443.047927,1.517,1.443
1760851443.0532527,1.492,1.448
1760851443.0586097,1.609,1.464
1760851443.0639408,1.594,1.477
1760851443.0693266,1.574,1.487
1760851443.0749035,1.565,1.495
1760851443.0806525,1.566,1.502
1760851443.0862277,1.506,1.502
1760851443.0916035,1.48,1.5
1760851443.0970025,1.534,1.503
1760851443.1024015,1.545,1.508
1760851443.108187,1.463,1.503
1760851443.1135793,1.424,1.495
1760851443.1189156,1.465,1.492
1760851443.124309,1.526,1.496
1760851443.1297302,1.556,1.502
1760851443.1356304,1.498,1.501
1760851443.14104,1.477,1.499
1760851443.1464906,1.517,1.501
1760851443.1518836,1.496,1.5
1760851443.1576445,1.488,1.499
1760851443.1635263,1.453,1.494
1760851443.1690202,1.474,1.492
1760851443.1744354,1.448,1.488
1760851443.1798477,1.483,1.487
1760851443.1852295,1.487,1.487
1760851443.1906056,1.443,1.483
1760851443.196047,1.539,1.489
1760851443.2014585,1.467,1.486
1760851443.2072494,1.505,1.488
1760851443.2130432,1.533,1.493
1760851443.2188444,1.492,1.493
1760851443.224682,1.491,1.492
1760851443.2302718,1.505,1.494
1760851443.236147,1.459,1.49
1760851443.241538,1.427,1.484
1760851443.2471962,1.503,1.486
1760851443.2525952,1.482,1.485
1760851443.2586043,1.502,1.487
1760851443.2643657,1.428,1.481
1760851443.270269,1.467,1.48
1760851443.2756734,1.457,1.478
1760851443.2812567,1.443,1.474
1760851443.287064,1.38,1.465
1760851443.2924798,1.388,1.457
1760851443.2978828,1.314,1.443
1760851443.303288,1.496,1.448
1760851443.3093314,1.501,1.453
1760851443.3151624,1.485,1.457
1760851443.320603,1.429,1.454
1760851443.325997,1.282,1.437
1760851443.331555,1.504,1.443
1760851443.3373175,1.517,1.451
1760851443.3427074,1.465,1.452
1760851443.3481617,1.492,1.456
1760851443.3535903,1.459,1.456
1760851443.359019,1.472,1.458
1760851443.3648355,1.463,1.458
1760851443.3706298,1.457,1.458
1760851443.3760767,1.472,1.46
1760851443.3816423,1.461,1.46
1760851443.3874261,1.409,1.455
1760851443.3928518,1.472,1.456
1760851443.398469,1.435,1.454
1760851443.4038525,1.405,1.449
1760851443.4092598,1.466,1.451
1760851443.4145935,1.455,1.451
1760851443.4199276,1.392,1.445
1760851443.4252603,1.495,1.45
1760851443.4305933,1.457,1.451
1760851443.4359314,1.505,1.456
1760851443.4412644,1.487,1.459
1760851443.446596,1.488,1.462
1760851443.4519317,1.459,1.462
1760851443.457294,1.485,1.464
1760851443.4626358,1.431,1.461
1760851443.4679637,1.436,1.459
1760851443.4733024,1.426,1.455
1760851443.4786367,1.443,1.454
1760851443.4839697,1.421,1.451
1760851443.4893177,1.4,1.446
1760851443.495166,1.405,1.442
1760851443.5004966,1.434,1.441
1760851443.505826,1.445,1.441
1760851443.5114005,1.413,1.438
1760851443.5177808,1.429,1.437
1760851443.5231411,1.44,1.438
1760851443.5284698,1.443,1.438
1760851443.5337996,1.416,1.436
1760851443.539157,1.4,1.432
1760851443.5444882,1.419,1.431
1760851443.5498521,1.413,1.429
1760851443.555208,1.414,1.428
1760851443.560627,1.343,1.419
1760851443.566331,1.414,1.419
1760851443.571756,1.341,1.411
1760851443.5775585,1.377,1.408
1760851443.583497,1.349,1.402
1760851443.5889583,1.557,1.417
1760851443.594728,1.53,1.429
1760851443.6001723,1.468,1.433
1760851443.6055672,1.411,1.43
1760851443.6109748,1.393,1.427
1760851443.61698,1.433,1.427
1760851443.6228495,1.38,1.423
1760851443.628264,1.418,1.422
1760851443.633719,1.408,1.421
1760851443.639349,1.397,1.418
1760851443.6447308,1.497,1.426
1760851443.6501448,1.518,1.435
1760851443.655513,1.538,1.446
1760851443.6609,1.405,1.442
1760851443.6666641,1.457,1.443
1760851443.6721005,1.453,1.444
1760851443.677911,1.456,1.445
1760851443.683455,1.409,1.442
1760851443.6888547,1.403,1.438
1760851443.6946738,1.359,1.43
1760851443.7000587,1.401,1.427
1760851443.7054427,1.302,1.415
1760851443.7108445,1.401,1.413
1760851443.7162435,1.419,1.414
1760851443.7220297,1.411,1.414
1760851443.7276971,1.378,1.41
1760851443.7331886,1.348,1.404
1760851443.7386508,1.367,1.4
1760851443.7440689,1.38,1.398
1760851443.7494636,1.385,1.397
1760851443.7548718,1.388,1.396
1760851443.760376,1.359,1.392
1760851443.7661805,1.405,1.393
1760851443.7716117,1.401,1.394
1760851443.7774777,1.44,1.399
1760851443.7828717,1.356,1.395
1760851443.7882288,1.405,1.396
1760851443.7936354,1.388,1.395
1760851443.800053,1.337,1.389
1760851443.8055193,1.345,1.385
1760851443.8109283,1.38,1.384
1760851443.8167362,1.369,1.383
1760851443.8230202,1.343,1.379
1760851443.8284147,1.354,1.376
1760851443.83381,1.418,1.38
1760851443.839904,1.328,1.375
1760851443.8453035,1.379,1.376
1760851443.8506932,1.405,1.378
1760851443.8560243,1.452,1.386
1760851443.8613486,1.379,1.385
1760851443.8671892,1.391,1.386
1760851443.872611,1.308,1.378
1760851443.8784924,1.338,1.374
1760851443.8839004,1.436,1.38
1760851443.889303,1.405,1.383
1760851443.8946977,1.321,1.376
1760851443.9000838,1.297,1.368
1760851443.9054747,1.473,1.379
1760851443.9109185,1.384,1.379
1760851443.916365,1.388,1.38
1760851443.9221327,1.432,1.385
1760851443.9280856,1.421,1.389
1760851443.9338813,1.405,1.391
1760851443.9393184,1.479,1.399
1760851443.9452672,1.405,1.4
1760851443.9507916,1.416,1.402
1760851443.956731,1.464,1.408
1760851443.9625278,1.468,1.414
1760851443.9679217,1.486,1.421
1760851443.9733803,1.437,1.423
1760851443.9791753,1.472,1.428
1760851443.9851596,1.434,1.428
1760851443.990923,1.494,1.435
1760851443.996917,1.431,1.434
1760851444.0023053,1.343,1.425
1760851444.0076792,1.43,1.426
1760851444.013011,1.546,1.438
1760851444.0183396,1.472,1.441
1760851444.0236735,1.405,1.438
1760851444.0290906,1.512,1.445
1760851444.0346417,1.538,1.454
1760851444.0399723,1.507,1.46
1760851444.045493,1.521,1.466
1760851444.0508237,1.459,1.465
1760851444.056156,1.474,1.466
1760851444.061486,1.44,1.463
1760851444.067324,1.398,1.457
1760851444.0727227,1.352,1.446
1760851444.078483,1.405,1.442
1760851444.0842667,1.462,1.444
1760851444.0899243,1.458,1.446
1760851444.0955253,1.404,1.441
1760851444.101285,1.424,1.44
1760851444.1070905,1.472,1.443
1760851444.1128528,1.531,1.452
1760851444.118272,1.384,1.445
1760851444.1236565,1.47,1.447
1760851444.1291096,1.459,1.449
1760851444.1345212,1.446,1.448
1760851444.1399615,1.418,1.445
1760851444.1455872,1.444,1.445
1760851444.151377,1.43,1.444
1760851444.1572106,1.426,1.442
1760851444.1629717,1.388,1.437
1760851444.168771,1.434,1.436
1760851444.1745338,1.421,1.435
1760851444.180427,1.407,1.432
1760851444.1861901,1.412,1.43
1760851444.1916938,1.433,1.43
1760851444.1975148,1.434,1.431
1760851444.2029574,1.459,1.434
1760851444.2087436,1.448,1.435
1760851444.2145538,1.4,1.431
1760851444.2203827,1.414,1.43
1760851444.226006,1.474,1.434
1760851444.2316182,1.455,1.436
1760851444.2373793,1.44,1.437
1760851444.2429595,1.45,1.438
1760851444.2483525,1.405,1.435
1760851444.2536857,1.393,1.431
1760851444.2591252,1.416,1.429
1760851444.299531,1.405,1.427
1760851444.304862,1.384,1.422
1760851444.310719,1.406,1.421
1760851444.3161447,1.438,1.422
1760851444.3220155,1.374,1.418
1760851444.3280163,1.382,1.414
1760851444.333954,1.354,1.408
1760851444.33978,1.418,1.409
1760851444.3451738,1.405,1.409
1760851444.3505476,1.416,1.409
1760851444.3560157,1.372,1.406
1760851444.3617837,1.393,1.404
1760851444.3676705,1.372,1.401
1760851444.3734758,1.33,1.394
1760851444.3789241,1.388,1.393
1760851444.3844576,1.399,1.394
1760851444.39032,1.465,1.401
1760851444.3957806,1.476,1.409
1760851444.4013786,1.465,1.414
1760851444.4071674,1.475,1.42
1760851444.412553,1.517,1.43
1760851444.4178889,1.466,1.434
1760851444.4232361,1.415,1.432
1760851444.4285712,1.457,1.434
1760851444.4339044,1.428,1.434
1760851444.4392405,1.447,1.435
1760851444.4445717,1.444,1.436
1760851444.4499087,1.467,1.439
1760851444.4552934,1.533,1.448
1760851444.460624,1.493,1.453
1760851444.4660087,1.439,1.451
1760851444.4716897,1.501,1.456
1760851444.4770184,1.504,1.461
1760851444.4823563,1.481,1.463
1760851444.4877534,1.478,1.465
1760851444.4931984,1.405,1.459
1760851444.4987547,1.55,1.468
1760851444.5041714,1.702,1.491
1760851444.5096,1.6,1.502
1760851444.5154505,1.62,1.514
1760851444.5212204,1.599,1.522
1760851444.5270271,1.539,1.524
1760851444.532792,1.543,1.526
1760851444.538184,1.567,1.53
1760851444.5436032,1.524,1.53
1760851444.5492046,1.463,1.523
1760851444.5549726,1.405,1.511
1760851444.560822,1.538,1.514
1760851444.5666335,1.463,1.509
1760851444.5724683,1.376,1.495
1760851444.5782285,1.475,1.493
1760851444.5836253,1.675,1.511
1760851444.5897593,1.584,1.519
1760851444.595194,1.585,1.525
1760851444.6005752,1.53,1.526
1760851444.6063893,1.556,1.529
1760851444.6117685,1.535,1.529
1760851444.6173282,1.501,1.527
1760851444.6227374,1.517,1.526
1760851444.6281335,1.509,1.524
1760851444.6336067,1.521,1.524
1760851444.6394544,1.506,1.522
1760851444.6452923,1.483,1.518
1760851444.6507175,1.51,1.517
1760851444.656168,1.534,1.519
1760851444.661926,1.522,1.519
1760851444.6675828,1.555,1.523
1760851444.6733434,1.568,1.527
1760851444.6787405,1.53,1.528
1760851444.6841424,1.559,1.531
1760851444.689577,1.539,1.532
1760851444.6949587,1.606,1.539
1760851444.7003396,1.59,1.544
1760851444.70572,1.586,1.548
1760851444.7111387,1.551,1.549
1760851444.716954,1.546,1.548
1760851444.7223353,1.592,1.553
1760851444.7277453,1.571,1.555
1760851444.7335598,1.534,1.553
1760851444.7390294,1.539,1.551
1760851444.7444293,1.525,1.549
1760851444.749968,1.508,1.545
1760851444.7553647,1.451,1.535
1760851444.761247,1.535,1.535
1760851444.7670927,1.482,1.53
1760851444.7734776,1.524,1.529
1760851444.7788758,1.507,1.527
1760851444.7844596,1.439,1.518
1760851444.7898543,1.234,1.49
1760851444.7952816,1.54,1.495
1760851444.801351,1.479,1.493
1760851444.8072202,1.49,1.493
1760851444.812993,1.476,1.491
1760851444.8184588,1.431,1.485
1760851444.8238435,1.405,1.477
1760851444.829247,1.408,1.47
1760851444.8348966,1.377,1.461
1760851444.8408153,1.284,1.443
1760851444.8463278,1.199,1.419
1760851444.8516746,1.268,1.404
1760851444.8569984,1.328,1.396
1760851444.8623564,1.39,1.396
1760851444.8678548,1.347,1.391
1760851444.8736107,1.345,1.386
1760851444.8797345,1.308,1.378
1760851444.8855057,1.289,1.369
1760851444.8913007,1.235,1.356
1760851444.896707,1.255,1.346
1760851444.902475,1.237,1.335
1760851444.907876,1.178,1.319
1760851444.9136372,1.237,1.311
1760851444.9245613,1.517,1.376
1760851444.9298742,1.56,1.395
1760851444.9352448,1.596,1.415
1760851444.9406695,1.569,1.43
1760851444.9460595,1.52,1.439
1760851444.95158,1.482,1.444
1760851444.9569108,1.403,1.44
1760851444.9623578,1.53,1.449
1760851444.967725,1.509,1.455
1760851444.9730606,1.455,1.455
1760851444.978438,1.426,1.452
1760851444.9838526,1.498,1.456
1760851444.9891887,1.387,1.449
1760851444.9948533,1.431,1.448
1760851445.0002732,1.459,1.449
1760851445.0056174,1.431,1.447
1760851445.0109591,1.405,1.443
1760851445.0162828,1.402,1.439
1760851445.0215912,1.359,1.431
1760851445.026857,1.382,1.426
1760851445.0321865,1.35,1.418
1760851445.0375113,1.344,1.411
1760851445.0428975,1.35,1.405
1760851445.0482783,1.34,1.398
1760851445.053736,1.355,1.394
1760851445.0594966,1.339,1.389
1760851445.064822,1.343,1.384
1760851445.0703912,1.352,1.381
1760851445.0757644,1.347,1.377
1760851445.0811603,1.354,1.375
1760851445.086537,1.334,1.371
1760851445.0919762,1.339,1.368
1760851445.0973396,1.38,1.369
1760851445.1027355,1.328,1.365
1760851445.1080585,1.328,1.361
1760851445.1133826,1.377,1.363
1760851445.119162,1.384,1.365
1760851445.1245458,1.401,1.368
1760851445.1301813,1.393,1.371
1760851445.1355717,1.419,1.376
1760851445.141336,1.418,1.38
1760851445.1467268,1.415,1.383
1760851445.152589,1.422,1.387
1760851445.1583142,1.444,1.393
1760851445.1637225,1.429,1.397
1760851445.1695313,1.382,1.395
1760851445.17492,1.423,1.398
1760851445.1803,1.463,1.404
1760851445.1860604,1.464,1.41
1760851445.191685,1.461,1.415
1760851445.1974416,1.455,1.419
1760851445.2028275,1.424,1.42
1760851445.2081609,1.424,1.42
1760851445.2134905,1.395,1.418
1760851445.2188213,1.431,1.419
1760851445.2242084,1.462,1.423
1760851445.2295372,1.442,1.425
1760851445.2348692,1.436,1.426
1760851445.2408018,1.406,1.424
1760851445.2461884,1.453,1.427
1760851445.2515833,1.44,1.428
1760851445.257352,1.418,1.427
1760851445.2626839,1.359,1.42
1760851445.2680683,1.358,1.414
1760851445.273477,1.485,1.421
1760851445.2788095,1.458,1.425
1760851445.284525,1.44,1.426
1760851445.2903562,1.427,1.427
1760851445.295868,1.433,1.427
1760851445.3016024,1.431,1.428
1760851445.3073766,1.447,1.429
1760851445.3128142,1.443,1.431
1760851445.318319,1.391,1.427
1760851445.323652,1.34,1.418
1760851445.3289804,1.402,1.417
1760851445.334665,1.433,1.418
1760851445.3401177,1.401,1.417
1760851445.3458989,1.403,1.415
1760851445.3513098,1.405,1.414
1760851445.357173,1.388,1.412
1760851445.3625998,1.43,1.413
1760851445.3681867,1.343,1.406
1760851445.3738108,1.405,1.406
1760851445.3793447,1.408,1.406
1760851445.3847632,1.401,1.406
1760851445.3906431,1.382,1.404
1760851445.3964822,1.376,1.401
1760851445.4018722,1.379,1.399
1760851445.4075353,1.447,1.403
1760851445.4128635,1.372,1.4
1760851445.4184659,1.371,1.397
1760851445.4237926,1.426,1.4
1760851445.4291232,1.379,1.398
1760851445.4344547,1.379,1.396
1760851445.4397829,1.38,1.394
1760851445.4451003,1.38,1.393
1760851445.4504387,1.353,1.389
1760851445.455793,1.343,1.384
1760851445.4611216,1.34,1.38
1760851445.4664466,1.348,1.377
1760851445.4717727,1.326,1.372
1760851445.4771013,1.308,1.365
1760851445.4824307,1.364,1.365
1760851445.4877625,1.341,1.363
1760851445.4930887,1.312,1.358
1760851445.498418,1.256,1.348
1760851445.503749,1.353,1.348
1760851445.509081,1.368,1.35
1760851445.514468,1.367,1.352
1760851445.5198612,1.285,1.345
1760851445.5256853,1.278,1.338
1760851445.5312276,1.369,1.342
1760851445.536982,1.3,1.337
1760851445.5428886,1.283,1.332
1760851445.5487227,1.186,1.317
1760851445.5544872,1.365,1.322
1760851445.559896,1.413,1.331
1760851445.5653632,1.496,1.348
1760851445.5712862,1.443,1.357
1760851445.576693,1.422,1.364
1760851445.5820537,1.483,1.376
1760851445.5874972,1.429,1.381
1760851445.593295,1.388,1.382
1760851445.598817,1.431,1.387
1760851445.6042066,1.398,1.388
1760851445.609688,1.384,1.387
1760851445.6151302,1.347,1.383
1760851445.6207113,1.379,1.383
1760851445.626137,1.365,1.381
1760851445.6315174,1.367,1.38
1760851445.6368887,1.349,1.377
1760851445.6422732,1.417,1.381
1760851445.6476603,1.414,1.384
1760851445.6534739,1.293,1.375
1760851445.658849,1.367,1.374
1760851445.6642463,1.517,1.388
1760851445.6696892,1.54,1.404
1760851445.6751177,1.52,1.415
1760851445.6808727,1.453,1.419
1760851445.6866415,1.484,1.425
1760851445.6920393,1.596,1.443
1760851445.6978884,1.64,1.462
1760851445.7036514,1.637,1.48
1760851445.709085,1.678,1.5
1760851445.714664,1.639,1.513
1760851445.720749,1.629,1.525
1760851445.7261426,1.621,1.535
1760851445.7316854,1.661,1.547
1760851445.7374482,1.639,1.556
1760851445.7428577,1.584,1.559
1760851445.7482543,1.646,1.568
1760851445.7536418,1.74,1.585
1760851445.7590866,1.708,1.597
1760851445.7644975,1.679,1.605
1760851445.7701862,1.694,1.614
1760851445.7755668,1.663,1.619
1760851445.781339,1.676,1.625
1760851445.7867486,1.667,1.629
1760851445.7921362,1.592,1.625
1760851445.7979038,1.514,1.614
1760851445.803307,1.662,1.619
1760851445.8090672,1.613,1.618
1760851445.8147967,1.611,1.618
1760851445.8206017,1.586,1.614
1760851445.826256,1.517,1.605
1760851445.8316603,1.527,1.597
1760851445.837413,1.54,1.591
1760851445.8433173,1.511,1.583
1760851445.848702,1.469,1.572
1760851445.854094,1.469,1.562
1760851445.8594167,1.484,1.554
1760851445.8648021,1.458,1.544
1760851445.8701286,1.455,1.535
1760851445.8755023,1.406,1.522
1760851445.881167,1.372,1.507
1760851445.8869247,1.333,1.49
1760851445.8923407,1.301,1.471
1760851445.8981645,1.302,1.454
1760851445.9035637,1.314,1.44
1760851445.9089918,1.276,1.424
1760851445.9146838,1.291,1.41
1760851445.9206383,1.236,1.393
1760851445.9261644,1.301,1.384
1760851445.9315863,1.295,1.375
1760851445.9373536,1.254,1.363
1760851445.9435153,1.292,1.356
1760851445.9492843,1.357,1.356
1760851445.9548063,1.359,1.356
1760851445.9602242,1.345,1.355
1760851445.9659207,1.324,1.352
1760851445.9713702,1.355,1.352
1760851445.9771264,1.406,1.358
1760851445.9825563,1.378,1.36
1760851445.9879425,1.332,1.357
1760851445.9933238,1.356,1.357
1760851445.9987075,1.45,1.366
1760851446.0040407,1.449,1.374
1760851446.0093355,1.424,1.379
1760851446.0146608,1.418,1.383
1760851446.0199842,1.458,1.391
1760851446.0253134,1.474,1.399
1760851446.0306525,1.511,1.41
1760851446.0359867,1.504,1.42
1760851446.0414262,1.532,1.431
1760851446.047221,1.504,1.438
1760851446.0530121,1.499,1.444
1760851446.0583947,1.525,1.452
1760851446.0637238,1.514,1.458
1760851446.0692346,1.509,1.464
1760851446.0746887,1.505,1.468
1760851446.0801005,1.484,1.469
1760851446.0859993,1.437,1.466
1760851446.0916934,1.456,1.465
1760851446.0973399,1.501,1.469
1760851446.1027477,1.491,1.471
1760851446.1086266,1.488,1.473
1760851446.1143885,1.45,1.47
1760851446.1198053,1.407,1.464
1760851446.1252718,1.402,1.458
1760851446.1310654,1.404,1.452
1760851446.1368377,1.362,1.443
1760851446.14225,1.376,1.437
1760851446.1477513,1.304,1.423
1760851446.1533487,1.265,1.408
1760851446.1593554,1.255,1.392
1760851446.164864,1.21,1.374
1760851446.1713033,1.163,1.353
1760851446.177062,1.143,1.332
1760851446.1825926,1.108,1.31
1760851446.187992,1.169,1.295
1760851446.1938818,1.156,1.282
1760851446.1992948,1.186,1.272
1760851446.2052815,1.189,1.264
1760851446.2108662,1.159,1.253
1760851446.2171571,1.177,1.246
1760851446.2226732,1.208,1.242
1760851446.2280648,1.189,1.237
1760851446.2336931,1.194,1.232
1760851446.240053,1.201,1.229
1760851446.2457817,1.185,1.225
1760851446.2514806,1.224,1.225
1760851446.257243,1.191,1.221
1760851446.2630308,1.226,1.222
1760851446.2684786,1.2,1.22
1760851446.2744024,1.183,1.216
1760851446.279809,1.237,1.218
1760851446.28521,1.237,1.22
1760851446.2909691,1.221,1.22
1760851446.2967353,1.229,1.221
1760851446.3025002,1.276,1.226
1760851446.3079073,1.276,1.231
1760851446.3133104,1.272,1.236
1760851446.3187263,1.264,1.238
1760851446.3241575,1.282,1.243
1760851446.329746,1.266,1.245
1760851446.33517,1.29,1.25
1760851446.341043,1.38,1.263
1760851446.3468149,1.414,1.278
1760851446.3525827,1.397,1.29
1760851446.3583956,1.39,1.3
1760851446.3643076,1.398,1.31
1760851446.3702612,1.318,1.31
1760851446.3758378,1.315,1.311
1760851446.3815298,1.34,1.314
1760851446.387165,1.336,1.316
1760851446.3929238,1.303,1.315
1760851446.3983316,1.328,1.316
1760851446.4037278,1.342,1.319
1760851446.409147,1.286,1.315
1760851446.4144874,1.237,1.308
1760851446.41982,1.289,1.306
1760851446.4251544,1.355,1.311
1760851446.4304838,1.359,1.316
1760851446.435816,1.306,1.315
1760851446.44115,1.253,1.309
1760851446.4464834,1.213,1.299
1760851446.4518192,1.405,1.31
1760851446.4571664,1.378,1.316
1760851446.4625108,1.38,1.323
1760851446.4678571,1.367,1.327
1760851446.473184,1.353,1.33
1760851446.47851,1.38,1.335
1760851446.4839535,1.343,1.336
1760851446.4893477,1.35,1.337
1760851446.494734,1.384,1.342
1760851446.5001187,1.328,1.34
1760851446.505548,1.303,1.337
1760851446.5114408,1.324,1.335
1760851446.5171986,1.38,1.34
1760851446.522705,1.326,1.339
1760851446.5280976,1.363,1.341
1760851446.533496,1.431,1.35
1760851446.538912,1.365,1.351
1760851446.544338,1.34,1.35
1760851446.5497973,1.311,1.346
1760851446.5552237,1.41,1.353
1760851446.560659,1.397,1.357
1760851446.5668976,1.377,1.359
1760851446.5722966,1.391,1.362
1760851446.5780528,1.411,1.367
1760851446.5837,1.38,1.368
1760851446.5891092,1.43,1.375
1760851446.5946567,1.378,1.375
1760851446.6001127,1.431,1.381
1760851446.6058664,1.405,1.383
1760851446.6116533,1.41,1.386
1760851446.6174612,1.422,1.389
1760851446.6233544,1.431,1.394
1760851446.6287851,1.432,1.397
1760851446.6345544,1.439,1.402
1760851446.6404867,1.398,1.401
1760851446.6459155,1.445,1.406
1760851446.6513278,1.447,1.41
1760851446.6567736,1.393,1.408
1760851446.6625931,1.426,1.41
1760851446.6679924,1.493,1.418
1760851446.6733432,1.458,1.422
1760851446.6787317,1.437,1.424
1760851446.684115,1.457,1.427
1760851446.6895025,1.445,1.429
1760851446.6948774,1.442,1.43
1760851446.7002668,1.443,1.432
1760851446.7055967,1.477,1.436
1760851446.710975,1.463,1.439
1760851446.717092,1.397,1.435
1760851446.7224681,1.45,1.436
1760851446.7278519,1.424,1.435
1760851446.7331774,1.434,1.435
1760851446.738828,1.427,1.434
1760851446.744357,1.433,1.434
1760851446.7497766,1.409,1.432
1760851446.7555592,1.458,1.434
1760851446.761076,1.423,1.433
1760851446.7669582,1.43,1.433
1760851446.7727232,1.426,1.432
1760851446.7782013,1.431,1.432
1760851446.783634,1.457,1.434
1760851446.7894082,1.45,1.436
1760851446.7948155,1.38,1.43
1760851446.800195,1.442,1.432
1760851446.8055696,1.39,1.427
1760851446.8114345,1.361,1.421
1760851446.8172133,1.458,1.424
1760851446.8227942,1.434,1.425
1760851446.8281837,1.38,1.421
1760851446.8339353,1.417,1.42
1760851446.8397102,1.445,1.423
1760851446.845207,1.451,1.426
1760851446.850943,1.418,1.425
1760851446.8563275,1.44,1.426
1760851446.8616679,1.431,1.427
1760851446.8675609,1.477,1.432
1760851446.8731604,1.436,1.432
1760851446.8786137,1.457,1.435
1760851446.8840063,1.418,1.433
1760851446.8895073,1.413,1.431
1760851446.8949115,1.397,1.428
1760851446.9003177,1.455,1.43
1760851446.906194,1.422,1.43
1760851446.9116938,1.443,1.431
1760851446.9173064,1.445,1.432
1760851446.9229097,1.43,1.432
1760851446.9283085,1.417,1.431
1760851446.9341984,1.437,1.431
1760851446.9398704,1.398,1.428
1760851446.945227,1.4,1.425
1760851446.9510107,1.405,1.423
1760851446.9563882,1.48,1.429
1760851446.9617183,1.434,1.429
1760851446.9670665,1.444,1.431
1760851446.972399,1.423,1.43
1760851446.9777355,1.391,1.426
1760851446.983097,1.42,1.426
1760851446.988501,1.388,1.422
1760851446.9938934,1.362,1.416
1760851446.9992182,1.372,1.411
1760851447.0045338,1.329,1.403
1760851447.0098586,1.354,1.398
1760851447.0151966,1.32,1.39
1760851447.0205302,1.341,1.385
1760851447.0258543,1.354,1.382
1760851447.0312088,1.336,1.378
1760851447.036541,1.375,1.377
1760851447.0419536,1.395,1.379
1760851447.0476894,1.381,1.379
1760851447.0530567,1.334,1.375
1760851447.0585644,1.253,1.363
1760851447.0639834,1.34,1.36
1760851447.0694077,1.33,1.357
1760851447.0748196,1.314,1.353
1760851447.0811276,1.276,1.345
1760851447.0865383,1.304,1.341
1760851447.0919416,1.372,1.344
1760851447.0976949,1.416,1.351
1760851447.1031272,1.447,1.361
1760851447.108867,1.48,1.373
1760851447.114632,1.467,1.382
1760851447.120017,1.48,1.392
1760851447.1258168,1.359,1.389
1760851447.131224,1.341,1.384
1760851447.1369767,1.403,1.386
1760851447.1423767,1.364,1.384
1760851447.1477716,1.457,1.391
1760851447.1531038,1.47,1.399
1760851447.1585228,1.439,1.403
1760851447.1639094,1.431,1.406
1760851447.1698434,1.384,1.404
1760851447.1752708,1.422,1.406
1760851447.1806486,1.434,1.408
1760851447.1860445,1.43,1.411
1760851447.1913404,1.446,1.414
1760851447.196595,1.495,1.422
1760851447.2023704,1.48,1.428
1760851447.2076967,1.443,1.43
1760851447.213449,1.454,1.432
1760851447.2190237,1.488,1.438
1760851447.2247796,1.423,1.436
1760851447.2306108,1.449,1.437
1760851447.2359939,1.43,1.437
1760851447.241678,1.406,1.434
1760851447.2474763,1.484,1.439
1760851447.2528129,1.48,1.443
1760851447.2582023,1.501,1.449
1760851447.2635856,1.458,1.45
1760851447.269385,1.459,1.451
1760851447.2747986,1.447,1.45
1760851447.280176,1.431,1.448
1760851447.2856112,1.453,1.449
1760851447.2914844,1.405,1.444
1760851447.29724,1.405,1.44
1760851447.302739,1.44,1.44
1760851447.3083096,1.43,1.439
1760851447.314066,1.414,1.437
1760851447.3194923,1.455,1.439
1760851447.3249018,1.431,1.438
1760851447.3307962,1.443,1.438
1760851447.33618,1.44,1.439
1760851447.3419406,1.409,1.436
1760851447.3476834,1.408,1.433
1760851447.3532507,1.384,1.428
1760851447.3586388,1.426,1.428
1760851447.3640409,1.394,1.424
1760851447.3700569,1.382,1.42
1760851447.3754413,1.409,1.419
1760851447.3808334,1.365,1.414
1760851447.3864663,1.361,1.408
1760851447.391882,1.356,1.403
1760851447.3976374,1.356,1.399
1760851447.4030552,1.372,1.396
1760851447.4084544,1.367,1.393
1760851447.4137883,1.38,1.392
1760851447.4191444,1.428,1.395
1760851447.4244814,1.383,1.394
1760851447.4298124,1.393,1.394
1760851447.435164,1.411,1.396
1760851447.4404893,1.413,1.397
1760851447.445833,1.39,1.397
1760851447.4511755,1.422,1.399
1760851447.4565191,1.395,1.399
1760851447.4618173,1.416,1.4
1760851447.4671655,1.383,1.399
1760851447.4724903,1.376,1.396
1760851447.4778848,1.354,1.392
1760851447.4832208,1.394,1.392
1760851447.4886131,1.365,1.39
1760851447.4939392,1.278,1.378
1760851447.4996538,1.359,1.376
1760851447.5049863,1.534,1.392
1760851447.5103257,1.433,1.396
1760851447.5156634,1.492,1.406
1760851447.521067,1.504,1.416
1760851447.526885,1.465,1.421
1760851447.5323844,1.435,1.422
1760851447.5381424,1.397,1.419
1760851447.5437858,1.396,1.417
1760851447.549529,1.457,1.421
1760851447.555021,1.397,1.419
1760851447.5606296,1.377,1.414
1760851447.566574,1.225,1.396
1760851447.57201,1.268,1.383
1760851447.577769,1.33,1.378
1760851447.5832849,1.355,1.375
1760851447.589048,1.272,1.365
1760851447.5948086,1.321,1.361
1760851447.6002588,1.289,1.353
1760851447.6060185,1.221,1.34
1760851447.6114047,1.207,1.327
