timestamp,raw,filtered
1760851371.2157838,1.384,1.428
1760851371.2211485,1.453,1.43
1760851371.2264988,1.458,1.433
1760851371.2318442,1.418,1.431
1760851371.2371554,1.354,1.424
1760851371.2424614,1.411,1.422
1760851371.2477927,1.433,1.423
1760851371.2530947,1.407,1.422
1760851371.2584355,1.333,1.413
1760851371.2637715,1.447,1.416
1760851371.2691648,1.393,1.414
1760851371.2747445,1.387,1.411
1760851371.280133,1.405,1.411
1760851371.2855222,1.421,1.412
1760851371.2909122,1.434,1.414
1760851371.2963018,1.403,1.413
1760851371.3016875,1.379,1.409
1760851371.3079526,1.418,1.41
1760851371.3133752,1.443,1.414
1760851371.3187861,1.378,1.41
1760851371.3241856,1.393,1.408
1760851371.3295827,1.436,1.411
1760851371.335005,1.493,1.419
1760851371.3404133,1.405,1.418
1760851371.3458264,1.404,1.417
1760851371.3513868,1.418,1.417
1760851371.3571558,1.445,1.419
1760851371.362946,1.397,1.417
1760851371.3691185,1.459,1.421
1760851371.374877,1.426,1.422
1760851371.3802886,1.458,1.425
1760851371.3860602,1.409,1.424
1760851371.3916597,1.407,1.422
1760851371.3974297,1.422,1.422
1760851371.4028223,1.453,1.425
1760851371.4082117,1.392,1.422
1760851371.4135518,1.416,1.421
1760851371.4188883,1.422,1.421
1760851371.4242258,1.457,1.425
1760851371.4298458,1.401,1.423
1760851371.435204,1.392,1.42
1760851371.4405408,1.426,1.42
1760851371.445878,1.452,1.423
1760851371.4512384,1.405,1.422
1760851371.4565907,1.405,1.42
1760851371.4619212,1.437,1.422
1760851371.4672744,1.461,1.426
1760851371.4726326,1.41,1.424
1760851371.477982,1.407,1.422
1760851371.4833572,1.431,1.423
1760851371.4887033,1.453,1.426
1760851371.4940374,1.409,1.425
1760851371.499389,1.401,1.422
1760851371.5046763,1.417,1.422
1760851371.5100229,1.456,1.425
1760851371.5153384,1.395,1.422
1760851371.520679,1.408,1.421
1760851371.5260172,1.421,1.421
1760851371.5313303,1.446,1.423
1760851371.5366762,1.396,1.42
1760851371.542017,1.363,1.415
1760851371.5473604,1.392,1.412
1760851371.5526917,1.457,1.417
1760851371.5579379,1.392,1.414
1760851371.5632424,1.397,1.413
1760851371.5685847,1.395,1.411
1760851371.5739198,1.448,1.415
1760851371.5793061,1.411,1.414
1760851371.5846865,1.405,1.413
1760851371.5900705,1.398,1.412
1760851371.5954142,1.457,1.416
1760851371.600766,1.392,1.414
1760851371.6061022,1.397,1.412
1760851371.6114373,1.405,1.411
1760851371.6167674,1.463,1.417
1760851371.6221511,1.348,1.41
1760851371.6274853,1.405,1.409
1760851371.6328278,1.434,1.412
1760851371.6382077,1.461,1.417
1760851371.643561,1.404,1.415
1760851371.6488895,1.388,1.413
1760851371.6542175,1.392,1.411
1760851371.659552,1.461,1.416
1760851371.6648808,1.401,1.414
1760851371.6702127,1.384,1.411
1760851371.6755636,1.431,1.413
1760851371.6808925,1.459,1.418
1760851371.6862473,1.394,1.415
1760851371.6915483,1.409,1.415
1760851371.6968775,1.435,1.417
1760851371.702221,1.416,1.417
1760851371.7075517,1.405,1.416
1760851371.7128856,1.405,1.415
1760851371.7182243,1.323,1.405
1760851371.7235565,1.456,1.41
1760851371.7288961,1.405,1.41
1760851371.7342699,1.408,1.41
1760851371.7396016,1.409,1.41
1760851371.7449412,1.461,1.415
1760851371.750304,1.405,1.414
1760851371.7556427,1.391,1.412
1760851371.7609792,1.401,1.411
1760851371.7665784,1.43,1.413
1760851371.7719166,1.402,1.412
1760851371.7772472,1.401,1.41
1760851371.7826552,1.417,1.411
1760851371.7879903,1.509,1.421
1760851371.7933214,1.403,1.419
1760851371.7986512,1.401,1.417
1760851371.8039846,1.434,1.419
1760851371.809327,1.45,1.422
1760851371.815103,1.401,1.42
1760851371.8204305,1.421,1.42
1760851371.8258507,1.413,1.419
1760851371.8312042,1.431,1.42
1760851371.836533,1.392,1.418
1760851371.8418608,1.385,1.414
1760851371.847216,1.429,1.416
1760851371.8525488,1.446,1.419
1760851371.8582635,1.405,1.417
1760851371.8635988,1.385,1.414
1760851371.8689282,1.434,1.416
1760851371.874324,1.447,1.419
1760851371.879713,1.391,1.416
1760851371.885052,1.397,1.414
1760851371.8903928,1.433,1.416
1760851371.8956876,1.457,1.42
1760851371.9009624,1.413,1.419
1760851371.9062464,1.405,1.418
1760851371.911514,1.415,1.418
1760851371.9167676,1.446,1.421
1760851371.9221263,1.394,1.418
1760851371.9274638,1.401,1.416
1760851371.932808,1.434,1.418
1760851371.938151,1.456,1.422
1760851371.9434848,1.418,1.421
1760851371.948819,1.405,1.42
1760851371.9541566,1.426,1.42
1760851371.959489,1.457,1.424
1760851371.9648206,1.397,1.421
1760851371.970155,1.398,1.419
1760851371.9754834,1.427,1.42
1760851371.980829,1.423,1.42
1760851371.9861627,1.381,1.416
1760851371.991498,1.413,1.416
1760851371.9968376,1.423,1.417
1760851372.002172,1.455,1.42
1760851372.0074997,1.39,1.417
1760851372.0133355,1.406,1.416
1760851372.0186644,1.398,1.414
1760851372.0239959,1.456,1.419
1760851372.0299044,1.405,1.417
1760851372.0352619,1.397,1.415
1760851372.0405977,1.393,1.413
1760851372.0459561,1.44,1.416
1760851372.0512931,1.333,1.407
1760851372.0566254,1.384,1.405
1760851372.0619533,1.405,1.405
1760851372.0675538,1.429,1.407
1760851372.0728846,1.389,1.406
1760851372.0782125,1.372,1.402
1760851372.0835516,1.405,1.402
1760851372.0888796,1.42,1.404
1760851372.0942109,1.38,1.402
1760851372.0995255,1.359,1.397
1760851372.104858,1.405,1.398
1760851372.1101997,1.405,1.399
1760851372.1156087,1.356,1.395
1760851372.1209393,1.355,1.391
1760851372.1262696,1.362,1.388
1760851372.1315987,1.409,1.39
1760851372.1369317,1.349,1.386
1760851372.1422708,1.343,1.382
1760851372.1476057,1.368,1.38
1760851372.1529436,1.366,1.379
1760851372.1583512,1.336,1.375
1760851372.1636696,1.342,1.371
1760851372.1690006,1.366,1.371
1760851372.1743293,1.413,1.375
1760851372.1796858,1.339,1.371
1760851372.1850164,1.352,1.37
1760851372.190344,1.363,1.369
1760851372.1956737,1.392,1.371
1760851372.2010033,1.33,1.367
1760851372.2063453,1.347,1.365
1760851372.211651,1.368,1.365
1760851372.2169821,1.405,1.369
1760851372.222315,1.354,1.368
1760851372.227654,1.266,1.358
1760851372.2329917,1.365,1.358
1760851372.2386963,1.388,1.361
1760851372.244027,1.333,1.358
1760851372.2493553,1.336,1.356
1760851372.254689,1.368,1.357
1760851372.2600186,1.413,1.363
1760851372.2653632,1.354,1.362
1760851372.2711327,1.354,1.361
1760851372.2764645,1.365,1.362
1760851372.2817628,1.401,1.366
1760851372.2872224,1.34,1.363
1760851372.2925644,1.337,1.36
1760851372.2978961,1.361,1.36
1760851372.303274,1.411,1.366
1760851372.3086212,1.347,1.364
1760851372.3139524,1.347,1.362
1760851372.3192897,1.355,1.361
1760851372.324619,1.409,1.366
1760851372.330028,1.393,1.369
1760851372.335369,1.355,1.367
1760851372.3407009,1.401,1.371
1760851372.346029,1.434,1.377
1760851372.351383,1.397,1.379
1760851372.356716,1.376,1.379
1760851372.362046,1.38,1.379
1760851372.367399,1.434,1.384
1760851372.3727438,1.38,1.384
1760851372.3780758,1.388,1.384
1760851372.3834114,1.397,1.385
1760851372.3890376,1.43,1.39
1760851372.3943708,1.38,1.389
1760851372.3997014,1.379,1.388
1760851372.4050357,1.397,1.389
1760851372.4103806,1.43,1.393
1760851372.4157128,1.364,1.39
1760851372.4210467,1.365,1.388
1760851372.426406,1.396,1.388
1760851372.431739,1.431,1.393
1760851372.4370704,1.368,1.39
1760851372.4424026,1.377,1.389
1760851372.4478834,1.415,1.392
1760851372.4533596,1.433,1.396
1760851372.4587035,1.376,1.394
1760851372.463966,1.38,1.392
1760851372.4692953,1.405,1.394
1760851372.4746222,1.44,1.398
1760851372.479923,1.387,1.397
1760851372.4852576,1.393,1.397
1760851372.490591,1.418,1.399
1760851372.4959319,1.431,1.402
1760851372.501298,1.385,1.4
1760851372.50669,1.382,1.399
1760851372.5120208,1.416,1.4
1760851372.5173569,1.437,1.404
1760851372.52278,1.367,1.4
1760851372.5281746,1.367,1.397
1760851372.5335915,1.38,1.395
1760851372.5390089,1.424,1.398
1760851372.5443578,1.372,1.395
1760851372.5496962,1.368,1.393
1760851372.555075,1.351,1.389
1760851372.560464,1.447,1.394
1760851372.5657957,1.33,1.388
1760851372.5711606,1.355,1.385
1760851372.5764885,1.354,1.382
1760851372.581879,1.37,1.38
1760851372.587265,1.429,1.385
1760851372.5926228,1.369,1.384
1760851372.5979269,1.356,1.381
1760851372.6032505,1.418,1.385
1760851372.6085799,1.343,1.38
1760851372.6139097,1.368,1.379
1760851372.6192646,1.354,1.377
1760851372.6245978,1.371,1.376
1760851372.6299448,1.341,1.373
1760851372.6352952,1.349,1.37
1760851372.6406262,1.343,1.367
1760851372.64596,1.392,1.37
1760851372.65129,1.346,1.368
1760851372.656621,1.351,1.366
1760851372.6619546,1.388,1.368
1760851372.667544,1.397,1.371
1760851372.6728883,1.361,1.37
1760851372.678219,1.358,1.369
1760851372.6835666,1.377,1.37
1760851372.68896,1.421,1.375
1760851372.694324,1.337,1.371
1760851372.699656,1.359,1.37
1760851372.704988,1.369,1.37
1760851372.7102969,1.413,1.374
1760851372.715499,1.346,1.371
1760851372.720672,1.378,1.372
1760851372.7258532,1.385,1.373
1760851372.7310386,1.416,1.377
1760851372.7362087,1.391,1.379
1760851372.7413764,1.384,1.379
1760851372.7465522,1.396,1.381
1760851372.7517197,1.428,1.386
1760851372.7568884,1.392,1.386
1760851372.7620595,1.385,1.386
1760851372.7673714,1.404,1.388
1760851372.772746,1.453,1.394
1760851372.7781005,1.401,1.395
1760851372.7834306,1.401,1.396
1760851372.788617,1.416,1.398
1760851372.793799,1.454,1.403
1760851372.7989953,1.38,1.401
1760851372.8041644,1.408,1.402
1760851372.8093321,1.43,1.405
1760851372.814528,1.459,1.41
1760851372.8198218,1.406,1.41
1760851372.825117,1.431,1.412
1760851372.8303838,1.433,1.414
1760851372.83556,1.476,1.42
1760851372.84073,1.463,1.424
1760851372.845902,1.419,1.424
1760851372.85123,1.426,1.424
1760851372.856558,1.443,1.426
1760851372.8618832,1.453,1.429
1760851372.8672223,3.3,3.0
1760851372.8725526,3.3,3.0
1760851372.8778818,3.3,3.0
1760851372.883256,3.3,3.0
1760851372.8885868,3.3,3.0
1760851372.8939137,3.3,3.0
1760851372.8993127,3.3,3.0
1760851372.9046435,3.3,3.0
1760851372.9099755,3.3,3.0
1760851372.9153483,3.3,3.0
1760851372.9206781,3.3,3.0
1760851372.926393,3.3,3.0
1760851372.9317203,3.3,3.0
1760851372.9370525,3.3,3.0
1760851372.9424372,3.3,3.0
1760851372.9477713,3.3,3.0
1760851372.9531012,3.3,3.0
1760851372.9584281,3.3,3.0
1760851372.9637582,3.3,3.0
1760851372.9690866,3.3,3.0
1760851372.9744184,3.3,3.0
1760851372.9797513,3.3,3.0
1760851372.9851112,3.3,3.0
1760851372.990513,3.3,3.0
1760851372.995848,3.3,3.0
1760851373.0012548,3.3,3.0
1760851373.006624,3.3,3.0
1760851373.0119538,3.3,3.0
1760851373.0173953,3.3,3.0
1760851373.0227854,3.3,3.0
1760851373.0281641,3.3,3.0
1760851373.0335855,3.3,3.0
1760851373.0389712,3.3,3.0
1760851373.0444155,3.3,3.0
1760851373.049767,3.3,3.0
1760851373.0551178,3.3,3.0
1760851373.0604513,3.3,3.0
1760851373.0657728,3.3,3.0
1760851373.071128,3.3,3.0
1760851373.0765405,3.3,3.0
1760851373.0818713,3.3,3.0
1760851373.0872297,3.3,3.0
1760851373.092557,3.3,3.0
1760851373.097945,3.3,3.0
1760851373.1032603,3.3,3.0
1760851373.1086457,3.3,3.0
1760851373.1139712,3.3,3.0
1760851373.1192608,3.3,3.0
1760851373.124585,3.3,3.0
1760851373.1299105,3.3,3.0
1760851373.1352572,3.3,3.0
1760851373.1405873,3.3,3.0
1760851373.1459801,3.3,3.0
1760851373.151312,3.3,3.0
1760851373.1567059,3.3,3.0
1760851373.1620479,3.3,3.0
1760851373.1675367,3.3,3.0
1760851373.1728745,3.3,3.0
1760851373.178209,3.3,3.0
1760851373.1835396,3.3,3.0
1760851373.1888676,3.3,3.0
1760851373.1941981,3.3,3.0
1760851373.1995316,3.3,3.0
1760851373.204927,3.3,3.0
1760851373.2102587,3.3,3.0
1760851373.2155957,3.3,3.0
1760851373.221058,3.3,3.0
1760851373.2264626,3.3,3.0
1760851373.2317958,3.3,3.0
1760851373.2371826,3.3,3.0
1760851373.2425158,3.3,3.0
1760851373.247908,3.3,3.0
1760851373.2532372,3.3,3.0
1760851373.258698,3.3,3.0
1760851373.2640262,3.3,3.0
1760851373.2693582,3.3,3.0
1760851373.274689,3.3,3.0
1760851373.280019,3.3,3.0
1760851373.285405,3.3,3.0
1760851373.2907372,3.3,3.0
1760851373.2960634,3.3,3.0
1760851373.3013895,3.3,3.0
1760851373.306711,3.3,3.0
1760851373.3120432,3.3,3.0
1760851373.3173718,3.3,3.0
1760851373.3227036,3.3,3.0
1760851373.3280354,3.3,3.0
1760851373.333374,3.3,3.0
1760851373.3386998,3.3,3.0
1760851373.3440251,3.3,3.0
1760851373.3493497,3.3,3.0
1760851373.354833,3.3,3.0
1760851373.3601584,3.3,3.0
1760851373.3655674,3.3,3.0
1760851373.3708937,3.3,3.0
1760851373.3762252,3.3,3.0
1760851373.3815556,3.3,3.0
1760851373.3868718,3.3,3.0
1760851373.3923042,3.3,3.0
1760851373.397637,3.3,3.0
1760851373.4030952,3.3,3.0
1760851373.4084914,3.3,3.0
1760851373.4138236,3.3,3.0
1760851373.4191878,3.3,3.0
1760851373.424521,3.3,3.0
1760851373.4298544,3.3,3.0
1760851373.4352095,3.3,3.0
1760851373.4405422,3.3,3.0
1760851373.4458785,3.3,3.0
1760851373.4512362,3.3,3.0
1760851373.4565768,3.3,3.0
1760851373.4618995,3.3,3.0
1760851373.4672697,3.3,3.0
1760851373.4725358,3.3,3.0
1760851373.4778621,3.3,3.0
1760851373.4832456,3.3,3.0
1760851373.4885743,3.3,3.0
1760851373.4939632,3.3,3.0
1760851373.4993403,3.3,3.0
1760851373.5047302,3.3,3.0
1760851373.510058,3.3,3.0
1760851373.516138,3.3,3.0
1760851373.5214684,3.3,3.0
1760851373.5268133,3.3,3.0
1760851373.5321484,3.3,3.0
1760851373.5374784,3.3,3.0
1760851373.542926,3.3,3.0
1760851373.5482535,3.3,3.0
1760851373.553581,3.3,3.0
1760851373.5589728,3.066,3.0
1760851373.564328,2.907,3.0
1760851373.5696633,2.793,3.0
1760851373.5754833,2.748,3.0
1760851373.5812464,2.584,3.0
1760851373.5870366,2.496,3.0
1760851373.5933459,2.427,2.973
1760851373.598684,2.4,2.916
1760851373.6040301,2.264,2.851
1760851373.6093836,2.198,2.785
1760851373.6152647,2.131,2.72
1760851373.6206,2.162,2.664
1760851373.62603,2.062,2.604
1760851373.6316323,2.007,2.544
1760851373.6373935,1.92,2.482
1760851373.6428,1.97,2.431
1760851373.648134,1.858,2.373
1760851373.6535475,1.825,2.319
1760851373.659479,1.804,2.267
1760851373.6652446,1.792,2.22
1760851373.6708515,1.727,2.17
1760851373.6771472,1.671,2.12
1760851373.6824892,1.677,2.076
1760851373.687885,1.675,2.036
1760851373.6933455,1.595,1.992
1760851373.698734,1.587,1.951
1760851373.7044961,1.546,1.911
1760851373.7099483,1.556,1.875
1760851373.7156978,1.484,1.836
1760851373.7214575,1.459,1.799
1760851373.7272563,1.442,1.763
1760851373.7325897,1.459,1.733
1760851373.7379906,1.368,1.696
1760851373.7434435,1.361,1.663
1760851373.748791,1.355,1.632
1760851373.7541802,1.372,1.606
1760851373.7597013,1.299,1.575
1760851373.7650807,1.282,1.546
1760851373.7704124,1.276,1.519
1760851373.775749,1.325,1.499
1760851373.7811387,1.237,1.473
1760851373.7870655,1.22,1.448
1760851373.7924829,1.223,1.425
1760851373.7978194,1.237,1.407
1760851373.8031743,1.17,1.383
1760851373.808507,1.179,1.363
1760851373.814104,1.158,1.342
1760851373.8196993,1.191,1.327
1760851373.8254576,1.127,1.307
1760851373.8312542,1.069,1.283
1760851373.8370562,1.121,1.267
1760851373.8424902,1.147,1.255
1760851373.8479452,1.085,1.238
1760851373.8535342,1.039,1.218
1760851373.8589568,1.072,1.203
1760851373.8647168,1.113,1.194
1760851373.870475,1.039,1.179
1760851373.875919,1.032,1.164
1760851373.8813033,1.052,1.153
1760851373.8869092,1.142,1.152
1760851373.8922513,1.013,1.138
1760851373.897838,0.961,1.12
1760851373.9032955,1.007,1.109
1760851373.9087954,1.041,1.102
1760851373.9145806,0.961,1.088
1760851373.92012,0.967,1.076
1760851373.9257007,0.981,1.066
1760851373.9314928,1.01,1.061
1760851373.9372475,0.944,1.049
1760851373.942898,0.941,1.038
1760851373.9483826,0.944,1.029
1760851373.9537675,1.006,1.027
1760851373.9594996,0.934,1.017
1760851373.9652593,0.893,1.005
1760851373.9711015,0.937,0.998
1760851373.9773433,0.981,0.996
1760851373.9827616,0.913,0.988
1760851373.988098,0.918,0.981
1760851373.9934556,0.939,0.977
1760851373.9987886,0.987,0.978
1760851374.0041223,0.885,0.969
1760851374.0094469,0.928,0.965
1760851374.0148375,0.931,0.961
1760851374.0204232,0.969,0.962
1760851374.0262852,0.886,0.954
1760851374.031675,0.894,0.948
1760851374.0370774,0.928,0.946
1760851374.04284,0.963,0.948
1760851374.048241,0.905,0.944
1760851374.0536008,0.877,0.937
1760851374.059011,0.911,0.934
1760851374.064785,0.915,0.933
1760851374.0705442,0.774,0.917
1760851374.076018,0.812,0.906
1760851374.0814068,0.824,0.898
1760851374.0870833,0.882,0.896
1760851374.0929732,0.811,0.888
1760851374.0987668,0.807,0.88
1760851374.1041787,0.811,0.873
1760851374.109598,0.858,0.871
1760851374.1153786,0.795,0.864
1760851374.120763,0.791,0.857
1760851374.126091,0.811,0.852
1760851374.1314068,0.853,0.852
1760851374.1367388,0.795,0.846
1760851374.1420527,0.838,0.846
1760851374.1473927,0.838,0.845
1760851374.1528347,0.882,0.848
1760851374.1581702,0.824,0.846
1760851374.1635036,0.811,0.843
1760851374.1689315,0.877,0.846
1760851374.174326,0.879,0.849
1760851374.179729,0.807,0.845
1760851374.185127,0.823,0.843
1760851374.190887,0.749,0.833
1760851374.1963003,0.895,0.84
1760851374.2020588,0.838,0.839
1760851374.207699,0.839,0.839
1760851374.2130957,0.862,0.842
1760851374.2187734,0.928,0.85
1760851374.2245462,0.882,0.854
1760851374.2304194,0.905,0.859
1760851374.235941,0.903,0.863
1760851374.2420428,0.941,0.871
1760851374.2477968,0.9,0.874
1760851374.253181,0.916,0.878
1760851374.2586367,0.941,0.884
1760851374.2642887,1.0,0.896
1760851374.270045,0.95,0.901
1760851374.2756355,0.941,0.905
1760851374.2813158,0.967,0.912
1760851374.2871826,1.069,0.927
1760851374.2927287,0.976,0.932
1760851374.2982042,0.978,0.937
1760851374.3035414,0.992,0.942
1760851374.308867,1.035,0.951
1760851374.314255,0.993,0.956
1760851374.320318,0.99,0.959
1760851374.3257325,1.011,0.964
1760851374.3311713,1.078,0.976
1760851374.3369377,1.014,0.98
1760851374.3423367,1.019,0.984
1760851374.3477259,1.042,0.989
1760851374.3531342,1.094,1.0
1760851374.3584795,1.047,1.005
1760851374.3638692,1.043,1.008
1760851374.369673,1.059,1.013
1760851374.3751047,1.114,1.023
1760851374.3808718,1.056,1.027
1760851374.386728,1.069,1.031
1760851374.3920994,1.079,1.036
1760851374.3973727,1.137,1.046
1760851374.4028368,1.082,1.05
1760851374.4085965,1.016,1.046
1760851374.4139333,1.109,1.053
1760851374.4192793,1.14,1.061
1760851374.4246259,1.085,1.064
1760851374.4299598,1.1,1.067
1760851374.4353147,1.11,1.072
1760851374.4406462,1.164,1.081
1760851374.445992,1.111,1.084
1760851374.4513454,1.134,1.089
1760851374.456691,1.144,1.094
1760851374.462025,1.184,1.103
1760851374.4672542,1.168,1.11
1760851374.4725213,1.135,1.112
1760851374.4778473,1.148,1.116
1760851374.4832292,1.197,1.124
1760851374.488552,1.158,1.127
1760851374.4938898,1.15,1.13
1760851374.4993815,1.174,1.134
1760851374.5046725,1.218,1.142
1760851374.509929,1.173,1.145
1760851374.5153499,1.172,1.148
1760851374.5207257,1.179,1.151
1760851374.5260715,1.237,1.16
1760851374.5313687,1.17,1.161
1760851374.5367572,1.178,1.163
1760851374.5420969,1.205,1.167
1760851374.54825,1.237,1.174
1760851374.5536363,1.137,1.17
1760851374.5590198,1.178,1.171
1760851374.564407,1.196,1.173
1760851374.5697334,1.252,1.181
1760851374.5750802,1.182,1.181
1760851374.5804083,1.186,1.182
1760851374.5857563,1.199,1.184
1760851374.5911655,1.237,1.189
1760851374.5964959,1.19,1.189
1760851374.601941,1.199,1.19
1760851374.6073349,1.194,1.19
1760851374.6126633,1.274,1.199
1760851374.6180484,1.237,1.203
1760851374.623382,1.214,1.204
1760851374.628741,1.23,1.206
1760851374.634136,1.271,1.213
1760851374.639469,1.198,1.211
1760851374.6448002,1.22,1.212
1760851374.6501343,1.227,1.214
1760851374.6554687,1.268,1.219
1760851374.660795,1.231,1.22
1760851374.6661208,1.234,1.222
1760851374.671565,1.237,1.223
1760851374.676896,1.308,1.232
1760851374.6826043,1.272,1.236
1760851374.687992,1.268,1.239
1760851374.6933193,1.264,1.241
1760851374.6986454,1.32,1.249
1760851374.703971,1.237,1.248
1760851374.7092988,1.276,1.251
1760851374.7146244,1.28,1.254
1760851374.719959,1.331,1.261
1760851374.7253714,1.276,1.263
1760851374.730715,1.281,1.265
1760851374.7360506,1.301,1.268
1760851374.741383,1.38,1.28
1760851374.7467134,1.291,1.281
1760851374.7521172,1.279,1.281
1760851374.7574482,1.291,1.282
1760851374.7630522,1.348,1.288
1760851374.7683814,1.289,1.288
1760851374.7737145,1.287,1.288
1760851374.7791133,1.308,1.29
1760851374.784442,1.364,1.298
1760851374.7897809,1.302,1.298
1760851374.7951353,1.323,1.301
1760851374.8004637,1.317,1.302
1760851374.805855,1.378,1.31
1760851374.8112018,1.314,1.31
1760851374.8170493,1.311,1.31
1760851374.822395,1.319,1.311
1760851374.8277988,1.395,1.32
1760851374.833135,1.319,1.319
1760851374.8385475,1.33,1.321
1760851374.8439643,1.328,1.321
1760851374.8493166,1.381,1.327
1760851374.8547723,1.327,1.327
1760851374.8601644,1.303,1.325
1760851374.865923,1.323,1.325
1760851374.8720815,1.383,1.331
1760851374.8780277,1.319,1.329
1760851374.8834858,1.328,1.329
1760851374.8889098,1.33,1.329
1760851374.8942971,1.388,1.335
1760851374.8996668,1.326,1.334
1760851374.905262,1.334,1.334
1760851374.9107502,1.352,1.336
1760851374.9170604,1.405,1.343
1760851374.9228954,1.342,1.343
1760851374.9283326,1.343,1.343
1760851374.9346626,1.379,1.346
1760851374.9404929,1.387,1.35
1760851374.946253,1.359,1.351
1760851374.9516885,1.35,1.351
1760851374.9574559,1.369,1.353
1760851374.9629116,1.393,1.357
1760851374.968764,1.348,1.356
1760851374.9745264,1.339,1.354
1760851374.9799564,1.34,1.353
1760851374.9853754,1.405,1.358
1760851374.990711,1.388,1.361
1760851374.996109,1.349,1.36
1760851375.001489,1.343,1.358
1760851375.0068529,1.408,1.363
1760851375.0121822,1.378,1.365
1760851375.0174432,1.354,1.364
1760851375.0230625,1.364,1.364
1760851375.0284579,1.416,1.369
1760851375.0341852,1.368,1.369
1760851375.0396073,1.364,1.368
1760851375.0450175,1.363,1.368
1760851375.0504663,1.41,1.372
1760851375.0559092,1.359,1.371
1760851375.0614932,1.364,1.37
1760851375.0673559,1.382,1.371
1760851375.0729945,1.43,1.377
1760851375.078877,1.372,1.377
1760851375.0842578,1.368,1.376
1760851375.0896435,1.359,1.374
1760851375.095065,1.432,1.38
1760851375.1005392,1.375,1.379
1760851375.1063132,1.385,1.38
1760851375.1119049,1.393,1.381
1760851375.1173902,1.405,1.384
1760851375.1229045,1.38,1.383
1760851375.128552,1.399,1.385
1760851375.1343231,1.38,1.384
1760851375.1397877,1.387,1.385
1760851375.1452856,1.388,1.385
1760851375.1508837,1.401,1.387
1760851375.1566403,1.393,1.387
1760851375.162417,1.472,1.396
1760851375.1678324,1.393,1.395
1760851375.1732728,1.405,1.396
1760851375.1787324,1.387,1.395
1760851375.1841428,1.451,1.401
1760851375.1900017,1.384,1.399
1760851375.1954296,1.383,1.398
1760851375.200907,1.38,1.396
1760851375.2066638,1.433,1.4
1760851375.2125423,1.391,1.399
1760851375.217988,1.384,1.397
1760851375.2233632,1.391,1.397
1760851375.2292662,1.469,1.404
1760851375.2346609,1.401,1.404
1760851375.2402613,1.401,1.403
1760851375.245983,1.405,1.404
1760851375.2517188,1.449,1.408
1760851375.257504,1.346,1.402
1760851375.2629354,1.411,1.403
1760851375.2687712,1.405,1.403
1760851375.2745428,1.454,1.408
1760851375.279938,1.393,1.407
1760851375.2853224,1.402,1.406
1760851375.2906866,1.403,1.406
1760851375.296127,1.457,1.411
1760851375.3019166,1.39,1.409
1760851375.3076987,1.405,1.409
1760851375.3130739,1.402,1.408
1760851375.3185036,1.431,1.41
1760851375.3241339,1.407,1.41
1760851375.3295445,1.407,1.41
1760851375.3349452,1.409,1.41
1760851375.3407066,1.469,1.415
1760851375.3461049,1.416,1.416
1760851375.3514843,1.417,1.416
1760851375.357238,1.4,1.414
1760851375.3629384,1.474,1.42
1760851375.3688724,1.405,1.419
1760851375.3746474,1.402,1.417
1760851375.38007,1.385,1.414
1760851375.3855426,1.471,1.419
1760851375.3909342,1.43,1.421
1760851375.3967946,1.418,1.42
1760851375.4022052,1.429,1.421
1760851375.4077244,1.479,1.427
1760851375.413069,1.426,1.427
1760851375.418403,1.42,1.426
1760851375.4237359,1.388,1.422
1760851375.429103,1.483,1.428
1760851375.4346178,1.437,1.429
1760851375.439953,1.426,1.429
1760851375.445296,1.44,1.43
1760851375.450682,1.477,1.435
1760851375.4560227,1.429,1.434
1760851375.4613554,1.422,1.433
1760851375.466728,1.44,1.434
1760851375.4720678,1.468,1.437
1760851375.477925,1.423,1.436
1760851375.483378,1.424,1.435
1760851375.4894416,1.418,1.433
1760851375.4954145,1.485,1.438
1760851375.501278,1.432,1.437
1760851375.507097,1.418,1.435
1760851375.5128644,1.416,1.433
1760851375.518272,1.48,1.438
1760851375.5237296,1.426,1.437
1760851375.5293257,1.411,1.434
1760851375.5347192,1.423,1.433
1760851375.540105,1.42,1.432
1760851375.54552,1.409,1.43
1760851375.5509698,1.418,1.428
1760851375.5569148,1.431,1.429
1760851375.5626776,1.509,1.437
1760851375.568096,1.426,1.436
1760851375.5739224,1.416,1.434
1760851375.5794888,1.418,1.432
1760851375.5853124,1.48,1.437
1760851375.591178,1.423,1.435
1760851375.5969691,1.43,1.435
1760851375.6029625,1.418,1.433
1760851375.6093485,1.483,1.438
1760851375.6154397,1.431,1.437
1760851375.6212025,1.426,1.436
1760851375.6270378,1.433,1.436
1760851375.6324327,1.492,1.442
1760851375.6379707,1.431,1.441
1760851375.6434846,1.326,1.429
1760851375.6494052,1.438,1.43
1760851375.6547973,1.501,1.437
1760851375.6601858,1.42,1.435
1760851375.6657085,1.418,1.434
1760851375.671337,1.423,1.433
1760851375.6767385,1.455,1.435
1760851375.6821115,1.418,1.433
1760851375.687695,1.405,1.43
1760851375.6932352,1.436,1.431
1760851375.6990902,1.483,1.436
1760851375.7052898,1.435,1.436
1760851375.710821,1.419,1.434
1760851375.7166297,1.419,1.433
1760851375.7221143,1.484,1.438
1760851375.7275593,1.445,1.439
1760851375.733224,1.461,1.441
1760851375.7390316,1.426,1.439
1760851375.7445934,1.442,1.44
1760851375.750498,1.436,1.439
1760851375.7558305,1.422,1.438
1760851375.7612536,1.422,1.436
1760851375.7666464,1.472,1.44
1760851375.7720368,1.427,1.438
1760851375.7773757,1.405,1.435
1760851375.7827318,1.405,1.432
1760851375.7881114,1.471,1.436
1760851375.793552,1.431,1.435
1760851375.7989366,1.413,1.433
1760851375.8047667,1.455,1.435
1760851375.8105636,1.487,1.44
1760851375.8159697,1.431,1.44
1760851375.8217463,1.431,1.439
1760851375.827229,1.414,1.436
1760851375.8326771,1.482,1.441
1760851375.838081,1.439,1.441
1760851375.8434646,1.431,1.44
1760851375.849256,1.457,1.441
1760851375.854672,1.488,1.446
1760851375.860469,1.441,1.446
1760851375.8662255,1.439,1.445
1760851375.8717704,1.424,1.443
1760851375.877984,1.483,1.447
1760851375.8833363,1.431,1.445
1760851375.8891134,1.421,1.443
1760851375.8947513,1.457,1.444
1760851375.9006648,1.483,1.448
1760851375.906483,1.442,1.448
1760851375.91225,1.44,1.447
1760851375.9178882,1.434,1.446
1760851375.923309,1.495,1.451
1760851375.9287214,1.405,1.446
1760851375.9344916,1.436,1.445
1760851375.9399137,1.403,1.441
1760851375.9454956,1.479,1.445
1760851375.9509308,1.448,1.445
1760851375.956818,1.431,1.444
1760851375.9625738,1.431,1.442
1760851375.9679582,1.507,1.449
1760851375.973717,1.443,1.448
1760851375.9793243,1.43,1.446
1760851375.9847054,1.443,1.446
1760851375.9900575,1.488,1.45
1760851375.9953926,1.453,1.451
1760851376.0007792,1.443,1.45
1760851376.0061247,1.433,1.448
1760851376.0115557,1.538,1.457
1760851376.016886,1.459,1.457
1760851376.0223885,1.455,1.457
1760851376.0278046,1.452,1.457
1760851376.033191,1.507,1.462
1760851376.0386047,1.462,1.462
1760851376.0440238,1.423,1.458
1760851376.0494115,1.452,1.457
1760851376.0550108,1.507,1.462
1760851376.0604067,1.469,1.463
1760851376.0662413,1.454,1.462
1760851376.0716813,1.455,1.461
1760851376.0774467,1.51,1.466
1760851376.0828145,1.458,1.465
1760851376.0883882,1.485,1.467
1760851376.0943718,1.444,1.465
1760851376.0997646,1.498,1.468
1760851376.1051815,1.458,1.467
1760851376.1107314,1.422,1.463
1760851376.1166275,1.437,1.46
1760851376.1220663,1.55,1.469
1760851376.1274607,1.468,1.469
1760851376.1330016,1.458,1.468
1760851376.1389089,1.448,1.466
1760851376.1449187,1.513,1.471
1760851376.1503143,1.46,1.47
1760851376.155735,1.476,1.47
1760851376.1615326,1.452,1.468
1760851376.1672122,1.509,1.472
1760851376.1728954,1.457,1.471
1760851376.1782928,1.457,1.469
1760851376.1837072,1.456,1.468
1760851376.1895583,1.513,1.473
1760851376.194999,1.455,1.471
1760851376.200386,1.505,1.474
1760851376.2056978,1.49,1.476
1760851376.2109983,1.498,1.478
1760851376.216255,1.461,1.476
1760851376.2215295,1.456,1.474
1760851376.2268298,1.456,1.473
1760851376.2321355,1.49,1.474
1760851376.2374184,1.462,1.473
1760851376.242702,1.465,1.472
1760851376.2479649,1.407,1.466
1760851376.2532275,1.509,1.47
1760851376.2585464,1.455,1.469
1760851376.263805,1.435,1.465
1760851376.2690709,1.447,1.463
1760851376.2743578,1.492,1.466
1760851376.2796733,1.482,1.468
1760851376.2849398,1.445,1.466
1760851376.2901978,1.487,1.468
1760851376.2954607,1.507,1.472
1760851376.3007166,1.468,1.471
1760851376.3058815,1.471,1.471
1760851376.3111148,1.43,1.467
1760851376.317263,1.547,1.475
1760851376.3226273,1.493,1.477
1760851376.328028,1.439,1.473
1760851376.3334503,1.476,1.473
1760851376.3388784,1.492,1.475
1760851376.344211,1.468,1.475
1760851376.3495843,1.459,1.473
1760851376.3550723,1.342,1.46
1760851376.3612287,1.525,1.466
1760851376.3670647,1.486,1.468
1760851376.3725212,1.467,1.468
1760851376.378161,1.469,1.468
1760851376.383561,1.53,1.474
1760851376.38895,1.47,1.474
1760851376.3943326,1.479,1.474
1760851376.3997486,1.474,1.474
1760851376.4050763,1.55,1.482
1760851376.410605,1.501,1.484
1760851376.4159846,1.483,1.484
1760851376.4213262,1.482,1.484
1760851376.4266875,1.534,1.489
1760851376.4320502,1.488,1.489
1760851376.437388,1.467,1.486
1760851376.4427233,1.492,1.487
1760851376.448056,1.538,1.492
1760851376.4534748,1.483,1.491
1760851376.4588246,1.481,1.49
1760851376.4641747,1.49,1.49
1760851376.4694529,1.546,1.496
1760851376.4747102,1.507,1.497
1760851376.4799738,1.508,1.498
1760851376.4852421,1.496,1.498
1760851376.4904978,1.55,1.503
1760851376.4957554,1.511,1.504
1760851376.5010123,1.505,1.504
1760851376.5062685,1.495,1.503
1760851376.5115252,1.551,1.508
1760851376.5171368,1.512,1.508
1760851376.523114,1.498,1.507
1760851376.5285008,1.497,1.506
1760851376.5340028,1.555,1.511
1760851376.5393245,1.509,1.511
1760851376.5448184,1.509,1.511
1760851376.5502124,1.508,1.51
1760851376.5556285,1.58,1.517
1760851376.561495,1.496,1.515
1760851376.5671256,1.493,1.513
1760851376.5725996,1.505,1.512
1760851376.578028,1.549,1.516
1760851376.5834935,1.51,1.515
1760851376.5892897,1.514,1.515
1760851376.5947325,1.507,1.514
1760851376.60068,1.595,1.522
1760851376.606436,1.521,1.522
1760851376.6121957,1.496,1.52
1760851376.6176724,1.501,1.518
1760851376.6231284,1.539,1.52
1760851376.628527,1.522,1.52
1760851376.6347244,1.509,1.519
1760851376.6404855,1.5,1.517
1760851376.6461823,1.549,1.52
1760851376.6516883,1.508,1.519
1760851376.6574874,1.505,1.518
1760851376.6631398,1.517,1.517
1760851376.6685483,1.547,1.52
1760851376.6743062,1.503,1.519
1760851376.679688,1.496,1.516
1760851376.6850853,1.455,1.51
1760851376.6909063,1.551,1.514
1760851376.6963286,1.509,1.514
1760851376.7021146,1.498,1.512
1760851376.707551,1.506,1.512
1760851376.713126,1.553,1.516
1760851376.7185063,1.546,1.519
1760851376.7239113,1.509,1.518
1760851376.7294257,1.52,1.518
1760851376.7348077,1.553,1.521
1760851376.7402465,1.457,1.515
1760851376.74612,1.496,1.513
1760851376.7515006,1.546,1.516
1760851376.7572484,1.56,1.521
1760851376.7631369,1.52,1.521
1760851376.7685192,1.539,1.523
1760851376.7739084,1.497,1.52
1760851376.7792652,1.561,1.524
1760851376.7847059,1.54,1.526
1760851376.7901533,1.501,1.523
1760851376.7955377,1.492,1.52
1760851376.8009183,1.555,1.524
1760851376.8066702,1.522,1.523
1760851376.812049,1.513,1.522
1760851376.8182535,1.522,1.522
1760851376.8236263,1.567,1.527
1760851376.8290315,1.534,1.528
1760851376.8349524,1.54,1.529
1760851376.8407063,1.521,1.528
1760851376.846545,1.577,1.533
1760851376.8518736,1.543,1.534
1760851376.8577778,1.53,1.534
1760851376.863317,1.52,1.532
1760851376.8687112,1.575,1.536
1760851376.8745263,1.537,1.536
1760851376.8799183,1.534,1.536
1760851376.8858151,1.527,1.535
1760851376.8915787,1.613,1.543
1760851376.8969119,1.544,1.543
1760851376.902367,1.533,1.542
1760851376.907799,1.513,1.539
1760851376.9132662,1.576,1.543
1760851376.919073,1.54,1.543
1760851376.9249372,1.534,1.542
1760851376.931061,1.523,1.54
1760851376.9364955,1.543,1.54
1760851376.9420238,1.55,1.541
1760851376.9475627,1.521,1.539
1760851376.9530098,1.546,1.54
1760851376.9584298,1.59,1.545
1760851376.9642448,1.538,1.544
1760851376.970126,1.534,1.543
1760851376.9755173,1.522,1.541
1760851376.98134,1.571,1.544
1760851376.9871686,1.545,1.544
1760851376.992503,1.513,1.541
1760851376.9978647,1.527,1.54
1760851377.0032427,1.56,1.542
1760851377.008571,1.543,1.542
1760851377.013955,1.551,1.543
1760851377.0192854,1.494,1.538
1760851377.025048,1.53,1.537
1760851377.0309227,1.534,1.537
1760851377.0365906,1.523,1.536
1760851377.0420046,1.513,1.533
1760851377.0473943,1.574,1.537
1760851377.0530777,1.534,1.537
1760851377.05846,1.517,1.535
1760851377.0638936,1.509,1.532
1760851377.0696552,1.559,1.535
1760851377.0750751,1.522,1.534
1760851377.0808349,1.508,1.531
1760851377.086618,1.513,1.529
1760851377.0920022,1.575,1.534
1760851377.09785,1.555,1.536
1760851377.1032534,1.524,1.535
1760851377.1092584,1.509,1.532
1760851377.1150484,1.572,1.536
1760851377.120831,1.534,1.536
1760851377.1265476,1.514,1.534
1760851377.1319902,1.534,1.534
1760851377.1377566,1.556,1.536
1760851377.1431823,1.546,1.537
1760851377.1485636,1.521,1.535
1760851377.1539464,1.517,1.534
1760851377.1593823,1.566,1.537
1760851377.1655166,1.587,1.542
1760851377.1715186,1.517,1.539
1760851377.1769452,1.508,1.536
1760851377.182393,1.562,1.539
1760851377.1877644,1.496,1.535
1760851377.1931448,1.524,1.533
1760851377.1990974,1.4,1.52
1760851377.2049387,1.569,1.525
1760851377.2106924,1.54,1.526
1760851377.216103,1.522,1.526
1760851377.2234817,1.527,1.526
1760851377.2289104,1.579,1.531
1760851377.234567,1.563,1.535
1760851377.239996,1.534,1.534
1760851377.2453842,1.54,1.535
1760851377.251032,1.551,1.537
1760851377.2567945,1.532,1.536
1760851377.2625513,1.522,1.535
1760851377.2679312,1.526,1.534
1760851377.2733855,1.559,1.536
1760851377.2793393,1.555,1.538
1760851377.2847724,1.513,1.536
1760851377.2901046,1.503,1.532
1760851377.2954412,1.547,1.534
1760851377.30079,1.539,1.534
1760851377.3061173,1.521,1.533
1760851377.312121,1.513,1.531
1760851377.317719,1.558,1.534
1760851377.3233328,1.534,1.534
1760851377.3287477,1.511,1.531
1760851377.3344169,1.509,1.529
1760851377.3398001,1.55,1.531
1760851377.3452454,1.535,1.532
1760851377.3510342,1.529,1.531
1760851377.3567965,1.503,1.529
1760851377.36277,1.559,1.532
1760851377.3682544,1.534,1.532
1760851377.3740294,1.492,1.528
1760851377.379417,1.509,1.526
1760851377.3848577,1.566,1.53
1760851377.3902893,1.517,1.529
1760851377.3959303,1.521,1.528
1760851377.4017098,1.521,1.527
1760851377.407483,1.585,1.533
1760851377.4128156,1.534,1.533
1760851377.4181654,1.516,1.531
1760851377.4235008,1.496,1.528
1760851377.4288323,1.559,1.531
1760851377.4341664,1.527,1.531
1760851377.439502,1.526,1.53
1760851377.444833,1.506,1.528
1760851377.4501696,1.548,1.53
1760851377.4555113,1.533,1.53
1760851377.4608467,1.575,1.535
1760851377.466045,1.509,1.532
1760851377.4714046,1.552,1.534
1760851377.4767303,1.508,1.531
1760851377.4821262,1.522,1.53
1760851377.4874816,1.517,1.529
1760851377.4928129,1.566,1.533
1760851377.4981425,1.535,1.533
1760851377.5034716,1.513,1.531
1760851377.5088034,1.509,1.529
1760851377.5141342,1.519,1.528
1760851377.5194616,1.534,1.528
1760851377.5247934,1.519,1.528
1760851377.5301313,1.505,1.525
1760851377.5354629,1.646,1.537
1760851377.5407917,1.534,1.537
1760851377.5461195,1.511,1.534
1760851377.5514476,1.514,1.532
1760851377.55678,1.56,1.535
1760851377.562079,1.535,1.535
1760851377.5674167,1.512,1.533
1760851377.5727568,1.521,1.532
1760851377.5780883,1.56,1.535
1760851377.583422,1.539,1.535
1760851377.5887158,1.485,1.53
1760851377.593896,1.507,1.528
1760851377.5996487,1.56,1.531
1760851377.6049886,1.537,1.532
1760851377.6103117,1.514,1.53
1760851377.6156416,1.509,1.528
1760851377.621206,1.546,1.529
1760851377.6266916,1.552,1.532
1760851377.6321106,1.505,1.529
1760851377.637506,1.509,1.527
1760851377.6431646,1.559,1.53
1760851377.6489944,1.54,1.531
1760851377.6547244,1.525,1.531
1760851377.660152,1.509,1.528
1760851377.665603,1.552,1.531
1760851377.6710265,1.538,1.532
1760851377.6764104,1.523,1.531
1760851377.6817904,1.501,1.528
1760851377.6872082,1.548,1.53
1760851377.6925375,1.532,1.53
1760851377.6980329,1.488,1.526
1760851377.7035458,1.508,1.524
1760851377.7089956,1.55,1.527
1760851377.7147577,1.53,1.527
1760851377.7201483,1.496,1.524
1760851377.7259035,1.493,1.521
1760851377.7313223,1.542,1.523
1760851377.7371051,1.521,1.523
1760851377.7425523,1.51,1.521
1760851377.7479327,1.49,1.518
1760851377.7533927,1.526,1.519
1760851377.7591856,1.518,1.519
1760851377.7649853,1.509,1.518
1760851377.7703655,1.493,1.516
1760851377.7756982,1.552,1.519
1760851377.7816005,1.535,1.521
1760851377.7873662,1.501,1.519
1760851377.7931209,1.507,1.518
1760851377.799066,1.534,1.519
1760851377.8044503,1.534,1.521
1760851377.8102915,1.506,1.519
1760851377.81571,1.503,1.518
1760851377.8214712,1.549,1.521
1760851377.8273401,1.546,1.523
1760851377.8329034,1.507,1.522
1760851377.8387554,1.508,1.52
1760851377.844161,1.546,1.523
1760851377.8497398,1.535,1.524
1760851377.8551612,1.505,1.522
1760851377.8605874,1.509,1.521
1760851377.865991,1.556,1.524
1760851377.8723402,1.541,1.526
1760851377.8781698,1.5,1.523
1760851377.8836594,1.497,1.521
1760851377.889087,1.527,1.521
1760851377.8944848,1.529,1.522
1760851377.9000826,1.534,1.523
1760851377.9058998,1.492,1.52
1760851377.9117935,1.532,1.521
1760851377.917469,1.521,1.521
1760851377.9231548,1.459,1.515
1760851377.9292853,1.48,1.512
1760851377.9348946,1.538,1.514
1760851377.940657,1.525,1.515
1760851377.9461153,1.488,1.513
1760851377.9515018,1.48,1.509
1760851377.9573,1.521,1.511
1760851377.9630969,1.521,1.512
1760851377.9685102,1.518,1.512
1760851377.9745476,1.485,1.51
1760851377.9799702,1.559,1.515
1760851377.9853776,1.542,1.517
1760851377.9909084,1.51,1.517
1760851377.9962652,1.491,1.514
1760851378.0015972,1.535,1.516
1760851378.0069246,1.501,1.515
1760851378.012314,1.501,1.513
1760851378.017653,1.493,1.511
1760851378.0229995,1.549,1.515
1760851378.028405,1.525,1.516
1760851378.0337322,1.501,1.514
1760851378.0391216,1.493,1.512
1760851378.04445,1.553,1.516
1760851378.0497832,1.523,1.517
1760851378.055136,1.498,1.515
1760851378.0609155,1.509,1.514
1760851378.0672162,1.578,1.521
1760851378.0725496,1.556,1.524
1760851378.0778847,1.488,1.521
1760851378.0833154,1.506,1.519
1760851378.0886528,1.542,1.521
1760851378.0940506,1.544,1.524
1760851378.0995107,1.5,1.521
1760851378.1048377,1.498,1.519
1760851378.1105282,1.53,1.52
1760851378.1161592,1.517,1.52
1760851378.121492,1.508,1.519
1760851378.1273725,1.497,1.516
1760851378.1327953,1.54,1.519
1760851378.1381283,1.53,1.52
1760851378.1434636,1.509,1.519
1760851378.1487963,1.495,1.516
1760851378.154134,1.513,1.516
1760851378.1594715,1.53,1.517
1760851378.1648037,1.501,1.516
1760851378.170137,1.504,1.515
1760851378.175471,1.525,1.516
1760851378.1808043,1.534,1.517
1760851378.186135,1.501,1.516
1760851378.191492,1.509,1.515
1760851378.1968288,1.555,1.519
1760851378.2022262,1.457,1.513
1760851378.2075608,1.494,1.511
1760851378.2128963,1.485,1.508
1760851378.2183242,1.555,1.513
1760851378.2237415,1.54,1.516
1760851378.2294416,1.514,1.516
1760851378.2354093,1.495,1.514
1760851378.2411697,1.539,1.516
1760851378.2465801,1.533,1.518
1760851378.251978,1.521,1.518
1760851378.2577431,1.51,1.517
1760851378.2631948,1.548,1.52
1760851378.268601,1.539,1.522
1760851378.2741995,1.492,1.519
1760851378.2797542,1.509,1.518
1760851378.2854748,1.53,1.519
1760851378.29132,1.537,1.521
1760851378.2974305,1.511,1.52
1760851378.3032825,1.514,1.519
1760851378.3087032,1.555,1.523
1760851378.3144674,1.547,1.525
1760851378.3206818,1.509,1.524
1760851378.326452,1.517,1.523
1760851378.3319058,1.534,1.524
1760851378.3376672,1.535,1.525
1760851378.3431907,1.522,1.525
1760851378.3487942,1.517,1.524
1760851378.3541987,1.552,1.527
1760851378.3596256,1.543,1.529
1760851378.3654099,1.506,1.526
1760851378.3712018,1.509,1.525
1760851378.3766272,1.534,1.526
1760851378.382386,1.522,1.525
1760851378.387755,1.495,1.522
1760851378.3930988,1.494,1.519
1760851378.3984313,1.551,1.523
1760851378.403783,1.543,1.525
1760851378.4091916,1.519,1.524
1760851378.4145231,1.505,1.522
1760851378.4198503,1.573,1.527
1760851378.425181,1.539,1.528
1760851378.4305089,1.514,1.527
1760851378.4358385,1.534,1.528
1760851378.4411714,1.546,1.529
1760851378.446509,1.559,1.532
1760851378.451849,1.511,1.53
1760851378.4572053,1.51,1.528
1760851378.462534,1.55,1.53
1760851378.4678628,1.536,1.531
1760851378.4731858,1.51,1.529
1760851378.4785514,1.494,1.525
1760851378.483864,1.534,1.526
1760851378.489198,1.532,1.527
1760851378.4945307,1.513,1.525
1760851378.499875,1.496,1.523
1760851378.5054567,1.545,1.525
1760851378.510859,1.547,1.527
1760851378.5162845,1.513,1.526
1760851378.5216892,1.513,1.524
1760851378.5274565,1.537,1.526
1760851378.5328891,1.534,1.526
1760851378.538285,1.497,1.523
1760851378.544198,1.496,1.521
1760851378.5498774,1.538,1.522
1760851378.555276,1.535,1.524
1760851378.5606976,1.501,1.521
1760851378.5664625,1.548,1.524
1760851378.571861,1.529,1.525
1760851378.5776222,1.532,1.525
1760851378.5830688,1.501,1.523
1760851378.589355,1.513,1.522
1760851378.594901,1.539,1.524
1760851378.600236,1.496,1.521
1760851378.6057055,1.484,1.517
1760851378.611087,1.501,1.515
1760851378.6164181,1.54,1.518
1760851378.6220918,1.536,1.52
1760851378.6276195,1.508,1.519
1760851378.6329994,1.502,1.517
1760851378.6383865,1.546,1.52
1760851378.6437953,1.542,1.522
1760851378.6491976,1.502,1.52
1760851378.6547334,1.509,1.519
1760851378.660148,1.542,1.521
1760851378.6659074,1.545,1.523
1760851378.6716454,1.509,1.522
1760851378.67778,1.509,1.521
1760851378.6831973,1.55,1.524
1760851378.688604,1.55,1.526
1760851378.6943192,1.511,1.525
1760851378.6998403,1.501,1.522
1760851378.7051616,1.559,1.526
1760851378.710561,1.548,1.528
1760851378.7159715,1.464,1.522
1760851378.7217028,1.493,1.519
1760851378.7281528,1.552,1.522
1760851378.733543,1.542,1.524
1760851378.7393687,1.505,1.522
1760851378.7447515,1.507,1.521
1760851378.7506502,1.542,1.523
1760851378.7560472,1.535,1.524
1760851378.761448,1.509,1.523
1760851378.7672837,1.501,1.521
1760851378.7726176,1.562,1.525
1760851378.7779472,1.54,1.526
1760851378.783323,1.51,1.525
1760851378.7887614,1.507,1.523
1760851378.794518,1.521,1.523
1760851378.7999113,1.54,1.524
1760851378.8053215,1.487,1.521
1760851378.8108048,1.501,1.519
1760851378.8166351,1.507,1.517
1760851378.82286,1.538,1.519
1760851378.8282511,1.509,1.518
1760851378.8341584,1.485,1.515
1760851378.8399308,1.559,1.52
1760851378.8454146,1.55,1.523
1760851378.8510385,1.519,1.522
1760851378.8567946,1.488,1.519
1760851378.8621852,1.551,1.522
1760851378.867637,1.534,1.523
1760851378.873032,1.52,1.523
1760851378.8784533,1.509,1.521
1760851378.8838804,1.549,1.524
1760851378.8893366,1.604,1.532
1760851378.8947816,1.513,1.53
1760851378.900197,1.497,1.527
1760851378.9059517,1.547,1.529
1760851378.9116855,1.559,1.532
1760851378.9176269,1.52,1.531
1760851378.9230692,1.509,1.529
1760851378.928458,1.549,1.531
1760851378.9338765,1.55,1.533
1760851378.9398074,1.517,1.531
1760851378.9455314,1.523,1.53
1760851378.9513013,1.549,1.532
1760851378.9570603,1.551,1.534
1760851378.9628248,1.521,1.533
1760851378.9687755,1.521,1.531
1760851378.97453,1.56,1.534
1760851378.980387,1.556,1.536
1760851378.986236,1.517,1.535
1760851378.991614,1.521,1.533
1760851378.9969254,1.553,1.535
1760851379.0023472,1.556,1.537
1760851379.0076766,1.522,1.536
1760851379.013018,1.517,1.534
1760851379.0183816,1.559,1.536
1760851379.023763,1.55,1.538
1760851379.029091,1.508,1.535
1760851379.0345109,1.508,1.532
1760851379.0400565,1.55,1.534
1760851379.0454507,1.571,1.538
1760851379.0512414,1.517,1.536
1760851379.0570176,1.513,1.533
1760851379.062434,1.533,1.533
1760851379.0678577,1.553,1.535
1760851379.0732906,1.516,1.533
1760851379.0786822,1.522,1.532
1760851379.0840962,1.558,1.535
1760851379.0897417,1.562,1.537
1760851379.0951617,1.509,1.535
1760851379.1005695,1.521,1.533
1760851379.1059847,1.55,1.535
1760851379.1113522,1.564,1.538
1760851379.1173134,1.51,1.535
1760851379.1227593,1.51,1.533
1760851379.1281466,1.556,1.535
1760851379.1335716,1.551,1.537
1760851379.1389632,1.533,1.536
1760851379.144381,1.517,1.534
1760851379.1497176,1.542,1.535
1760851379.1551225,1.565,1.538
1760851379.1609116,1.522,1.537
1760851379.1673036,1.53,1.536
1760851379.1726933,1.48,1.53
1760851379.1782048,1.557,1.533
1760851379.1836867,1.524,1.532
1760851379.1891313,1.524,1.531
1760851379.1947362,1.559,1.534
1760851379.2001507,1.556,1.536
1760851379.2059078,1.513,1.534
1760851379.2113607,1.511,1.531
1760851379.2171783,1.559,1.534
1760851379.22257,1.558,1.537
1760851379.2279823,1.538,1.537
1760851379.2333672,1.499,1.533
1760851379.2392359,1.53,1.533
1760851379.2446249,1.544,1.534
1760851379.2500153,1.513,1.532
1760851379.2553804,1.51,1.529
1760851379.2607565,1.562,1.533
1760851379.2665617,1.54,1.533
1760851379.2719765,1.586,1.539
1760851379.277869,1.503,1.535
1760851379.2833169,1.56,1.538
1760851379.2890422,1.547,1.539
1760851379.2948096,1.501,1.535
1760851379.3002486,1.511,1.532
1760851379.3060563,1.572,1.536
1760851379.311443,1.547,1.538
1760851379.3172123,1.513,1.535
1760851379.322623,1.501,1.532
1760851379.3281078,1.542,1.533
1760851379.333525,1.553,1.535
1760851379.3393466,1.521,1.533
1760851379.344714,1.509,1.531
1760851379.350103,1.538,1.532
1760851379.3555837,1.487,1.527
1760851379.361161,1.516,1.526
1760851379.3669739,1.501,1.523
1760851379.3724453,1.539,1.525
1760851379.3782089,1.552,1.528
1760851379.3836496,1.513,1.526
1760851379.3894844,1.509,1.524
1760851379.3948588,1.534,1.525
1760851379.400234,1.534,1.526
1760851379.4056244,1.504,1.524
1760851379.4110315,1.508,1.522
1760851379.4163663,1.547,1.525
1760851379.421695,1.546,1.527
1760851379.4270663,1.514,1.526
1760851379.4323947,1.472,1.52
1760851379.437773,1.549,1.523
1760851379.4431388,1.555,1.526
1760851379.4484894,1.526,1.526
1760851379.453841,1.485,1.522
1760851379.4592717,1.5,1.52
1760851379.4644594,1.553,1.523
1760851379.4696367,1.524,1.523
1760851379.4748387,1.518,1.523
1760851379.4800968,1.53,1.523
1760851379.4852707,1.55,1.526
1760851379.4904394,1.509,1.524
1760851379.4963052,1.509,1.523
1760851379.501699,1.499,1.52
1760851379.507044,1.534,1.522
1760851379.512432,1.526,1.522
1760851379.5182626,1.508,1.521
1760851379.5237036,1.538,1.523
1760851379.5295427,1.548,1.525
1760851379.535286,1.509,1.523
1760851379.5406992,1.518,1.523
1760851379.5465856,1.53,1.524
1760851379.5519733,1.546,1.526
1760851379.5577376,1.513,1.525
1760851379.563258,1.509,1.523
1760851379.568701,1.542,1.525
1760851379.574141,1.557,1.528
1760851379.5797942,1.507,1.526
1760851379.585549,1.511,1.524
1760851379.5913072,1.544,1.526
1760851379.5972552,1.558,1.53
1760851379.6034079,1.521,1.529
1760851379.609313,1.521,1.528
1760851379.6151552,1.549,1.53
1760851379.6209311,1.55,1.532
1760851379.6271088,1.501,1.529
1760851379.6328864,1.484,1.524
1760851379.6388922,1.549,1.527
1760851379.644709,1.552,1.529
1760851379.6501162,1.517,1.528
1760851379.6555521,1.492,1.524
1760851379.6609323,1.56,1.528
1760851379.6666906,1.552,1.53
1760851379.6721294,1.536,1.531
1760851379.6779027,1.5,1.528
1760851379.6832986,1.496,1.525
1760851379.6886866,1.551,1.527
1760851379.6944482,1.475,1.522
1760851379.6998487,1.501,1.52
1760851379.7057805,1.571,1.525
1760851379.7112,1.56,1.529
1760851379.7173235,1.513,1.527
1760851379.7229125,1.501,1.524
1760851379.7283075,1.542,1.526
1760851379.7341511,1.552,1.529
1760851379.7399988,1.508,1.527
1760851379.7453887,1.52,1.526
1760851379.7507792,1.53,1.526
1760851379.7565393,1.556,1.529
1760851379.762299,1.454,1.522
1760851379.7678065,1.51,1.521
1760851379.773243,1.531,1.522
1760851379.7790453,1.561,1.526
1760851379.7844381,1.506,1.524
1760851379.790721,1.503,1.522
1760851379.796107,1.51,1.52
1760851379.8014944,1.56,1.524
1760851379.807299,1.505,1.522
1760851379.8130653,1.5,1.52
1760851379.8184395,1.522,1.52
1760851379.8238175,1.542,1.523
1760851379.8292716,1.501,1.52
1760851379.8346558,1.496,1.518
1760851379.8399563,1.535,1.52
1760851379.8456595,1.546,1.522
1760851379.8515716,1.495,1.52
1760851379.8573291,1.455,1.513
1760851379.8631344,1.525,1.514
1760851379.8687682,1.581,1.521
1760851379.874551,1.521,1.521
1760851379.88002,1.504,1.519
1760851379.8856647,1.52,1.519
1760851379.8914633,1.549,1.522
1760851379.8972235,1.501,1.52
1760851379.9026756,1.498,1.518
1760851379.9081044,1.534,1.52
1760851379.9135017,1.547,1.522
1760851379.9190161,1.493,1.519
1760851379.9247708,1.526,1.52
1760851379.9301574,1.519,1.52
1760851379.935548,1.551,1.523
1760851379.940994,1.508,1.522
1760851379.9466069,1.484,1.518
1760851379.9520757,1.536,1.52
1760851379.9578443,1.551,1.523
1760851379.9633143,1.506,1.521
1760851379.9691157,1.505,1.519
1760851379.9748864,1.514,1.519
1760851379.9802942,1.551,1.522
1760851379.985715,1.495,1.519
1760851379.9911337,1.492,1.517
1760851379.9964707,1.529,1.518
1760851380.0018995,1.546,1.521
1760851380.0072784,1.487,1.517
1760851380.012589,1.496,1.515
1760851380.017792,1.519,1.516
1760851380.0229673,1.548,1.519
1760851380.0282924,1.5,1.517
1760851380.03363,1.496,1.515
1760851380.0389519,1.525,1.516
1760851380.0442772,1.542,1.518
1760851380.0495992,1.496,1.516
1760851380.054941,1.488,1.513
1760851380.0602705,1.532,1.515
1760851380.0655963,1.559,1.52
1760851380.071303,1.483,1.516
1760851380.076635,1.483,1.513
1760851380.0819626,1.484,1.51
1760851380.0873542,1.539,1.513
1760851380.0927105,1.538,1.515
1760851380.0980692,1.492,1.513
1760851380.1039946,1.517,1.513
1760851380.1093178,1.546,1.517
1760851380.1146457,1.488,1.514
1760851380.1199727,1.493,1.512
1760851380.1257422,1.534,1.514
1760851380.1311796,1.545,1.517
1760851380.1369324,1.503,1.516
1760851380.1429527,1.472,1.511
1760851380.1483345,1.507,1.511
1760851380.1537771,1.527,1.512
1760851380.1592305,1.488,1.51
1760851380.1650305,1.496,1.508
1760851380.1707888,1.534,1.511
1760851380.1762276,1.558,1.516
1760851380.1816907,1.506,1.515
1760851380.1871085,1.487,1.512
1760851380.1927378,1.522,1.513
1760851380.1982856,1.535,1.515
1760851380.203781,1.491,1.513
1760851380.2092896,1.495,1.511
1760851380.2146833,1.548,1.515
1760851380.2200227,1.549,1.518
1760851380.2256317,1.495,1.516
1760851380.2314289,1.505,1.515
1760851380.2372587,1.51,1.514
1760851380.2426987,1.542,1.517
1760851380.2481108,1.489,1.514
1760851380.2538729,1.488,1.512
1760851380.259428,1.522,1.513
1760851380.2651818,1.553,1.517
1760851380.2709045,1.507,1.516
1760851380.2763147,1.497,1.514
1760851380.2817628,1.519,1.514
1760851380.287665,1.542,1.517
1760851380.2930796,1.479,1.513
1760851380.298469,1.49,1.511
1760851380.3038723,1.496,1.51
1760851380.3096914,1.559,1.514
1760851380.3158123,1.488,1.512
1760851380.3215737,1.487,1.509
1760851380.327015,1.51,1.509
1760851380.332432,1.559,1.514
1760851380.3385673,1.487,1.512
1760851380.3439853,1.484,1.509
1760851380.349429,1.513,1.509
1760851380.3548462,1.555,1.514
1760851380.3602643,1.488,1.511
1760851380.3661451,1.493,1.509
1760851380.3715653,1.506,1.509
1760851380.3770735,1.547,1.513
1760851380.3827093,1.493,1.511
1760851380.3880982,1.493,1.509
1760851380.3938131,1.512,1.509
1760851380.3992388,1.548,1.513
1760851380.4046645,1.488,1.511
1760851380.410049,1.538,1.514
1760851380.415395,1.513,1.513
1760851380.4207296,1.54,1.516
1760851380.4260614,1.485,1.513
1760851380.4314375,1.491,1.511
1760851380.4367723,1.512,1.511
1760851380.442106,1.546,1.514
1760851380.4474401,1.488,1.512
1760851380.4527936,1.488,1.509
1760851380.45809,1.525,1.511
1760851380.4632783,1.537,1.513
1760851380.468555,1.5,1.512
1760851380.4738345,1.488,1.51
1760851380.4790492,1.52,1.511
1760851380.4842448,1.538,1.513
1760851380.4895668,1.467,1.509
1760851380.4948983,1.498,1.508
1760851380.500294,1.522,1.509
1760851380.505626,1.537,1.512
1760851380.5109553,1.495,1.51
1760851380.5162866,1.494,1.509
1760851380.521913,1.468,1.505
1760851380.5276937,1.543,1.508
1760851380.5330994,1.482,1.506
1760851380.538521,1.483,1.504
1760851380.54391,1.5,1.503
1760851380.5497227,1.546,1.507
1760851380.5551398,1.586,1.515
1760851380.56138,1.492,1.513
1760851380.5673957,1.514,1.513
1760851380.5730226,1.548,1.517
1760851380.5784678,1.506,1.516
1760851380.5838802,1.486,1.513
1760851380.589299,1.429,1.504
1760851380.5952256,1.553,1.509
1760851380.6006303,1.497,1.508
1760851380.6060357,1.493,1.506
1760851380.6115842,1.535,1.509
1760851380.6170049,1.548,1.513
1760851380.6224313,1.484,1.51
1760851380.628117,1.501,1.509
1760851380.6335258,1.52,1.51
1760851380.6389105,1.559,1.515
1760851380.6443396,1.488,1.513
1760851380.6497228,1.468,1.508
1760851380.6550791,1.457,1.503
1760851380.6604872,1.546,1.507
1760851380.666883,1.493,1.506
1760851380.672295,1.492,1.505
1760851380.6776295,1.509,1.505
1760851380.6830757,1.523,1.507
1760851380.6884925,1.484,1.505
1760851380.6938279,1.52,1.506
1760851380.6992981,1.509,1.506
1760851380.7046483,1.525,1.508
1760851380.7100272,1.499,1.507
1760851380.7156994,1.432,1.5
1760851380.7214627,1.506,1.5
1760851380.7272587,1.584,1.509
1760851380.7329159,1.496,1.507
1760851380.7383368,1.522,1.509
1760851380.7438085,1.509,1.509
1760851380.7501316,1.521,1.51
1760851380.7556915,1.506,1.51
1760851380.761548,1.484,1.507
1760851380.7669728,1.509,1.507
1760851380.7725716,1.563,1.513
1760851380.7779167,1.495,1.511
1760851380.7835054,1.483,1.508
1760851380.7888918,1.511,1.509
1760851380.7943006,1.55,1.513
1760851380.7997296,1.475,1.509
1760851380.805147,1.433,1.501
1760851380.8105323,1.522,1.503
1760851380.816293,1.56,1.509
1760851380.8216856,1.483,1.506
1760851380.8271022,1.491,1.505
1760851380.8325632,1.51,1.505
1760851380.8383598,1.534,1.508
1760851380.8439424,1.488,1.506
1760851380.849563,1.488,1.504
1760851380.854952,1.505,1.504
1760851380.8603723,1.545,1.508
1760851380.865668,1.489,1.507
1760851380.8710182,1.483,1.504
1760851380.8763494,1.508,1.505
1760851380.8817866,1.533,1.507
1760851380.8875747,1.488,1.505
1760851380.893381,1.48,1.503
1760851380.8988624,1.506,1.503
1760851380.9043643,1.55,1.508
1760851380.9097872,1.485,1.506
1760851380.915815,1.477,1.503
1760851380.9212816,1.512,1.504
1760851380.9270716,1.538,1.507
1760851380.9326403,1.482,1.505
1760851380.9383616,1.463,1.5
1760851380.9442751,1.485,1.499
1760851380.9496894,1.542,1.503
1760851380.9551587,1.508,1.504
1760851380.9606056,1.482,1.502
1760851380.9663627,1.494,1.501
1760851380.9719887,1.523,1.503
1760851380.9773848,1.467,1.499
1760851380.9827743,1.472,1.497
1760851380.988487,1.479,1.495
1760851380.9938762,1.531,1.499
1760851380.9995148,1.496,1.498
1760851381.004875,1.468,1.495
1760851381.010202,1.496,1.495
1760851381.015525,1.542,1.5
1760851381.0209792,1.491,1.499
1760851381.0264525,1.512,1.5
1760851381.0318482,1.496,1.5
1760851381.037707,1.538,1.504
1760851381.0431664,1.483,1.502
1760851381.0486422,1.48,1.499
1760851381.0545018,1.501,1.5
1760851381.0599215,1.525,1.502
1760851381.0658023,1.492,1.501
1760851381.0715537,1.476,1.499
1760851381.0769632,1.472,1.496
1760851381.0825527,1.529,1.499
1760851381.0879447,1.5,1.499
1760851381.0933409,1.476,1.497
1760851381.0989335,1.509,1.498
1760851381.104321,1.523,1.501
1760851381.1097379,1.471,1.498
1760851381.1725845,1.474,1.495
1760851381.1784635,1.523,1.498
1760851381.1838026,1.484,1.497
1760851381.1892014,1.476,1.494
1760851381.1945806,1.483,1.493
1760851381.1999657,1.493,1.493
1760851381.2053497,1.483,1.492
1760851381.2107635,1.469,1.49
1760851381.2161875,1.479,1.489
1760851381.221956,1.487,1.489
1760851381.2277095,1.534,1.493
1760851381.23337,1.479,1.492
1760851381.239409,1.491,1.492
1760851381.2451196,1.493,1.492
1760851381.2508974,1.539,1.497
1760851381.2566528,1.45,1.492
1760851381.262407,1.453,1.488
1760851381.2678454,1.478,1.487
1760851381.2738576,1.551,1.493
1760851381.2793634,1.475,1.492
1760851381.285213,1.483,1.491
1760851381.2906299,1.494,1.491
1760851381.2960832,1.516,1.493
1760851381.3018441,1.483,1.492
1760851381.3077683,1.477,1.491
1760851381.3133779,1.476,1.489
1760851381.318851,1.53,1.493
1760851381.3246765,1.446,1.489
1760851381.3301013,1.462,1.486
1760851381.3354886,1.495,1.487
1760851381.3415532,1.533,1.491
1760851381.3473406,1.48,1.49
1760851381.353181,1.478,1.489
1760851381.3586006,1.496,1.49
1760851381.364,1.532,1.494
1760851381.369826,1.464,1.491
1760851381.375265,1.481,1.49
1760851381.3810272,1.49,1.49
1760851381.3864205,1.525,1.494
1760851381.391829,1.467,1.491
1760851381.3976026,1.476,1.489
1760851381.4030585,1.478,1.488
1760851381.4085534,1.538,1.493
1760851381.4139392,1.48,1.492
1760851381.4193072,1.483,1.491
1760851381.4246435,1.496,1.492
1760851381.429983,1.533,1.496
1760851381.4353106,1.48,1.494
1760851381.4406462,1.482,1.493
1760851381.4460022,1.476,1.491
1760851381.4513128,1.532,1.495
1760851381.456665,1.479,1.494
1760851381.4619963,1.479,1.492
1760851381.4672873,1.489,1.492
1760851381.4726176,1.545,1.497
1760851381.4779515,1.506,1.498
1760851381.4836874,1.483,1.497
1760851381.4890819,1.458,1.493
1760851381.4944189,1.535,1.497
1760851381.4997444,1.437,1.491
1760851381.5050743,1.471,1.489
1760851381.510477,1.431,1.483
1760851381.5164132,1.542,1.489
1760851381.5221856,1.471,1.487
1760851381.5276985,1.481,1.487
1760851381.5330954,1.492,1.487
1760851381.5384908,1.54,1.492
1760851381.5438926,1.492,1.492
1760851381.5496223,1.481,1.491
1760851381.555044,1.482,1.49
1760851381.5604513,1.536,1.495
1760851381.56624,1.485,1.494
1760851381.572287,1.478,1.492
1760851381.5780716,1.491,1.492
1760851381.5834827,1.534,1.496
1760851381.5888984,1.483,1.495
1760851381.5948026,1.457,1.491
1760851381.6002395,1.487,1.491
1760851381.605653,1.517,1.493
1760851381.6112697,1.467,1.491
1760851381.6170957,1.469,1.489
1760851381.62302,1.481,1.488
1760851381.6284342,1.514,1.491
1760851381.6341958,1.48,1.489
1760851381.6399348,1.472,1.488
1760851381.6458247,1.483,1.487
1760851381.6515965,1.532,1.492
1760851381.657408,1.471,1.49
1760851381.6632047,1.546,1.495
1760851381.6687968,1.479,1.494
1760851381.674796,1.53,1.497
1760851381.6801896,1.476,1.495
1760851381.6856081,1.461,1.492
1760851381.6910436,1.478,1.49
1760851381.6969306,1.517,1.493
1760851381.7025886,1.469,1.491
1760851381.7082167,1.476,1.489
1760851381.713699,1.483,1.488
1760851381.7194724,1.53,1.493
1760851381.7251663,1.461,1.49
1760851381.7309299,1.446,1.485
1760851381.736328,1.485,1.485
1760851381.7417734,1.53,1.49
1760851381.7475667,1.485,1.489
1760851381.7533705,1.483,1.489
1760851381.758792,1.473,1.487
1760851381.7650237,1.527,1.491
1760851381.770409,1.48,1.49
1760851381.7758653,1.476,1.488
1760851381.781851,1.478,1.487
1760851381.7876632,1.48,1.487
1760851381.7930572,1.472,1.485
1760851381.7983928,1.476,1.484
1760851381.8037283,1.492,1.485
1760851381.809064,1.534,1.49
1760851381.8144608,1.469,1.488
1760851381.8197932,1.471,1.486
1760851381.8255224,1.468,1.484
1760851381.8309143,1.531,1.489
1760851381.8365812,1.472,1.487
1760851381.8420143,1.457,1.484
1760851381.8473535,1.483,1.484
1760851381.852748,1.527,1.488
1760851381.8581805,1.459,1.485
1760851381.86394,1.472,1.484
1760851381.869738,1.478,1.483
1760851381.8755312,1.519,1.487
1760851381.8809397,1.47,1.485
1760851381.886702,1.469,1.484
1760851381.8921027,1.507,1.486
1760851381.8975153,1.545,1.492
1760851381.9029326,1.437,1.486
1760851381.9083786,1.462,1.484
1760851381.9139802,1.482,1.484
1760851381.9193823,1.517,1.487
1760851381.9247792,1.471,1.485
1760851381.9305983,1.457,1.483
1760851381.935998,1.481,1.482
1760851381.9417872,1.523,1.487
1760851381.9471507,1.475,1.485
1760851381.952504,1.467,1.484
1760851381.9582033,1.474,1.483
1760851381.9637046,1.521,1.486
1760851381.9694648,1.466,1.484
1760851381.975269,1.472,1.483
1760851381.9806602,1.457,1.481
1760851381.986257,1.527,1.485
1760851381.9918327,1.467,1.483
1760851381.9971683,1.471,1.482
1760851382.0025692,1.484,1.482
1760851382.007915,1.534,1.488
1760851382.013241,1.479,1.487
1760851382.0186577,1.48,1.486
1760851382.0240443,1.48,1.486
1760851382.0299673,1.532,1.49
1760851382.0353312,1.495,1.491
1760851382.0410962,1.471,1.489
1760851382.0468364,1.484,1.488
1760851382.052599,1.526,1.492
1760851382.0583487,1.482,1.491
1760851382.0641153,1.45,1.487
1760851382.0698774,1.455,1.484
1760851382.0756326,1.493,1.485
1760851382.0811918,1.469,1.483
1760851382.08672,1.472,1.482
1760851382.0925756,1.473,1.481
1760851382.097975,1.491,1.482
1760851382.1033866,1.479,1.482
1760851382.1090586,1.478,1.481
1760851382.114866,1.484,1.482
1760851382.120635,1.534,1.487
1760851382.1262603,1.472,1.485
1760851382.1316857,1.463,1.483
1760851382.1374648,1.488,1.483
1760851382.1433036,1.496,1.485
1760851382.1491294,1.457,1.482
1760851382.1550617,1.497,1.483
1760851382.1609933,1.474,1.483
1760851382.1668186,1.525,1.487
1760851382.172608,1.474,1.485
1760851382.1783736,1.469,1.484
1760851382.1838093,1.47,1.482
1760851382.189532,1.521,1.486
1760851382.195395,1.463,1.484
1760851382.2008166,1.477,1.483
1760851382.206618,1.472,1.482
1760851382.2123868,1.535,1.487
1760851382.2182372,1.47,1.486
1760851382.223692,1.496,1.487
1760851382.2294648,1.484,1.486
1760851382.2352636,1.535,1.491
1760851382.2410235,1.481,1.49
1760851382.2471411,1.472,1.488
1760851382.2530549,1.48,1.488
1760851382.2592099,1.533,1.492
1760851382.265165,1.476,1.491
1760851382.2709286,1.467,1.488
1760851382.2763479,1.483,1.488
1760851382.2817366,1.529,1.492
1760851382.2875075,1.472,1.49
1760851382.292893,1.465,1.487
1760851382.298358,1.474,1.486
1760851382.3042243,1.513,1.489
1760851382.309657,1.475,1.487
1760851382.3154647,1.476,1.486
1760851382.3213592,1.481,1.486
1760851382.326777,1.519,1.489
1760851382.3321786,1.398,1.48
1760851382.3380294,1.467,1.479
1760851382.3434575,1.509,1.482
1760851382.348869,1.519,1.485
1760851382.3544998,1.443,1.481
1760851382.3600235,1.477,1.481
1760851382.3658316,1.464,1.479
1760851382.3716528,1.516,1.483
1760851382.3774145,1.474,1.482
1760851382.3830674,1.467,1.48
1760851382.3884757,1.43,1.475
1760851382.3943343,1.51,1.479
1760851382.399772,1.462,1.477
1760851382.405603,1.464,1.476
1760851382.411114,1.427,1.471
1760851382.4164503,1.519,1.476
1760851382.4218235,1.452,1.473
1760851382.4271898,1.455,1.472
1760851382.4327497,1.463,1.471
1760851382.4380853,1.532,1.477
1760851382.4434218,1.442,1.473
1760851382.4487603,1.457,1.472
1760851382.4541142,1.483,1.473
1760851382.459529,1.509,1.477
1760851382.4649239,1.458,1.475
1760851382.4704993,1.429,1.47
1760851382.47588,1.458,1.469
1760851382.481263,1.519,1.474
1760851382.486835,1.455,1.472
1760851382.49222,1.462,1.471
1760851382.497556,1.465,1.47
1760851382.503312,1.512,1.475
1760851382.5089576,1.471,1.474
1760851382.5145361,1.459,1.473
1760851382.5199614,1.475,1.473
1760851382.5257723,1.525,1.478
1760851382.531187,1.432,1.473
1760851382.5367637,1.459,1.472
1760851382.5425637,1.459,1.471
1760851382.5481427,1.538,1.478
1760851382.5535488,1.459,1.476
1760851382.5589623,1.458,1.474
1760851382.5643933,1.474,1.474
1760851382.5697284,1.519,1.478
1760851382.5753443,1.469,1.477
1760851382.581561,1.465,1.476
1760851382.5873406,1.48,1.477
1760851382.5931299,1.545,1.483
1760851382.598523,1.465,1.482
1760851382.6039598,1.449,1.478
1760851382.6093798,1.475,1.478
1760851382.6151779,1.553,1.485
1760851382.6213675,1.466,1.483
1760851382.6271694,1.455,1.481
1760851382.6326396,1.455,1.478
1760851382.638254,1.509,1.481
1760851382.6437151,1.459,1.479
1760851382.6493158,1.455,1.477
1760851382.6551733,1.465,1.475
1760851382.6609895,1.521,1.48
1760851382.6667967,1.456,1.478
1760851382.6721983,1.46,1.476
1760851382.6779678,1.468,1.475
1760851382.6833322,1.537,1.481
1760851382.6892126,1.466,1.48
1760851382.6946611,1.461,1.478
1760851382.7000902,1.468,1.477
1760851382.7055225,1.514,1.481
1760851382.7109723,1.461,1.479
1760851382.7167802,1.461,1.477
1760851382.7223728,1.468,1.476
1760851382.7282028,1.53,1.481
1760851382.7338445,1.472,1.48
1760851382.7396557,1.457,1.478
1760851382.7452385,1.46,1.476
1760851382.7506235,1.521,1.481
1760851382.7563853,1.457,1.478
1760851382.762248,1.447,1.475
1760851382.7679608,1.476,1.475
1760851382.773722,1.526,1.48
1760851382.7795632,1.471,1.479
1760851382.7853181,1.469,1.478
1760851382.790942,1.464,1.477
1760851382.7970777,1.521,1.481
1760851382.802887,1.443,1.478
1760851382.8088422,1.477,1.478
1760851382.815034,1.472,1.477
1760851382.8208456,1.531,1.482
1760851382.8265584,1.469,1.481
1760851382.8321993,1.468,1.48
1760851382.837972,1.508,1.483
1760851382.8437817,1.523,1.487
1760851382.8493307,1.461,1.484
1760851382.8551717,1.467,1.482
1760851382.8609607,1.435,1.478
1760851382.8667996,1.533,1.483
1760851382.8721752,1.483,1.483
1760851382.8779793,1.464,1.481
1760851382.8833253,1.466,1.48
1760851382.8891296,1.525,1.484
1760851382.894502,1.47,1.483
1760851382.8999515,1.457,1.48
1760851382.9053457,1.413,1.474
1760851382.910738,1.532,1.479
1760851382.916732,1.47,1.478
1760851382.922439,1.48,1.479
1760851382.9278445,1.471,1.478
1760851382.9336412,1.567,1.487
1760851382.9393907,1.478,1.486
1760851382.9449663,1.459,1.483
1760851382.9508958,1.461,1.481
1760851382.9566588,1.519,1.485
1760851382.9624221,1.438,1.48
1760851382.9678543,1.483,1.48
1760851382.9737031,1.476,1.48
1760851382.9793172,1.525,1.484
1760851382.9847157,1.471,1.483
1760851382.990046,1.472,1.482
1760851382.9954877,1.445,1.478
1760851383.0008943,1.546,1.485
1760851383.0061991,1.469,1.483
1760851383.0115314,1.448,1.48
1760851383.0169353,1.475,1.479
1760851383.0225434,1.544,1.486
1760851383.0279737,1.466,1.484
1760851383.0339758,1.476,1.483
1760851383.0394118,1.469,1.482
1760851383.045042,1.51,1.485
1760851383.050811,1.477,1.484
1760851383.056575,1.488,1.484
1760851383.0623355,1.468,1.483
1760851383.0677798,1.521,1.486
1760851383.0733528,1.476,1.485
1760851383.0787485,1.472,1.484
1760851383.084136,1.469,1.483
1760851383.0895696,1.524,1.487
1760851383.094964,1.474,1.485
1760851383.1003883,1.482,1.485
1760851383.1057258,1.476,1.484
1760851383.111149,1.53,1.489
1760851383.1171026,1.471,1.487
1760851383.1225147,1.476,1.486
1760851383.1281993,1.459,1.483
1760851383.1341558,1.533,1.488
1760851383.140058,1.482,1.488
1760851383.145495,1.47,1.486
1760851383.1512983,1.472,1.484
1760851383.1567528,1.532,1.489
1760851383.1625104,1.476,1.488
1760851383.1679566,1.475,1.486
1760851383.1737843,1.461,1.484
1760851383.179852,1.517,1.487
1760851383.185264,1.458,1.484
1760851383.1911337,1.422,1.478
1760851383.196978,1.467,1.477
1760851383.2027154,1.517,1.481
1760851383.2086034,1.462,1.479
1760851383.2143633,1.459,1.477
1760851383.2201695,1.468,1.476
1760851383.2255855,1.509,1.479
1760851383.231362,1.459,1.477
1760851383.2371228,1.466,1.476
1760851383.243177,1.431,1.472
1760851383.2485776,1.521,1.477
1760851383.2539895,1.411,1.47
1760851383.2599812,1.458,1.469
1760851383.26544,1.488,1.471
1760851383.2717693,1.524,1.476
1760851383.2778358,1.481,1.477
1760851383.2832754,1.459,1.475
1760851383.2891421,1.487,1.476
1760851383.2951567,1.522,1.481
1760851383.3009434,1.509,1.484
1760851383.3063483,1.475,1.483
1760851383.3116827,1.465,1.481
1760851383.317452,1.519,1.485
1760851383.3228395,1.471,1.483
1760851383.3282242,1.459,1.481
1760851383.33364,1.493,1.482
1760851383.3391182,1.53,1.487
1760851383.3447223,1.472,1.485
1760851383.350115,1.472,1.484
1760851383.3554993,1.466,1.482
1760851383.3611052,1.501,1.484
1760851383.3665397,1.474,1.483
1760851383.3719413,1.488,1.484
1760851383.377736,1.455,1.481
1760851383.3836176,1.525,1.485
1760851383.3891385,1.47,1.484
1760851383.3949313,1.472,1.482
1760851383.4003413,1.468,1.481
1760851383.405674,1.519,1.485
1760851383.4114082,1.466,1.483
1760851383.416748,1.467,1.481
1760851383.4225316,1.474,1.481
1760851383.4278686,1.518,1.484
1760851383.4332185,1.467,1.483
1760851383.4385529,1.496,1.484
1760851383.4438894,1.462,1.482
1760851383.4492378,1.547,1.488
1760851383.4545767,1.456,1.485
1760851383.459872,1.445,1.481
1760851383.4651291,1.479,1.481
1760851383.470409,1.549,1.488
1760851383.4757605,1.469,1.486
1760851383.4811628,1.464,1.484
1760851383.486497,1.469,1.482
1760851383.491843,1.501,1.484
1760851383.4974089,1.467,1.482
1760851383.5028245,1.456,1.48
1760851383.508235,1.456,1.477
1760851383.5138059,1.531,1.483
1760851383.5194407,1.479,1.482
1760851383.5250201,1.471,1.481
1760851383.5304122,1.456,1.479
1760851383.5357556,1.484,1.479
1760851383.5413258,1.469,1.478
1760851383.546704,1.501,1.48
1760851383.5521564,1.463,1.479
1760851383.5575728,1.522,1.483
1760851383.5631738,1.456,1.48
1760851383.5685894,1.466,1.479
1760851383.574492,1.457,1.477
1760851383.5799057,1.524,1.481
1760851383.5853002,1.479,1.481
1760851383.5906866,1.474,1.48
1760851383.5960784,1.461,1.479
1760851383.6014752,1.513,1.482
1760851383.607346,1.482,1.482
1760851383.6132243,1.457,1.479
1760851383.6186388,1.43,1.474
1760851383.6240842,1.513,1.478
1760851383.635493,1.442,1.464
1760851383.6412518,1.496,1.467
1760851383.6471405,1.45,1.466
1760851383.6530006,1.432,1.462
1760851383.6585267,1.424,1.458
1760851383.6641185,1.467,1.459
1760851383.6703577,1.445,1.458
1760851383.6757512,1.426,1.455
1760851383.6812084,1.422,1.451
1760851383.6865995,1.479,1.454
1760851383.6920083,1.501,1.459
1760851383.6979167,1.442,1.457
1760851383.7033172,1.442,1.456
1760851383.7091289,1.501,1.46
1760851383.7151868,1.46,1.46
1760851383.7209506,1.445,1.459
1760851383.7270534,1.446,1.457
1760851383.7328656,1.496,1.461
1760851383.7384844,1.457,1.461
1760851383.7439284,1.453,1.46
1760851383.7494588,1.452,1.459
1760851383.7549396,1.488,1.462
1760851383.7603343,1.47,1.463
1760851383.7660947,1.453,1.462
1760851383.7714813,1.442,1.46
1760851383.7768517,1.495,1.463
1760851383.7822828,1.464,1.463
1760851383.7876773,1.43,1.46
1760851383.7931917,1.44,1.458
1760851383.798608,1.498,1.462
1760851383.8045056,1.463,1.462
1760851383.8099566,1.453,1.461
1760851383.8156934,1.449,1.46
1760851383.8214517,1.492,1.463
1760851383.8273287,1.465,1.463
1760851383.8335335,1.449,1.462
1760851383.838928,1.44,1.46
1760851383.8446946,1.495,1.463
1760851383.8505929,1.466,1.464
1760851383.8560534,1.45,1.462
1760851383.8614645,1.438,1.46
1760851383.8673165,1.487,1.463
1760851383.8727696,1.467,1.463
1760851383.8788931,1.456,1.462
1760851383.8847508,1.438,1.46
1760851383.8905115,1.49,1.463
1760851383.8958895,1.463,1.463
1760851383.9012835,1.449,1.461
1760851383.9066637,1.435,1.459
1760851383.91205,1.499,1.463
1760851383.9174867,1.464,1.463
1760851383.9228978,1.457,1.462
1760851383.9283237,1.451,1.461
1760851383.9337656,1.501,1.465
1760851383.939431,1.484,1.467
1760851383.9448502,1.466,1.467
1760851383.9507532,1.458,1.466
1760851383.9561398,1.505,1.47
1760851383.9616725,1.479,1.471
1760851383.9671235,1.463,1.47
1760851383.9725804,1.457,1.469
1760851383.978354,1.509,1.473
1760851383.983745,1.481,1.474
1760851383.989162,1.457,1.472
1760851383.9945452,1.457,1.47
1760851383.9999425,1.507,1.474
1760851384.0052452,1.485,1.475
1760851384.0105112,1.469,1.475
1760851384.0157957,1.431,1.47
1760851384.0209854,1.493,1.473
1760851384.02625,1.48,1.473
1760851384.031583,1.456,1.472
1760851384.0369146,1.448,1.469
1760851384.042248,1.501,1.472
1760851384.0475848,1.483,1.473
1760851384.05292,1.455,1.472
1760851384.0582633,1.451,1.469
1760851384.0637429,1.49,1.472
1760851384.0696788,1.477,1.472
1760851384.0752728,1.459,1.471
1760851384.081039,1.452,1.469
1760851384.0864458,1.496,1.472
1760851384.0917976,1.483,1.473
1760851384.0972419,1.459,1.471
1760851384.102622,1.456,1.47
1760851384.1079597,1.501,1.473
1760851384.1132948,1.475,1.473
1760851384.1187203,1.466,1.472
1760851384.1240628,1.457,1.471
1760851384.1296422,1.495,1.473
1760851384.1350574,1.48,1.474
1760851384.1404564,1.457,1.472
1760851384.1458457,1.457,1.471
1760851384.151612,1.506,1.474
1760851384.1573718,1.488,1.476
1760851384.1627026,1.464,1.475
1760851384.168645,1.455,1.473
1760851384.1740654,1.509,1.476
1760851384.1794953,1.495,1.478
1760851384.184927,1.463,1.477
1760851384.190418,1.461,1.475
1760851384.195811,1.498,1.477
1760851384.2012112,1.492,1.479
1760851384.2069695,1.473,1.478
1760851384.2123616,1.461,1.476
1760851384.2179883,1.5,1.479
1760851384.2233512,1.483,1.479
1760851384.228788,1.472,1.478
1760851384.2342088,1.467,1.477
1760851384.2396116,1.483,1.478
1760851384.2450054,1.483,1.478
1760851384.2508304,1.468,1.477
1760851384.2565916,1.464,1.476
1760851384.2619824,1.521,1.481
1760851384.2673643,1.482,1.481
1760851384.2731764,1.468,1.479
1760851384.2785997,1.459,1.477
1760851384.2839413,1.508,1.48
1760851384.2896807,1.488,1.481
1760851384.2952774,1.456,1.479
1760851384.3006256,1.453,1.476
1760851384.3060136,1.49,1.478
1760851384.311371,1.481,1.478
1760851384.3167994,1.461,1.476
1760851384.3222992,1.45,1.474
1760851384.327699,1.49,1.475
1760851384.333325,1.47,1.475
1760851384.3386903,1.454,1.473
1760851384.3440852,1.455,1.471
1760851384.3495016,1.496,1.473
1760851384.3548326,1.469,1.473
1760851384.3601637,1.451,1.471
1760851384.3661177,1.447,1.468
1760851384.3715372,1.491,1.471
1760851384.3768733,1.48,1.471
1760851384.382214,1.456,1.47
1760851384.3876112,1.445,1.467
1760851384.3929467,1.492,1.47
1760851384.3983102,1.477,1.471
1760851384.4036453,1.456,1.469
1760851384.4089892,1.448,1.467
1760851384.414326,1.494,1.47
1760851384.419846,1.471,1.47
1760851384.4251845,1.457,1.469
1760851384.4305222,1.447,1.466
1760851384.435861,1.493,1.469
1760851384.4412017,1.475,1.47
1760851384.4465363,1.457,1.468
1760851384.4518874,1.447,1.466
1760851384.4572878,1.496,1.469
1760851384.462493,1.47,1.469
1760851384.4677703,1.45,1.467
1760851384.4730995,1.444,1.465
1760851384.478436,1.493,1.468
1760851384.483768,1.47,1.468
1760851384.48926,1.456,1.467
1760851384.494602,1.441,1.464
1760851384.4999382,1.493,1.467
1760851384.5052748,1.48,1.468
1760851384.5107129,1.457,1.467
1760851384.5161865,1.443,1.465
1760851384.5219584,1.483,1.467
1760851384.5281727,1.476,1.468
1760851384.5336957,1.444,1.465
1760851384.5391128,1.44,1.463
1760851384.544507,1.483,1.465
1760851384.5498939,1.477,1.466
1760851384.5552337,1.456,1.465
1760851384.56062,1.447,1.463
1760851384.5663826,1.484,1.465
1760851384.5717535,1.463,1.465
1760851384.5775352,1.445,1.463
1760851384.5829613,1.442,1.461
1760851384.5883553,1.494,1.464
1760851384.5947242,1.482,1.466
1760851384.6000566,1.447,1.464
1760851384.6053905,1.45,1.463
1760851384.6107743,1.494,1.466
1760851384.616182,1.467,1.466
1760851384.6219456,1.455,1.465
1760851384.6273766,1.444,1.463
1760851384.6332285,1.472,1.464
1760851384.6393454,1.469,1.464
1760851384.6446798,1.459,1.464
1760851384.6500196,1.438,1.461
1760851384.6555448,1.488,1.464
1760851384.6609805,1.474,1.465
1760851384.6673825,1.442,1.463
1760851384.6728091,1.437,1.46
1760851384.6782098,1.473,1.461
1760851384.6837392,1.47,1.462
1760851384.6890707,1.41,1.457
1760851384.6944668,1.431,1.454
1760851384.6998749,1.48,1.457
1760851384.7053854,1.466,1.458
1760851384.7107642,1.443,1.456
1760851384.7161646,1.436,1.454
1760851384.7225783,1.483,1.457
1760851384.7279844,1.461,1.458
1760851384.733387,1.431,1.455
1760851384.7387862,1.43,1.452
1760851384.744125,1.466,1.454
1760851384.7495341,1.457,1.454
1760851384.754929,1.424,1.451
1760851384.7602713,1.424,1.448
1760851384.7660336,1.472,1.451
1760851384.771648,1.449,1.451
1760851384.7774143,1.413,1.447
1760851384.782873,1.408,1.443
1760851384.7883463,1.455,1.444
1760851384.7937326,1.459,1.446
1760851384.7991507,1.384,1.439
1760851384.8045375,1.378,1.433
1760851384.8103044,1.429,1.433
1760851384.8161795,1.414,1.431
1760851384.8216665,1.398,1.428
1760851384.8274777,1.385,1.423
1760851384.832872,1.43,1.424
1760851384.8382604,1.42,1.424
1760851384.843606,1.39,1.42
1760851384.8489401,1.38,1.416
1760851384.854277,1.422,1.417
1760851384.8595788,1.411,1.416
1760851384.865344,1.393,1.414
1760851384.8711433,1.38,1.411
1760851384.8765619,1.43,1.413
1760851384.8819993,1.41,1.412
1760851384.8877008,1.383,1.409
1760851384.8931937,1.376,1.406
1760851384.898612,1.41,1.407
1760851384.9043722,1.397,1.406
1760851384.90976,1.379,1.403
1760851384.9155285,1.334,1.396
1760851384.9209166,1.405,1.397
1760851384.9266312,1.406,1.398
1760851384.9320147,1.382,1.396
1760851384.9373994,1.378,1.394
1760851384.9432113,1.41,1.396
1760851384.9488108,1.407,1.397
1760851384.954149,1.398,1.397
1760851384.9597387,1.38,1.396
1760851384.9655428,1.432,1.399
1760851384.9713328,1.42,1.401
1760851384.9767797,1.394,1.401
1760851384.982172,1.395,1.4
1760851384.9877203,1.427,1.403
1760851384.9933531,1.426,1.405
1760851384.9987316,1.39,1.404
1760851385.004091,1.393,1.403
1760851385.0094447,1.438,1.406
1760851385.0147738,1.433,1.409
1760851385.020124,1.405,1.408
1760851385.0254686,1.392,1.407
1760851385.0308595,1.432,1.409
1760851385.0361884,1.433,1.412
1760851385.0415816,1.402,1.411
1760851385.0469606,1.405,1.41
1760851385.052358,1.443,1.414
1760851385.0576916,1.434,1.416
1760851385.063113,1.414,1.415
1760851385.0684514,1.398,1.414
1760851385.0737836,1.447,1.417
1760851385.0791452,1.431,1.418
1760851385.0845501,1.41,1.418
1760851385.0898862,1.405,1.416
1760851385.0952818,1.443,1.419
1760851385.1006167,1.44,1.421
1760851385.1059499,1.414,1.42
1760851385.111296,1.409,1.419
1760851385.116633,1.45,1.422
1760851385.1220267,1.442,1.424
1760851385.1276903,1.411,1.423
1760851385.1331177,1.405,1.421
1760851385.1386561,1.449,1.424
1760851385.1445434,1.437,1.425
1760851385.1504796,1.42,1.425
1760851385.1563442,1.405,1.423
1760851385.1621475,1.453,1.426
1760851385.1678028,1.452,1.428
1760851385.1741314,1.423,1.428
1760851385.1800416,1.413,1.426
1760851385.1854935,1.452,1.429
1760851385.1908834,1.444,1.43
1760851385.1967835,1.423,1.43
1760851385.2025032,1.422,1.429
1760851385.2078784,1.472,1.433
1760851385.2132955,1.459,1.436
1760851385.2186859,1.434,1.436
1760851385.2244477,1.432,1.435
1760851385.230211,1.472,1.439
1760851385.235603,1.481,1.443
1760851385.2416582,1.448,1.444
1760851385.247088,1.438,1.443
1760851385.2528603,1.492,1.448
1760851385.2583034,1.487,1.452
1760851385.2637153,1.462,1.453
1760851385.2691834,1.458,1.453
1760851385.2749524,1.496,1.458
1760851385.2808113,1.488,1.461
1760851385.2865725,1.461,1.461
1760851385.2919698,1.457,1.46
1760851385.2977386,1.506,1.465
1760851385.303485,1.508,1.469
1760851385.3088844,1.467,1.469
1760851385.3143291,1.467,1.469
1760851385.3197823,1.503,1.472
1760851385.325522,1.512,1.476
1760851385.331414,1.483,1.477
1760851385.3369043,1.495,1.479
1760851385.3423853,1.531,1.484
1760851385.3477805,1.53,1.489
1760851385.3531737,1.501,1.49
1760851385.3589182,1.496,1.49
1760851385.3652487,1.538,1.495
1760851385.3710346,1.547,1.5
1760851385.376541,1.517,1.502
1760851385.382356,1.508,1.503
1760851385.3877723,1.555,1.508
1760851385.3931828,1.555,1.512
1760851385.3985765,1.517,1.513
1760851385.4040296,1.53,1.515
1760851385.4094126,1.571,1.52
1760851385.4147458,1.567,1.525
1760851385.4200776,1.535,1.526
1760851385.425408,1.534,1.527
1760851385.4307413,1.573,1.531
1760851385.4360783,1.575,1.536
1760851385.441411,1.545,1.537
1760851385.4467466,1.535,1.536
1760851385.452084,1.577,1.541
1760851385.4574335,1.568,1.543
1760851385.462647,1.553,1.544
1760851385.4678442,1.534,1.543
1760851385.4731562,1.585,1.547
1760851385.4784865,1.613,1.554
1760851385.4838119,1.552,1.554
1760851385.489146,1.534,1.552
1760851385.4944856,1.573,1.554
1760851385.499874,1.571,1.556
1760851385.5052047,1.546,1.555
1760851385.510538,1.534,1.553
1760851385.5159667,1.575,1.555
1760851385.5218658,1.561,1.556
1760851385.5272837,1.539,1.554
1760851385.5331876,1.534,1.552
1760851385.5386329,1.568,1.554
1760851385.5440187,1.566,1.555
1760851385.5496478,1.531,1.552
1760851385.5551,1.53,1.55
1760851385.5609488,1.575,1.553
1760851385.5670087,1.561,1.553
1760851385.572879,1.534,1.552
1760851385.578304,1.512,1.548
1760851385.583694,1.55,1.548
1760851385.5891423,1.552,1.548
1760851385.5947595,1.538,1.547
1760851385.6001732,1.513,1.544
1760851385.6055663,1.545,1.544
1760851385.6109593,1.557,1.545
1760851385.6168013,1.521,1.543
1760851385.6222138,1.509,1.539
1760851385.6276922,1.548,1.54
1760851385.6331265,1.547,1.541
1760851385.6385255,1.508,1.538
1760851385.6444113,1.517,1.536
1760851385.6499543,1.558,1.538
1760851385.6553574,1.551,1.539
1760851385.6611247,1.509,1.536
1760851385.6669161,1.509,1.533
1760851385.6728387,1.55,1.535
1760851385.6782298,1.555,1.537
1760851385.6836207,1.516,1.535
1760851385.6889625,1.506,1.532
1760851385.6944413,1.549,1.534
1760851385.6998262,1.559,1.536
1760851385.7057562,1.517,1.534
1760851385.7112496,1.516,1.532
1760851385.717478,1.551,1.534
1760851385.7233646,1.56,1.537
1760851385.7287848,1.517,1.535
1760851385.7347605,1.509,1.532
1760851385.7403092,1.546,1.534
1760851385.7461927,1.547,1.535
1760851385.7515936,1.504,1.532
1760851385.7573564,1.507,1.529
1760851385.7632482,1.546,1.531
1760851385.768787,1.551,1.533
1760851385.7741923,1.501,1.53
1760851385.779581,1.503,1.527
1760851385.784973,1.54,1.529
1760851385.79073,1.546,1.53
1760851385.7961376,1.509,1.528
1760851385.80193,1.496,1.525
1760851385.8076978,1.534,1.526
1760851385.8131392,1.534,1.527
1760851385.818891,1.503,1.524
1760851385.8242755,1.486,1.52
1760851385.8301146,1.538,1.522
1760851385.8356872,1.53,1.523
1760851385.8418033,1.493,1.52
1760851385.8475916,1.501,1.518
1760851385.8533742,1.534,1.52
1760851385.858816,1.54,1.522
1760851385.8645997,1.498,1.519
1760851385.8708236,1.496,1.517
1760851385.8765051,1.485,1.514
1760851385.8823135,1.473,1.51
1760851385.8877044,1.475,1.506
1760851385.893131,1.488,1.504
1760851385.898512,1.53,1.507
1760851385.9039023,1.54,1.51
1760851385.9092908,1.498,1.509
1760851385.9151804,1.487,1.507
1760851385.9209588,1.533,1.509
1760851385.9263577,1.53,1.511
1760851385.9317675,1.501,1.51
1760851385.937681,1.485,1.508
1760851385.943332,1.494,1.507
1760851385.9487588,1.522,1.508
1760851385.9541833,1.496,1.507
1760851385.9596488,1.488,1.505
1760851385.9654677,1.534,1.508
1760851385.9712164,1.533,1.51
1760851385.976979,1.495,1.509
1760851385.9825857,1.482,1.506
1760851385.9879823,1.509,1.506
1760851385.9934392,1.521,1.508
1760851385.9988217,1.483,1.505
1760851386.0041714,1.475,1.502
1760851386.0095077,1.511,1.503
1760851386.0148363,1.509,1.504
1760851386.020171,1.468,1.5
1760851386.0256145,1.457,1.496
1760851386.0314043,1.505,1.497
1760851386.0371678,1.496,1.497
1760851386.0425699,1.452,1.492
1760851386.0479853,1.442,1.487
1760851386.0537229,1.478,1.486
1760851386.0598807,1.483,1.486
1760851386.065692,1.442,1.481
1760851386.0711417,1.429,1.476
1760851386.0765278,1.468,1.475
1760851386.0819843,1.465,1.474
1760851386.0877893,1.429,1.47
1760851386.0932171,1.409,1.464
1760851386.0986674,1.447,1.462
1760851386.104057,1.422,1.458
1760851386.109526,1.321,1.444
1760851386.1154137,1.195,1.419
1760851386.1211877,1.111,1.389
1760851386.1269484,0.973,1.347
1760851386.132368,0.811,1.293
1760851386.138189,0.691,1.233
1760851386.143951,0.636,1.173
1760851386.1498723,0.549,1.111
1760851386.1552846,0.401,1.04
1760851386.1610417,0.332,0.969
1760851386.166809,0.282,0.9
1760851386.1726754,0.206,0.831
1760851386.178448,0.085,0.756
1760851386.1844163,0.009,0.682
1760851386.1901853,0.0,0.613
1760851386.1958194,0.0,0.552
1760851386.201592,0.0,0.497
1760851386.207387,0.0,0.447
1760851386.2130268,0.0,0.403
1760851386.2184324,0.0,0.362
1760851386.2243164,0.0,0.326
1760851386.2297795,0.0,0.293
1760851386.235204,0.0,0.264
1760851386.2415044,0.0,0.238
1760851386.2472942,0.0,0.214
1760851386.2530677,0.0,0.193
1760851386.2587743,0.0,0.173
1760851386.2646286,0.0,0.156
1760851386.270396,0.0,0.14
1760851386.2758083,0.0,0.126
1760851386.2812274,0.0,0.114
1760851386.2866883,0.0,0.102
1760851386.292094,0.0,0.092
1760851386.297858,0.0,0.083
1760851386.303295,0.0,0.075
1760851386.3087437,0.0,0.067
1760851386.314628,0.0,0.06
1760851386.3203645,0.0,0.054
1760851386.3260956,0.0,0.049
1760851386.3320198,0.0,0.044
1760851386.3383093,0.0,0.04
1760851386.344027,0.0,0.036
1760851386.3497288,0.0,0.032
1760851386.355203,0.0,0.029
1760851386.360603,0.0,0.026
1760851386.3663874,0.0,0.023
1760851386.3717961,0.0,0.021
1760851386.3775575,0.0,0.019
1760851386.3829515,0.0,0.017
1760851386.3887143,0.0,0.015
1760851386.3941422,0.0,0.014
1760851386.399564,0.0,0.012
1760851386.4050455,0.0,0.011
1760851386.4104824,0.0,0.01
1760851386.4158232,0.0,0.009
1760851386.4211557,0.0,0.008
1760851386.4264894,0.0,0.007
1760851386.4318256,0.0,0.007
1760851386.4371603,0.0,0.006
1760851386.4424958,0.043,0.01
1760851386.447871,0.042,0.013
1760851386.4532135,0.065,0.018
1760851386.45861,0.115,0.028
1760851386.4639423,0.142,0.039
1760851386.4692702,0.118,0.047
1760851386.4745982,0.135,0.056
1760851386.480174,0.181,0.068
1760851386.4855096,0.193,0.081
1760851386.4908392,0.168,0.089
1760851386.4961894,0.177,0.098
1760851386.5015247,0.205,0.109
1760851386.506922,0.224,0.12
1760851386.5123034,0.19,0.127
1760851386.5177195,0.202,0.135
1760851386.5231864,0.25,0.146
1760851386.5285773,0.268,0.159
1760851386.5340054,0.246,0.167
1760851386.5393722,0.259,0.176
1760851386.5450902,0.313,0.19
1760851386.5509362,0.344,0.205
1760851386.5566957,0.334,0.218
1760851386.562089,0.36,0.232
1760851386.5674272,0.409,0.25
1760851386.5732408,0.454,0.27
1760851386.5786402,0.442,0.288
1760851386.584073,0.468,0.306
1760851386.5894902,0.522,0.327
1760851386.5949082,0.564,0.351
1760851386.6006916,0.556,0.371
1760851386.6064603,0.57,0.391
1760851386.6119463,0.608,0.413
1760851386.6175406,0.653,0.437
1760851386.6229625,0.623,0.456
1760851386.62877,0.637,0.474
1760851386.6349287,0.685,0.495
1760851386.6407344,0.727,0.518
1760851386.6465495,0.708,0.537
1760851386.6520145,0.729,0.556
1760851386.6578372,0.762,0.577
1760851386.6636124,0.801,0.599
1760851386.6694427,0.777,0.617
1760851386.6748497,0.788,0.634
1760851386.6803057,0.839,0.655
1760851386.6857162,0.868,0.676
1760851386.6910985,0.838,0.692
1760851386.6969519,0.844,0.707
1760851386.7024302,0.888,0.725
1760851386.7078326,0.895,0.742
1760851386.713606,0.865,0.755
1760851386.7190251,0.874,0.767
1760851386.7244186,0.89,0.779
1760851386.729841,0.927,0.794
1760851386.7353787,0.909,0.805
1760851386.741547,0.911,0.816
1760851386.7470193,0.937,0.828
1760851386.7524343,0.953,0.84
1760851386.7581363,0.897,0.846
1760851386.7635536,0.885,0.85
1760851386.768997,0.894,0.854
1760851386.774421,0.898,0.859
1760851386.779777,0.845,0.857
1760851386.7851737,0.834,0.855
1760851386.7906091,0.852,0.855
1760851386.7959876,0.863,0.856
1760851386.8013752,0.809,0.851
1760851386.8071713,0.805,0.846
1760851386.8129554,0.824,0.844
1760851386.818843,0.845,0.844
1760851386.8246436,0.812,0.841
1760851386.8300228,0.812,0.838
1760851386.835407,0.856,0.84
1760851386.840821,0.89,0.845
1760851386.8462079,0.864,0.847
1760851386.851591,0.857,0.848
1760851386.856976,0.911,0.854
1760851386.8627264,0.944,0.863
1760851386.8681457,0.926,0.869
1760851386.8736796,0.944,0.877
1760851386.879099,0.985,0.888
1760851386.8845437,1.027,0.901
1760851386.889932,1.002,0.912
1760851386.895335,1.023,0.923
1760851386.9010909,1.088,0.939
1760851386.9068494,1.106,0.956
1760851386.9122307,1.085,0.969
1760851386.9178405,1.107,0.983
1760851386.9233184,1.148,0.999
1760851386.928781,1.184,1.018
1760851386.9343264,1.162,1.032
1760851386.939739,1.172,1.046
1760851386.9453204,1.221,1.064
1760851386.9511158,1.237,1.081
1760851386.9568725,1.229,1.096
1760851386.9626508,1.255,1.112
1760851386.9680984,1.281,1.128
1760851386.9738941,1.33,1.149
1760851386.9793143,1.302,1.164
1760851386.9848492,1.307,1.178
1760851386.9906032,1.345,1.195
1760851386.9960074,1.387,1.214
1760851387.0014,1.354,1.228
1760851387.006782,1.362,1.242
1760851387.0121112,1.397,1.257
1760851387.0174367,1.429,1.274
1760851387.0228124,1.398,1.287
1760851387.028428,1.405,1.299
1760851387.0338206,1.44,1.313
1760851387.0392735,1.462,1.328
1760851387.0447168,1.437,1.339
1760851387.0500998,1.43,1.348
1760851387.055568,1.472,1.36
1760851387.061116,1.496,1.374
1760851387.0668924,1.467,1.383
1760851387.0723174,1.463,1.391
1760851387.0777125,1.496,1.402
1760851387.0831766,1.534,1.415
1760851387.0885837,1.505,1.424
1760851387.0939813,1.509,1.432
1760851387.0993762,1.545,1.444
1760851387.104765,1.572,1.456
1760851387.1104257,1.553,1.466
1760851387.1167881,1.557,1.475
1760851387.1221948,1.574,1.485
1760851387.1275897,1.608,1.497
1760851387.1334858,1.577,1.505
1760851387.1389048,1.579,1.513
1760851387.1448262,1.61,1.522
1760851387.1503992,1.639,1.534
1760851387.1558173,1.6,1.541
1760851387.1612031,1.6,1.546
1760851387.1672454,1.642,1.556
1760851387.1733797,1.675,1.568
1760851387.1787765,1.638,1.575
1760851387.1841898,1.638,1.581
1760851387.1895258,1.671,1.59
1760851387.1948044,1.69,1.6
1760851387.2001984,1.671,1.607
1760851387.2057288,1.666,1.613
1760851387.211183,1.7,1.622
1760851387.2166855,1.727,1.632
1760851387.2221143,1.692,1.638
1760851387.2275577,1.696,1.644
1760851387.2333062,1.722,1.652
1760851387.2388048,1.741,1.661
1760851387.244854,1.706,1.665
1760851387.2502635,1.702,1.669
1760851387.2561955,1.741,1.676
1760851387.2616327,1.766,1.685
1760851387.2674317,1.723,1.689
1760851387.2728705,1.714,1.691
1760851387.278292,1.725,1.695
1760851387.2836764,1.757,1.701
1760851387.289564,1.712,1.702
1760851387.295343,1.71,1.703
1760851387.300679,1.721,1.705
1760851387.3064396,1.751,1.709
1760851387.3118377,1.702,1.709
1760851387.3174171,1.699,1.708
1760851387.3232453,1.716,1.708
1760851387.328883,1.737,1.711
1760851387.3345613,1.703,1.711
1760851387.3400717,1.686,1.708
1760851387.3454623,1.703,1.708
1760851387.3509302,1.722,1.709
1760851387.3572457,1.685,1.707
1760851387.3632257,1.685,1.704
1760851387.3692558,1.702,1.704
1760851387.374717,1.729,1.707
1760851387.380524,1.677,1.704
1760851387.3863308,1.68,1.701
1760851387.3917544,1.701,1.701
1760851387.3971508,1.715,1.703
1760851387.4025352,1.684,1.701
1760851387.4080522,1.682,1.699
1760851387.4134018,1.695,1.699
1760851387.4187384,1.737,1.702
1760851387.4240801,1.689,1.701
1760851387.429419,1.687,1.7
1760851387.4347546,1.694,1.699
1760851387.4400904,1.733,1.702
1760851387.4454541,1.706,1.703
1760851387.4507895,1.73,1.705
1760851387.4561338,1.754,1.71
1760851387.4614418,1.782,1.717
1760851387.46672,1.727,1.718
1760851387.4719887,1.726,1.719
1760851387.4772518,1.726,1.72
1760851387.4825118,1.748,1.723
1760851387.4877722,1.712,1.722
1760851387.49303,1.71,1.72
1760851387.4983058,1.725,1.721
1760851387.5035686,1.754,1.724
1760851387.5088272,1.704,1.722
1760851387.514095,1.702,1.72
1760851387.519348,1.732,1.721
1760851387.524601,1.749,1.724
1760851387.529903,1.696,1.721
1760851387.5352263,1.702,1.719
1760851387.5404887,1.722,1.72
1760851387.5457458,1.758,1.723
1760851387.5510292,1.704,1.722
1760851387.5562904,1.719,1.721
1760851387.5615513,1.735,1.723
1760851387.5668058,1.763,1.727
1760851387.5722318,1.719,1.726
1760851387.5780046,1.717,1.725
1760851387.5834022,1.726,1.725
1760851387.5890257,1.755,1.728
1760851387.5948324,1.715,1.727
1760851387.6003156,1.7,1.724
1760851387.6061943,1.729,1.725
1760851387.6117241,1.75,1.727
1760851387.6174262,1.704,1.725
1760851387.6233633,1.694,1.722
1760851387.6287987,1.715,1.721
1760851387.634166,1.741,1.723
1760851387.6396892,1.679,1.719
1760851387.6453786,1.671,1.714
1760851387.650806,1.7,1.712
1760851387.6566522,1.72,1.713
1760851387.6624146,1.667,1.709
1760851387.667795,1.662,1.704
1760851387.673539,1.687,1.702
1760851387.6789427,1.704,1.702
1760851387.6843848,1.642,1.696
1760851387.6897545,1.646,1.691
1760851387.6952589,1.666,1.689
1760851387.700564,1.694,1.689
1760851387.7063193,1.634,1.684
1760851387.7117066,1.638,1.679
1760851387.7172918,1.663,1.678
1760851387.722702,1.678,1.678
1760851387.7281525,1.626,1.672
1760851387.7335901,1.625,1.668
1760851387.7389612,1.638,1.665
1760851387.744881,1.675,1.666
1760851387.7506344,1.616,1.661
1760851387.7563994,1.604,1.655
1760851387.7621596,1.629,1.652
1760851387.7677126,1.665,1.654
1760851387.7736115,1.616,1.65
1760851387.7789505,1.611,1.646
1760851387.7843378,1.63,1.644
1760851387.7897158,1.65,1.645
1760851387.7951798,1.62,1.642
1760851387.8010297,1.612,1.639
1760851387.806784,1.625,1.638
1760851387.8127337,1.65,1.639
1760851387.819084,1.614,1.637
1760851387.824818,1.612,1.634
1760851387.8305802,1.617,1.632
1760851387.836182,1.662,1.635
1760851387.8416579,1.603,1.632
1760851387.8470817,1.598,1.629
1760851387.8524742,1.613,1.627
1760851387.8581102,1.638,1.628
1760851387.8635054,1.594,1.625
1760851387.8690217,1.582,1.62
1760851387.8748806,1.594,1.618
1760851387.8812377,1.635,1.62
1760851387.8867893,1.585,1.616
1760851387.892195,1.575,1.612
1760851387.8975925,1.596,1.61
1760851387.9032035,1.624,1.612
1760851387.908885,1.577,1.608
1760851387.914357,1.571,1.604
1760851387.9201455,1.578,1.602
1760851387.9259827,1.608,1.602
1760851387.9313698,1.563,1.598
1760851387.9371428,1.555,1.594
1760851387.942531,1.56,1.591
1760851387.947977,1.584,1.59
1760851387.953426,1.546,1.586
1760851387.9588096,1.525,1.58
1760851387.964567,1.537,1.575
1760851387.970594,1.556,1.573
1760851387.9761724,1.511,1.567
1760851387.981614,1.497,1.56
1760851387.9874105,1.493,1.553
1760851387.9931436,1.513,1.549
1760851387.9985468,1.46,1.541
1760851388.00391,1.445,1.531
1760851388.0092525,1.447,1.523
1760851388.0145826,1.484,1.519
1760851388.0199175,1.426,1.509
1760851388.0252883,1.416,1.5
1760851388.03062,1.41,1.491
1760851388.0359592,1.44,1.486
1760851388.0412922,1.388,1.476
1760851388.0466862,1.38,1.467
1760851388.0520148,1.384,1.458
1760851388.057416,1.398,1.452
1760851388.062755,1.351,1.442
1760851388.068268,1.348,1.433
1760851388.0737267,1.364,1.426
1760851388.0791495,1.388,1.422
1760851388.0845373,1.335,1.414
1760851388.0903218,1.322,1.404
1760851388.095708,1.323,1.396
1760851388.1011229,1.336,1.39
1760851388.1068807,1.272,1.379
1760851388.1127465,1.256,1.366
1760851388.1181755,1.237,1.353
1760851388.1237044,1.253,1.343
1760851388.129107,1.193,1.328
1760851388.1344614,1.185,1.314
1760851388.1400003,1.225,1.305
1760851388.1453798,1.237,1.298
1760851388.151191,1.196,1.288
1760851388.1569502,1.173,1.277
1760851388.162767,1.162,1.265
1760851388.1681828,1.168,1.255
1760851388.1740572,1.11,1.241
1760851388.1794548,1.091,1.226
1760851388.18484,1.092,1.212
1760851388.1906273,1.112,1.202
1760851388.196019,1.058,1.188
1760851388.2017758,1.058,1.175
1760851388.2075593,1.071,1.165
1760851388.2133353,1.091,1.157
1760851388.2187574,1.044,1.146
1760851388.2245307,1.044,1.136
1760851388.229919,1.061,1.128
1760851388.2353032,1.1,1.126
1760851388.2416575,1.055,1.118
1760851388.2472456,1.061,1.113
1760851388.2530415,1.082,1.11
1760851388.258433,1.122,1.111
1760851388.263829,1.081,1.108
1760851388.2692943,1.079,1.105
1760851388.2751222,1.1,1.105
1760851388.2808988,1.132,1.107
1760851388.2865455,1.079,1.104
1760851388.291942,1.091,1.103
1760851388.2973297,1.115,1.104
1760851388.3027706,1.144,1.108
1760851388.308157,1.105,1.108
1760851388.3138857,1.103,1.107
1760851388.3192947,1.124,1.109
1760851388.3250685,1.148,1.113
1760851388.3304863,1.099,1.112
1760851388.3358724,1.098,1.11
1760851388.3415976,1.102,1.109
1760851388.3470054,1.134,1.112
1760851388.3523955,1.081,1.109
1760851388.358051,1.056,1.103
1760851388.3634403,1.057,1.099
1760851388.3692393,1.074,1.096
1760851388.374776,1.011,1.088
1760851388.3801932,0.986,1.078
1760851388.3855834,0.984,1.068
1760851388.3913596,1.006,1.062
1760851388.397171,0.944,1.05
1760851388.402578,0.936,1.039
1760851388.4079232,0.953,1.03
1760851388.4132593,0.986,1.026
1760851388.4186032,0.944,1.018
1760851388.423934,0.952,1.011
1760851388.4292667,0.968,1.007
1760851388.4345856,1.004,1.006
1760851388.4399214,0.957,1.001
1760851388.4452865,0.974,0.999
1760851388.4506238,1.002,0.999
1760851388.4559777,1.05,1.004
1760851388.4613938,1.013,1.005
1760851388.466731,1.027,1.007
1760851388.4720619,1.055,1.012
1760851388.477461,1.102,1.021
1760851388.4827945,1.081,1.027
1760851388.4881418,1.096,1.034
1760851388.4934883,1.12,1.042
1760851388.498823,1.173,1.056
1760851388.504161,1.142,1.064
1760851388.5094955,1.153,1.073
1760851388.5148315,1.17,1.083
1760851388.520211,1.229,1.097
1760851388.526091,1.202,1.108
1760851388.5314834,1.21,1.118
1760851388.5372453,1.231,1.129
1760851388.542772,1.281,1.145
1760851388.548544,1.225,1.153
1760851388.5539317,1.237,1.161
1760851388.5593536,1.237,1.169
1760851388.5654078,1.289,1.181
1760851388.5712152,1.237,1.186
1760851388.576976,1.237,1.191
1760851388.5823762,1.237,1.196
1760851388.5877793,1.289,1.205
1760851388.5932739,1.229,1.208
1760851388.5986784,1.213,1.208
1760851388.6041555,1.223,1.21
1760851388.609978,1.272,1.216
1760851388.615695,1.198,1.214
1760851388.6214585,1.199,1.213
1760851388.6268487,1.199,1.211
1760851388.6326091,1.232,1.213
1760851388.6379998,1.177,1.21
1760851388.643426,1.161,1.205
1760851388.6488183,1.158,1.2
1760851388.6541545,1.19,1.199
1760851388.6595948,1.143,1.194
1760851388.6653779,1.127,1.187
1760851388.671013,1.132,1.181
1760851388.6773975,1.169,1.18
1760851388.6832402,1.111,1.173
1760851388.6889045,1.119,1.168
1760851388.694644,1.123,1.163
1760851388.7000349,1.189,1.166
1760851388.7054427,1.131,1.162
1760851388.710853,1.131,1.159
1760851388.7172506,1.152,1.159
1760851388.7230625,1.188,1.161
1760851388.7289777,1.153,1.161
1760851388.7344134,1.174,1.162
1760851388.7398238,1.189,1.165
1760851388.7452605,1.225,1.171
1760851388.7506702,1.191,1.173
1760851388.7560284,1.211,1.177
1760851388.761895,1.236,1.183
1760851388.7681477,1.276,1.192
1760851388.7740958,1.237,1.196
1760851388.7794888,1.266,1.203
1760851388.7848368,1.285,1.212
1760851388.7901895,1.329,1.223
1760851388.7955992,1.289,1.23
1760851388.8010693,1.297,1.237
1760851388.8068311,1.313,1.244
1760851388.812598,1.353,1.255
1760851388.8180468,1.33,1.263
1760851388.82381,1.376,1.274
1760851388.8292496,1.405,1.287
1760851388.8346422,1.429,1.301
1760851388.8404872,1.388,1.31
1760851388.8462489,1.378,1.317
1760851388.8516903,1.38,1.323
1760851388.8574574,1.41,1.332
1760851388.8630564,1.363,1.335
1760851388.86934,1.355,1.337
1760851388.8748598,1.368,1.34
1760851388.88031,1.403,1.346
1760851388.8857534,1.364,1.348
1760851388.891535,1.355,1.349
1760851388.897119,1.365,1.35
1760851388.902877,1.404,1.356
1760851388.908274,1.374,1.358
1760851388.9140582,1.356,1.357
1760851388.9194534,1.365,1.358
1760851388.9251866,1.401,1.363
1760851388.930955,1.372,1.364
1760851388.9367309,1.359,1.363
1760851388.942123,1.379,1.365
1760851388.947509,1.406,1.369
1760851388.952861,1.376,1.37
1760851388.9582202,1.378,1.37
1760851388.9639862,1.388,1.372
1760851388.9693978,1.426,1.378
1760851388.9750295,1.385,1.378
1760851388.9804802,1.38,1.378
1760851388.985895,1.395,1.38
1760851388.9916847,1.43,1.385
1760851388.9970906,1.388,1.385
1760851389.002467,1.397,1.387
1760851389.0077996,1.406,1.389
1760851389.0131261,1.449,1.395
1760851389.01881,1.411,1.396
1760851389.0242002,1.406,1.397
1760851389.0296304,1.418,1.399
1760851389.035099,1.457,1.405
1760851389.0409229,1.419,1.406
1760851389.0467713,1.413,1.407
1760851389.052225,1.414,1.408
1760851389.0580628,1.458,1.413
1760851389.0637023,1.426,1.414
1760851389.0691357,1.409,1.414
1760851389.0747778,1.417,1.414
1760851389.080247,1.457,1.418
1760851389.0857654,1.418,1.418
1760851389.091528,1.421,1.418
1760851389.0969334,1.413,1.418
1760851389.1024523,1.466,1.423
1760851389.107854,1.428,1.423
1760851389.1136272,1.43,1.424
1760851389.1191328,1.439,1.425
1760851389.1249468,1.474,1.43
1760851389.1307044,1.437,1.431
1760851389.1360896,1.438,1.432
1760851389.1417174,1.446,1.433
1760851389.1471794,1.488,1.439
1760851389.153057,1.456,1.44
1760851389.1585133,1.458,1.442
1760851389.1639044,1.457,1.444
1760851389.1695712,1.5,1.449
1760851389.1753774,1.459,1.45
1760851389.1813684,1.476,1.453
1760851389.1868076,1.467,1.454
1760851389.1922693,1.534,1.462
1760851389.1980352,1.481,1.464
1760851389.2035706,1.483,1.466
1760851389.2089906,1.485,1.468
1760851389.2149365,1.543,1.475
1760851389.220777,1.504,1.478
1760851389.2265365,1.509,1.481
1760851389.232296,1.514,1.485
1760851389.2380772,1.534,1.49
1760851389.2435005,1.504,1.491
1760851389.2488341,1.51,1.493
1760851389.2542355,1.509,1.495
1760851389.259617,1.539,1.499
1760851389.265426,1.518,1.501
1760851389.2709134,1.509,1.502
1760851389.2768648,1.505,1.502
1760851389.2826424,1.535,1.505
1760851389.288418,1.499,1.505
1760851389.29399,1.49,1.503
1760851389.2993615,1.488,1.502
1760851389.304737,1.543,1.506
1760851389.3108642,1.488,1.504
1760851389.3166766,1.488,1.502
1760851389.322074,1.488,1.501
1760851389.3274145,1.518,1.503
1760851389.3327491,1.495,1.502
1760851389.3381426,1.487,1.5
1760851389.3435318,1.483,1.499
1760851389.3489485,1.537,1.502
1760851389.3547223,1.486,1.501
1760851389.3601882,1.481,1.499
1760851389.365953,1.483,1.497
1760851389.371376,1.517,1.499
1760851389.3767767,1.483,1.498
1760851389.3826728,1.488,1.497
1760851389.388075,1.538,1.501
1760851389.3935254,1.533,1.504
1760851389.3989208,1.491,1.503
1760851389.4042618,1.491,1.501
1760851389.4096577,1.496,1.501
1760851389.415015,1.534,1.504
1760851389.4203508,1.504,1.504
1760851389.425795,1.501,1.504
1760851389.4311464,1.511,1.505
1760851389.436484,1.53,1.507
1760851389.4419162,1.488,1.505
1760851389.447266,1.495,1.504
1760851389.4526103,1.489,1.503
1760851389.4579496,1.525,1.505
1760851389.4632964,1.472,1.502
1760851389.4686944,1.449,1.496
1760851389.4740298,1.443,1.491
1760851389.4800897,1.472,1.489
1760851389.4857247,1.467,1.487
1760851389.4911098,1.492,1.487
1760851389.4964986,1.465,1.485
1760851389.5018344,1.54,1.491
1760851389.5072563,1.471,1.489
1760851389.512588,1.424,1.482
1760851389.5183728,1.42,1.476
1760851389.5237596,1.436,1.472
1760851389.5292442,1.397,1.465
1760851389.5346496,1.397,1.458
1760851389.5404308,1.388,1.451
1760851389.5462651,1.432,1.449
1760851389.5516596,1.393,1.443
1760851389.557434,1.39,1.438
1760851389.5633152,1.401,1.434
1760851389.569179,1.397,1.43
1760851389.5753562,1.401,1.428
1760851389.5811863,1.403,1.425
1760851389.5869436,1.38,1.421
1760851389.592729,1.457,1.424
1760851389.5984702,1.405,1.422
1760851389.6038764,1.411,1.421
1760851389.6094542,1.408,1.42
1760851389.6148345,1.451,1.423
1760851389.6211743,1.413,1.422
1760851389.6265638,1.407,1.42
1760851389.6319466,1.403,1.419
1760851389.6373606,1.444,1.421
1760851389.6427782,1.383,1.417
1760851389.6481578,1.403,1.416
1760851389.6539333,1.405,1.415
1760851389.6593394,1.436,1.417
1760851389.6650999,1.401,1.415
1760851389.6708581,1.397,1.414
1760851389.6762574,1.405,1.413
1760851389.6821053,1.418,1.413
1760851389.6877232,1.384,1.41
1760851389.693166,1.384,1.408
1760851389.6986785,1.374,1.404
1760851389.704573,1.411,1.405
1760851389.710481,1.378,1.402
1760851389.7159069,1.367,1.399
1760851389.7213814,1.358,1.395
1760851389.7267733,1.419,1.397
1760851389.7323596,1.354,1.393
1760851389.7381177,1.343,1.388
1760851389.7435198,1.354,1.384
1760851389.7491698,1.397,1.386
1760851389.754524,1.356,1.383
1760851389.759916,1.35,1.379
1760851389.7657251,1.364,1.378
1760851389.7715278,1.401,1.38
1760851389.7769074,1.355,1.378
1760851389.7822533,1.366,1.376
1760851389.7875872,1.375,1.376
1760851389.7929933,1.402,1.379
1760851389.7983956,1.379,1.379
1760851389.803782,1.383,1.379
1760851389.8091958,1.388,1.38
1760851389.8146772,1.411,1.383
1760851389.8200614,1.368,1.382
1760851389.8258185,1.392,1.383
1760851389.831356,1.382,1.383
1760851389.8371131,1.434,1.388
1760851389.8425136,1.398,1.389
1760851389.8478122,1.395,1.389
1760851389.853145,1.409,1.391
1760851389.8584743,1.449,1.397
1760851389.8638513,1.403,1.398
1760851389.869196,1.441,1.402
1760851389.874601,1.377,1.4
1760851389.8799882,1.457,1.405
1760851389.8853986,1.418,1.407
1760851389.8911965,1.408,1.407
1760851389.8969078,1.459,1.412
1760851389.9022968,1.459,1.417
1760851389.9077535,1.426,1.418
1760851389.9135222,1.452,1.421
1760851389.9195578,1.418,1.421
1760851389.9253528,1.455,1.424
1760851389.9311426,1.372,1.419
1760851389.9365335,1.411,1.418
1760851389.9419336,1.427,1.419
1760851389.9477181,1.39,1.416
1760851389.9530587,1.405,1.415
1760851389.9588957,1.372,1.411
1760851389.964914,1.417,1.411
1760851389.9706793,1.443,1.415
1760851389.9761953,1.408,1.414
1760851389.9818892,1.384,1.411
1760851389.987715,1.432,1.413
1760851389.993127,1.435,1.415
1760851389.998522,1.403,1.414
1760851390.0039277,1.407,1.413
1760851390.009239,1.388,1.411
1760851390.0145006,1.43,1.413
1760851390.0197546,1.401,1.412
1760851390.025012,1.384,1.409
1760851390.03026,1.393,1.407
1760851390.0355098,1.431,1.41
1760851390.0407689,1.391,1.408
1760851390.0460277,1.383,1.405
1760851390.051285,1.384,1.403
1760851390.0565395,1.426,1.405
1760851390.0617917,1.38,1.403
1760851390.0671756,1.38,1.401
1760851390.0729332,1.385,1.399
1760851390.078655,1.436,1.403
1760851390.0840223,1.401,1.403
1760851390.0895376,1.397,1.402
1760851390.0949194,1.393,1.401
1760851390.100311,1.426,1.404
1760851390.105752,1.397,1.403
1760851390.1111727,1.394,1.402
1760851390.1170774,1.405,1.402
1760851390.1226056,1.455,1.408
1760851390.1282506,1.402,1.407
1760851390.1342149,1.388,1.405
1760851390.1396532,1.395,1.404
1760851390.1450553,1.438,1.408
1760851390.1504881,1.397,1.406
1760851390.155879,1.438,1.41
1760851390.1616683,1.469,1.416
1760851390.1678753,1.509,1.425
1760851390.1732626,1.457,1.428
1760851390.1786785,1.43,1.428
1760851390.1845872,1.427,1.428
1760851390.1903458,1.459,1.431
1760851390.1957865,1.418,1.43
1760851390.2011783,1.419,1.429
1760851390.206941,1.419,1.428
1760851390.2128465,1.444,1.429
1760851390.2182364,1.411,1.428
1760851390.223638,1.406,1.425
1760851390.2290533,1.395,1.422
1760851390.2344644,1.459,1.426
1760851390.2398512,1.415,1.425
1760851390.2455683,1.419,1.424
1760851390.251383,1.405,1.423
1760851390.2571378,1.447,1.425
1760851390.2629588,1.407,1.423
1760851390.2683797,1.366,1.417
1760851390.2738051,1.361,1.412
1760851390.279239,1.443,1.415
1760851390.2846901,1.408,1.414
1760851390.2900808,1.414,1.414
1760851390.2954853,1.424,1.415
1760851390.3008547,1.445,1.418
1760851390.306616,1.405,1.417
1760851390.3123744,1.424,1.418
1760851390.3186917,1.365,1.412
1760851390.3241415,1.455,1.417
1760851390.329557,1.431,1.418
1760851390.334897,1.441,1.42
1760851390.340662,1.409,1.419
1760851390.3461146,1.438,1.421
1760851390.3515058,1.423,1.421
1760851390.3572628,1.419,1.421
1760851390.3628263,1.431,1.422
1760851390.3682454,1.415,1.421
1760851390.3736715,1.354,1.415
1760851390.3790338,1.422,1.415
1760851390.3844202,1.419,1.416
1760851390.3897884,1.471,1.421
1760851390.3952634,1.478,1.427
1760851390.400645,1.466,1.431
1760851390.406091,1.446,1.432
1760851390.4116104,1.511,1.44
1760851390.4169447,1.447,1.441
1760851390.42228,1.459,1.443
1760851390.427626,1.456,1.444
1760851390.4329681,1.488,1.448
1760851390.4383059,1.454,1.449
1760851390.4436705,1.453,1.449
1760851390.4490185,1.444,1.449
1760851390.4543655,1.496,1.454
1760851390.4596937,1.465,1.455
1760851390.4650252,1.464,1.456
1760851390.4709215,1.461,1.456
1760851390.476253,1.5,1.461
1760851390.4816499,1.473,1.462
1760851390.487005,1.476,1.463
1760851390.492394,1.468,1.464
1760851390.4977317,1.509,1.468
1760851390.5031576,1.481,1.469
1760851390.5084915,1.479,1.47
1760851390.5138876,1.479,1.471
1760851390.5193205,1.508,1.475
1760851390.5251458,1.483,1.476
1760851390.5306191,1.482,1.476
1760851390.5360062,1.488,1.477
1760851390.5416207,1.524,1.482
1760851390.5470347,1.496,1.483
1760851390.5529115,1.498,1.485
1760851390.558321,1.499,1.486
1760851390.5637383,1.534,1.491
1760851390.5695994,1.487,1.491
1760851390.5753958,1.494,1.491
1760851390.5811954,1.493,1.491
1760851390.5866406,1.532,1.495
1760851390.5920382,1.503,1.496
1760851390.597429,1.495,1.496
1760851390.603301,1.485,1.495
1760851390.6091878,1.53,1.498
1760851390.6150327,1.496,1.498
1760851390.6207974,1.488,1.497
1760851390.6265626,1.472,1.495
1760851390.6319566,1.526,1.498
1760851390.637722,1.474,1.495
1760851390.6431482,1.493,1.495
1760851390.6486287,1.49,1.495
1760851390.6540217,1.522,1.497
1760851390.6594636,1.479,1.496
1760851390.6652327,1.481,1.494
1760851390.6710472,1.484,1.493
1760851390.6764436,1.522,1.496
1760851390.6818414,1.487,1.495
1760851390.6876354,1.484,1.494
1760851390.6930437,1.47,1.492
1760851390.698446,1.527,1.495
1760851390.7038798,1.481,1.494
1760851390.7092767,1.493,1.494
1760851390.7151456,1.495,1.494
1760851390.720909,1.525,1.497
1760851390.7266707,1.48,1.495
1760851390.73251,1.495,1.495
1760851390.738272,1.479,1.494
1760851390.7438972,1.519,1.496
1760851390.7493005,1.495,1.496
1760851390.7550862,1.469,1.493
1760851390.760901,1.466,1.491
1760851390.766664,1.509,1.492
1760851390.7720683,1.484,1.492
1760851390.7776759,1.48,1.49
1760851390.7830462,1.48,1.489
1760851390.7883844,1.51,1.491
1760851390.793777,1.501,1.492
1760851390.799208,1.469,1.49
1760851390.8046312,1.513,1.492
1760851390.8103058,1.512,1.494
1760851390.8158178,1.465,1.491
1760851390.821588,1.488,1.491
1760851390.8276308,1.492,1.491
1760851390.8330853,1.495,1.492
1760851390.8388262,1.459,1.488
1760851390.8442743,1.442,1.484
1760851390.8496704,1.435,1.479
1760851390.8552992,1.479,1.479
1760851390.8607106,1.483,1.479
1760851390.8666246,1.453,1.477
1760851390.8723977,1.449,1.474
1760851390.8780074,1.491,1.476
1760851390.8834007,1.44,1.472
1760851390.8889554,1.445,1.469
1760851390.8944788,1.435,1.466
1760851390.8999054,1.443,1.464
1760851390.9053202,1.442,1.461
1760851390.9110167,1.431,1.458
1760851390.9166362,1.421,1.455
1760851390.9224403,1.471,1.456
1760851390.927856,1.426,1.453
1760851390.9332864,1.424,1.45
1760851390.9392416,1.43,1.448
1760851390.945003,1.485,1.452
1760851390.9506269,1.426,1.449
1760851390.956411,1.429,1.447
1760851390.9619784,1.42,1.445
1760851390.967699,1.457,1.446
1760851390.97345,1.419,1.443
1760851390.9788404,1.405,1.439
1760851390.9842353,1.408,1.436
1760851390.9900029,1.44,1.437
1760851390.995402,1.411,1.434
1760851391.000799,1.387,1.429
1760851391.0061502,1.394,1.426
1760851391.011474,1.463,1.43
1760851391.016756,1.482,1.435
1760851391.0220988,1.486,1.44
1760851391.0276902,1.466,1.443
1760851391.0330274,1.493,1.448
1760851391.0383656,1.446,1.447
1760851391.0441902,1.43,1.446
1760851391.0499513,1.41,1.442
1760851391.0553463,1.458,1.444
1760851391.0607684,1.422,1.442
1760851391.066536,1.405,1.438
1760851391.0719357,1.405,1.435
1760851391.077844,1.437,1.435
1760851391.0832798,1.405,1.432
1760851391.0893562,1.405,1.429
1760851391.094814,1.417,1.428
1760851391.1002717,1.455,1.431
1760851391.105864,1.422,1.43
1760851391.1112924,1.401,1.427
1760851391.116768,1.4,1.424
1760851391.1227725,1.453,1.427
1760851391.1281748,1.418,1.426
1760851391.1336067,1.414,1.425
1760851391.1390107,1.417,1.424
1760851391.144346,1.448,1.427
1760851391.1497273,1.426,1.426
1760851391.155151,1.418,1.426
1760851391.1605487,1.413,1.424
1760851391.1663427,1.463,1.428
1760851391.1717014,1.426,1.428
1760851391.1774657,1.407,1.426
1760851391.1832962,1.372,1.42
1760851391.1890707,1.432,1.422
1760851391.1945293,1.38,1.417
1760851391.199928,1.447,1.42
1760851391.2057784,1.359,1.414
1760851391.2111938,1.446,1.417
