timestamp,raw,filtered
1760851467.9470649,1.211,1.315
1760851467.9525201,1.235,1.307
1760851467.9577181,1.182,1.295
1760851467.962906,1.122,1.277
1760851467.9681075,1.195,1.269
1760851467.973294,1.218,1.264
1760851467.978472,1.208,1.258
1760851467.983728,1.199,1.252
1760851467.9890735,1.218,1.249
1760851467.9944205,1.193,1.243
1760851467.999752,1.223,1.241
1760851468.0050828,1.2,1.237
1760851468.010416,1.252,1.239
1760851468.0162365,1.224,1.237
1760851468.0218284,1.214,1.235
1760851468.0276392,1.21,1.232
1760851468.0330293,1.197,1.229
1760851468.0388982,1.17,1.223
1760851468.044202,1.171,1.218
1760851468.0495367,1.169,1.213
1760851468.0548732,1.237,1.215
1760851468.060219,1.281,1.222
1760851468.0659776,1.255,1.225
1760851468.072296,1.225,1.225
1760851468.0778084,1.267,1.229
1760851468.0833268,1.258,1.232
1760851468.088722,1.279,1.237
1760851468.094561,1.236,1.237
1760851468.1000123,1.237,1.237
1760851468.105786,1.237,1.237
1760851468.1113527,1.276,1.241
1760851468.1168308,1.215,1.238
1760851468.122293,1.269,1.241
1760851468.127676,1.255,1.243
1760851468.133095,1.237,1.242
1760851468.1384919,1.22,1.24
1760851468.1438975,1.237,1.24
1760851468.1492393,1.28,1.244
1760851468.1550412,1.387,1.258
1760851468.1609492,1.405,1.273
1760851468.1667125,1.377,1.283
1760851468.1720953,1.29,1.284
1760851468.1778588,1.31,1.286
1760851468.1833017,1.31,1.289
1760851468.189304,1.333,1.293
1760851468.1948245,1.277,1.292
1760851468.200277,1.355,1.298
1760851468.2060425,1.334,1.301
1760851468.2114758,1.352,1.307
1760851468.2171388,1.299,1.306
1760851468.2225285,1.237,1.299
1760851468.2279804,1.222,1.291
1760851468.2333753,1.207,1.283
1760851468.2387671,1.053,1.26
1760851468.2441697,1.07,1.241
1760851468.2496803,1.205,1.237
1760851468.255097,1.281,1.242
1760851468.2604623,1.19,1.236
1760851468.2662275,1.126,1.225
1760851468.271615,1.044,1.207
1760851468.2770052,1.044,1.191
1760851468.2823637,0.993,1.171
1760851468.2878013,0.967,1.151
1760851468.2934504,0.947,1.13
1760851468.2988162,0.995,1.117
1760851468.3042088,0.986,1.104
1760851468.309567,0.95,1.088
1760851468.314758,0.917,1.071
1760851468.319943,0.984,1.063
1760851468.325353,0.978,1.054
1760851468.3307495,0.955,1.044
1760851468.336139,0.982,1.038
1760851468.3415468,0.965,1.031
1760851468.3473406,0.98,1.026
1760851468.3527274,1.066,1.03
1760851468.3583531,1.05,1.032
1760851468.3641167,0.993,1.028
1760851468.3697512,1.074,1.032
1760851468.3751159,1.07,1.036
1760851468.3804426,1.089,1.041
1760851468.3857741,1.108,1.048
1760851468.39124,1.095,1.053
1760851468.3970022,1.11,1.058
1760851468.4024477,1.127,1.065
1760851468.4078512,1.149,1.074
1760851468.4131877,1.1,1.076
1760851468.4185255,1.169,1.086
1760851468.423861,1.156,1.093
1760851468.4291973,1.207,1.104
1760851468.4345367,1.19,1.113
1760851468.4399257,1.222,1.124
1760851468.4452753,1.199,1.131
1760851468.4506273,1.227,1.141
1760851468.455986,1.229,1.15
1760851468.4613433,1.234,1.158
1760851468.4666739,1.212,1.163
1760851468.4719713,1.289,1.176
1760851468.4773014,1.265,1.185
1760851468.482634,1.276,1.194
1760851468.4879684,1.276,1.202
1760851468.4932764,1.282,1.21
1760851468.4986076,1.302,1.219
1760851468.5039399,1.305,1.228
1760851468.509356,1.276,1.233
1760851468.5147648,1.135,1.223
1760851468.520534,1.275,1.228
1760851468.5263073,1.401,1.245
1760851468.5317113,1.388,1.26
1760851468.537411,1.429,1.277
1760851468.5427523,1.398,1.289
1760851468.5480878,1.354,1.295
1760851468.5534241,1.355,1.301
1760851468.5592344,1.362,1.307
1760851468.5650144,1.328,1.309
1760851468.570779,1.348,1.313
1760851468.576195,1.367,1.319
1760851468.5815263,1.378,1.325
1760851468.5868618,1.334,1.325
1760851468.5922728,1.351,1.328
1760851468.5976033,1.355,1.331
1760851468.6030145,1.355,1.333
1760851468.6087818,1.327,1.333
1760851468.6145465,1.324,1.332
1760851468.6199908,1.317,1.33
1760851468.6255853,1.388,1.336
1760851468.6311865,1.314,1.334
1760851468.6369503,1.323,1.333
1760851468.642366,1.304,1.33
1760851468.647772,1.289,1.326
1760851468.6532385,1.258,1.319
1760851468.6586432,1.305,1.318
1760851468.6640933,1.276,1.314
1760851468.6699514,1.279,1.31
1760851468.6753397,1.271,1.306
1760851468.6807544,1.259,1.301
1760851468.6862025,1.225,1.294
1760851468.6916952,1.214,1.286
1760851468.697088,1.235,1.281
1760851468.7025604,1.237,1.276
1760851468.7079644,1.233,1.272
1760851468.7138314,1.262,1.271
1760851468.7193048,1.271,1.271
1760851468.7246666,1.302,1.274
1760851468.7304268,1.265,1.273
1760851468.7362883,1.258,1.272
1760851468.7417102,1.266,1.271
1760851468.7474825,1.287,1.273
1760851468.7528665,1.262,1.272
1760851468.7582731,1.289,1.273
1760851468.7636886,1.237,1.27
1760851468.7692935,1.311,1.274
1760851468.7750814,1.292,1.276
1760851468.7808495,1.313,1.279
1760851468.7866123,1.314,1.283
1760851468.792003,1.276,1.282
1760851468.797838,1.269,1.281
1760851468.8032637,1.237,1.276
1760851468.809036,1.216,1.27
1760851468.8147943,1.211,1.264
1760851468.8206446,1.202,1.258
1760851468.8264098,1.168,1.249
1760851468.8317974,1.193,1.244
1760851468.8375535,1.186,1.238
1760851468.8429146,1.179,1.232
1760851468.8483543,1.179,1.227
1760851468.8542466,1.173,1.221
1760851468.859656,1.261,1.225
1760851468.8655872,1.344,1.237
1760851468.871565,1.385,1.252
1760851468.8769975,1.297,1.256
1760851468.882763,1.328,1.264
1760851468.8883927,1.293,1.267
1760851468.8937926,1.297,1.27
1760851468.8993874,1.276,1.27
1760851468.9051573,1.276,1.271
1760851468.9105535,1.285,1.272
1760851468.915966,1.302,1.275
1760851468.921599,1.288,1.276
1760851468.927482,1.286,1.277
1760851468.9328659,1.317,1.281
1760851468.9386373,1.315,1.285
1760851468.9440327,1.297,1.286
1760851468.9494293,1.3,1.287
1760851468.9548304,1.281,1.287
1760851468.9603088,1.34,1.292
1760851468.9660738,1.298,1.293
1760851468.9714715,1.31,1.295
1760851468.9769146,1.302,1.295
1760851468.9823115,1.323,1.298
1760851468.987724,1.305,1.299
1760851468.9930615,1.298,1.299
1760851468.998491,1.256,1.295
1760851469.003964,1.311,1.296
1760851469.0093012,1.281,1.295
1760851469.0146286,1.317,1.297
1760851469.0199585,1.302,1.297
1760851469.02529,1.313,1.299
1760851469.0306177,1.297,1.299
1760851469.0359504,1.297,1.299
1760851469.0415292,1.26,1.295
1760851469.0469134,1.289,1.294
1760851469.052497,1.287,1.293
1760851469.0578983,1.301,1.294
1760851469.063495,1.28,1.293
1760851469.0689068,1.295,1.293
1760851469.0743008,1.311,1.295
1760851469.0796304,1.3,1.295
1760851469.085026,1.272,1.293
1760851469.0904155,1.288,1.292
1760851469.095878,1.322,1.295
1760851469.1012716,1.317,1.298
1760851469.1067038,1.298,1.298
1760851469.1120927,1.327,1.301
1760851469.1175148,1.328,1.303
1760851469.1228168,1.326,1.306
1760851469.1281657,1.319,1.307
1760851469.1335628,1.352,1.311
1760851469.1390378,1.329,1.313
1760851469.1447992,1.337,1.316
1760851469.150575,1.328,1.317
1760851469.156341,1.343,1.319
1760851469.1618032,1.328,1.32
1760851469.1680324,1.341,1.322
1760851469.1734295,1.311,1.321
1760851469.1788182,1.359,1.325
1760851469.1843395,1.369,1.33
1760851469.1899111,1.381,1.335
1760851469.1953194,1.337,1.335
1760851469.2011285,1.351,1.337
1760851469.2069035,1.353,1.338
1760851469.2126627,1.368,1.341
1760851469.218348,1.351,1.342
1760851469.2237394,1.234,1.331
1760851469.2292566,1.379,1.336
1760851469.2346473,1.379,1.34
1760851469.24009,1.38,1.344
1760851469.245505,1.406,1.35
1760851469.251286,1.395,1.355
1760851469.257048,1.394,1.359
1760851469.262499,1.388,1.362
1760851469.2680285,1.382,1.364
1760851469.2734363,1.398,1.367
1760851469.2788224,1.398,1.37
1760851469.284297,1.397,1.373
1760851469.2896926,1.428,1.379
1760851469.2951314,1.417,1.382
1760851469.3010006,1.409,1.385
1760851469.3067615,1.393,1.386
1760851469.312524,1.427,1.39
1760851469.3179228,1.417,1.393
1760851469.3233314,1.416,1.395
1760851469.3287616,1.444,1.4
1760851469.3342564,1.425,1.402
1760851469.3398871,1.421,1.404
1760851469.3452902,1.435,1.407
1760851469.3506308,1.405,1.407
1760851469.3559644,1.423,1.409
1760851469.3613043,1.417,1.41
1760851469.366914,1.401,1.409
1760851469.37227,1.405,1.408
1760851469.377609,1.442,1.412
1760851469.3829489,1.427,1.413
1760851469.3882852,1.436,1.416
1760851469.393621,1.436,1.418
1760851469.3989573,1.433,1.419
1760851469.4043024,1.431,1.42
1760851469.4097052,1.434,1.422
1760851469.4151094,1.444,1.424
1760851469.4204555,1.476,1.429
1760851469.4258265,1.444,1.431
1760851469.431181,1.437,1.431
1760851469.436516,1.408,1.429
1760851469.4419138,1.459,1.432
1760851469.4472919,1.455,1.434
1760851469.4526255,1.435,1.434
1760851469.4580395,1.411,1.432
1760851469.4633737,1.413,1.43
1760851469.4687672,1.434,1.431
1760851469.4740987,1.397,1.427
1760851469.4795005,1.407,1.425
1760851469.4848967,1.405,1.423
1760851469.4906857,1.427,1.424
1760851469.496123,1.442,1.425
1760851469.5018888,1.41,1.424
1760851469.5074046,1.429,1.424
1760851469.5131643,1.418,1.424
1760851469.5185673,1.419,1.423
1760851469.5240104,1.408,1.422
1760851469.5293934,1.405,1.42
1760851469.5348415,1.4,1.418
1760851469.5402875,1.406,1.417
1760851469.5456924,1.353,1.41
1760851469.5514627,1.368,1.406
1760851469.5572212,1.409,1.406
1760851469.5630178,1.488,1.415
1760851469.568823,1.501,1.423
1760851469.5745888,1.522,1.433
1760851469.580007,1.499,1.44
1760851469.5854428,1.43,1.439
1760851469.5907688,1.409,1.436
1760851469.596217,1.405,1.433
1760851469.6015527,1.388,1.428
1760851469.606963,1.405,1.426
1760851469.6123457,1.376,1.421
1760851469.6179204,1.411,1.42
1760851469.6233635,1.377,1.416
1760851469.628766,1.418,1.416
1760851469.6346302,1.355,1.41
1760851469.6400902,0.993,1.18
1760851469.6455352,0.911,1.153
1760851469.6509247,0.874,1.125
1760851469.6567245,0.874,1.125
1760851469.6621192,0.874,1.125
1760851469.6675248,0.874,1.125
1760851469.6729872,0.874,1.125
1760851469.6788723,0.874,1.125
1760851469.6845555,0.874,1.125
1760851469.690499,0.874,1.125
1760851469.695953,0.874,1.125
1760851469.7013721,0.874,1.125
1760851469.7068372,0.874,1.125
1760851469.7127037,0.874,1.125
1760851469.718547,0.874,1.125
1760851469.7240713,0.874,1.125
1760851469.7296915,0.874,1.125
1760851469.7351227,0.874,1.125
1760851469.7409537,0.874,1.125
1760851469.746729,0.874,1.125
1760851469.7526512,0.874,1.125
1760851469.7580664,0.874,1.125
1760851469.7637026,0.874,1.125
1760851469.7691343,0.874,1.125
1760851469.7748983,0.874,1.125
1760851469.7806945,0.874,1.125
1760851469.7863722,0.874,1.125
1760851469.791759,0.874,1.125
1760851469.7975175,0.874,1.125
1760851469.8029265,0.91,1.104
1760851469.8087025,0.908,1.084
1760851469.814465,1.19,1.095
1760851469.8198562,1.302,1.115
1760851469.8257551,1.342,1.138
1760851469.8315167,1.514,1.176
1760851469.836925,1.477,1.206
1760851469.8428628,1.38,1.223
1760851469.8486211,1.326,1.234
1760851469.8544674,1.236,1.234
1760851469.859862,1.123,1.223
1760851469.8656304,1.018,1.202
1760851469.871056,0.976,1.18
1760851469.8764434,0.954,1.157
1760851469.881781,0.787,1.12
1760851469.8871365,0.929,1.101
1760851469.892478,1.003,1.091
1760851469.8982544,0.961,1.078
1760851469.9038107,0.908,1.061
1760851469.9095721,0.873,1.042
1760851469.9153416,1.036,1.042
1760851469.9211645,0.921,1.03
1760851469.9268692,0.666,0.993
1760851469.932317,1.195,1.013
1760851469.9381285,1.359,1.048
1760851469.9435146,1.022,1.045
1760851469.948973,1.467,1.088
1760851469.9547565,1.376,1.116
1760851469.9601474,1.427,1.148
1760851469.9655619,1.405,1.173
1760851469.9708998,1.351,1.191
1760851469.9762375,1.455,1.217
1760851469.9816327,1.484,1.244
1760851469.9870682,1.516,1.271
1760851469.9930756,1.404,1.285
1760851469.9986022,1.433,1.299
1760851470.00396,1.506,1.32
1760851470.0092914,1.524,1.34
1760851470.0146196,1.38,1.344
1760851470.019969,1.389,1.349
1760851470.0253012,1.329,1.347
1760851470.0307124,1.39,1.351
1760851470.036102,1.254,1.341
1760851470.0415134,1.222,1.329
1760851470.0469124,1.225,1.319
1760851470.052262,1.136,1.301
1760851470.057761,1.028,1.274
1760851470.0632453,0.99,1.245
1760851470.0690231,0.967,1.217
1760851470.0744133,1.026,1.198
1760851470.079783,0.893,1.168
1760851470.0851202,0.836,1.134
1760851470.0904577,0.7,1.091
1760851470.0957952,0.858,1.068
1760851470.1011314,0.786,1.04
1760851470.1064634,0.945,1.03
1760851470.1117947,0.915,1.019
1760851470.1171312,1.142,1.031
1760851470.1228034,0.978,1.026
1760851470.128178,1.059,1.029
1760851470.1335135,1.006,1.027
1760851470.1388552,1.044,1.028
1760851470.144191,0.905,1.016
1760851470.1495984,0.85,1.0
1760851470.154936,0.882,0.988
1760851470.1602755,0.915,0.98
1760851470.1656106,1.027,0.985
1760851470.1709483,1.049,0.992
1760851470.1763058,1.026,0.995
1760851470.1817172,1.092,1.005
1760851470.187085,0.858,0.99
1760851470.1924942,0.957,0.987
1760851470.1978269,1.173,1.005
1760851470.2031832,1.45,1.05
1760851470.2085104,1.586,1.103
1760851470.2138426,1.586,1.152
1760851470.2195559,1.423,1.179
1760851470.2248988,1.511,1.212
1760851470.2302635,1.591,1.25
1760851470.2366,1.536,1.278
1760851470.2420037,1.62,1.313
1760851470.2475553,1.646,1.346
1760851470.2529116,1.646,1.376
1760851470.2582464,1.775,1.416
1760851470.2635937,1.73,1.447
1760851470.2690647,1.715,1.474
1760851470.2748072,1.534,1.48
1760851470.2802231,1.481,1.48
1760851470.2859845,1.347,1.467
1760851470.2917323,1.286,1.449
1760851470.2970688,1.079,1.412
1760851470.3024032,1.098,1.38
1760851470.3077385,1.023,1.345
1760851470.3130727,1.045,1.315
1760851470.3184662,0.978,1.281
1760851470.3238003,0.993,1.252
1760851470.3294597,1.074,1.235
1760851470.3347905,1.081,1.219
1760851470.3401296,0.967,1.194
1760851470.345461,0.928,1.167
1760851470.3508577,1.082,1.159
1760851470.356189,1.401,1.183
1760851470.3615587,1.31,1.196
1760851470.366894,1.314,1.208
1760851470.3723085,1.144,1.201
1760851470.3782208,1.058,1.187
1760851470.3836062,1.237,1.192
1760851470.3891652,1.14,1.187
1760851470.3950822,1.163,1.184
1760851470.4004383,1.115,1.177
1760851470.4058237,1.048,1.164
1760851470.4114354,0.591,1.107
1760851470.4167736,1.338,1.13
1760851470.4221103,1.418,1.159
1760851470.4274485,1.646,1.208
1760851470.4327836,1.495,1.236
1760851470.4381323,1.322,1.245
1760851470.4434688,1.31,1.251
1760851470.4488237,1.397,1.266
1760851470.4541855,1.401,1.279
1760851470.4595218,1.429,1.294
1760851470.4648333,1.603,1.325
1760851470.470163,1.501,1.343
1760851470.4754932,1.577,1.366
1760851470.4810119,1.55,1.385
1760851470.4863946,1.708,1.417
1760851470.4917781,1.654,1.441
1760851470.4971554,1.658,1.462
1760851470.5026717,1.699,1.486
1760851470.5080528,1.804,1.518
1760851470.5136235,1.717,1.538
1760851470.519287,1.646,1.549
1760851470.524674,1.574,1.551
1760851470.5302563,1.374,1.533
1760851470.5355892,1.096,1.49
1760851470.5411587,1.044,1.445
1760851470.54673,0.941,1.395
1760851470.5521543,0.921,1.347
1760851470.5577414,0.831,1.296
1760851470.5631094,0.928,1.259
1760851470.5688658,1.315,1.265
1760851470.5749013,1.306,1.269
1760851470.5807393,1.591,1.301
1760851470.586504,1.767,1.348
1760851470.5920842,1.663,1.379
1760851470.5975716,1.529,1.394
1760851470.6030211,1.627,1.417
1760851470.6084826,1.584,1.434
1760851470.6142988,1.563,1.447
1760851470.6197102,1.505,1.453
1760851470.6253557,1.351,1.443
1760851470.6308048,1.072,1.406
1760851470.6366866,1.189,1.384
1760851470.6420877,1.135,1.359
1760851470.6474562,1.148,1.338
1760851470.6528752,1.173,1.321
1760851470.6583276,1.131,1.302
1760851470.6642518,1.289,1.301
1760851470.670013,1.237,1.295
1760851470.6756558,1.236,1.289
1760851470.6812084,1.098,1.27
1760851470.6871367,1.301,1.273
1760851470.692526,1.5,1.296
1760851470.6982882,1.431,1.309
1760851470.7042742,1.433,1.321
1760851470.709658,1.566,1.346
1760851470.7154272,1.42,1.353
1760851470.7208922,1.233,1.341
1760851470.7262726,1.225,1.33
1760851470.731622,1.455,1.342
1760851470.7370288,1.492,1.357
1760851470.742417,1.546,1.376
1760851470.7482562,1.463,1.385
1760851470.7540689,1.816,1.428
1760851470.7596884,1.661,1.451
1760851470.7654455,1.491,1.455
1760851470.7709687,1.509,1.46
1760851470.7767403,1.546,1.469
1760851470.7822561,1.466,1.469
1760851470.7877004,1.456,1.467
1760851470.7931776,1.388,1.46
1760851470.7985933,1.337,1.447
1760851470.804008,1.299,1.432
1760851470.8095016,1.203,1.41
1760851470.8152697,1.111,1.38
1760851470.8209212,1.106,1.352
1760851470.8266928,0.851,1.302
1760851470.8322382,0.74,1.246
1760851470.8380053,1.007,1.222
1760851470.843504,1.073,1.207
1760851470.848906,1.131,1.199
1760851470.8547306,1.22,1.201
1760851470.860534,1.07,1.188
1760851470.8662994,1.26,1.195
1760851470.8716865,1.203,1.196
1760851470.8770654,1.367,1.213
1760851470.8824067,1.276,1.22
1760851470.8877358,1.21,1.219
1760851470.8934526,1.148,1.211
1760851470.8988476,1.233,1.214
1760851470.904613,1.235,1.216
1760851470.9099975,1.161,1.21
1760851470.9156933,1.176,1.207
1760851470.9214642,0.941,1.18
1760851470.9269748,1.116,1.174
1760851470.932393,1.144,1.171
1760851470.9381578,1.019,1.156
1760851470.9435756,1.259,1.166
1760851470.9489777,1.183,1.168
1760851470.9545088,1.2,1.171
1760851470.9598987,1.292,1.183
1760851470.9656537,1.534,1.218
1760851470.9710865,1.493,1.246
1760851470.9768524,1.65,1.286
1760851470.982274,1.588,1.316
1760851470.9876683,1.746,1.359
1760851470.9931264,1.689,1.392
1760851470.998532,1.575,1.411
1760851471.0039396,1.431,1.413
1760851471.009268,1.445,1.416
1760851471.0146012,1.338,1.408
1760851471.0199296,1.435,1.411
1760851471.025264,1.392,1.409
1760851471.030811,1.451,1.413
1760851471.036576,1.474,1.419
1760851471.04218,1.511,1.428
1760851471.0475602,1.457,1.431
1760851471.0530016,1.285,1.417
1760851471.0586457,1.337,1.409
1760851471.0640545,1.183,1.386
1760851471.0699244,1.123,1.36
1760851471.0753205,1.088,1.333
1760851471.0808353,1.001,1.299
1760851471.0862243,1.056,1.275
1760851471.0915723,0.728,1.22
1760851471.0969474,0.853,1.184
1760851471.1023493,0.991,1.164
1760851471.1077282,0.901,1.138
1760851471.1134853,0.844,1.109
1760851471.119062,1.005,1.098
1760851471.124945,1.339,1.122
1760851471.1303298,1.418,1.152
1760851471.1357763,1.324,1.169
1760851471.1415327,1.174,1.17
1760851471.146966,1.144,1.167
1760851471.1528285,1.135,1.164
1760851471.1583226,1.073,1.155
1760851471.1637316,1.024,1.142
1760851471.1691203,1.0,1.128
1760851471.1749701,1.188,1.134
1760851471.1807358,1.237,1.144
1760851471.1861916,1.279,1.157
1760851471.1915927,1.212,1.163
1760851471.197045,1.457,1.192
1760851471.2024345,1.432,1.216
1760851471.2078893,1.423,1.237
1760851471.2133176,1.377,1.251
1760851471.218718,1.437,1.27
1760851471.2246664,1.689,1.312
1760851471.2304945,1.687,1.349
1760851471.2362826,1.427,1.357
1760851471.2419848,1.656,1.387
1760851471.2473826,1.703,1.418
1760851471.252785,1.674,1.444
1760851471.2584317,1.552,1.455
1760851471.264322,1.741,1.483
1760851471.2700973,1.796,1.515
1760851471.275503,1.586,1.522
1760851471.281421,1.648,1.534
1760851471.2868066,1.735,1.554
1760851471.2925873,1.643,1.563
1760851471.298354,1.599,1.567
1760851471.3042326,1.483,1.558
1760851471.3096218,1.443,1.547
1760851471.3153162,1.387,1.531
1760851471.320981,1.306,1.508
1760851471.326748,1.326,1.49
1760851471.332094,1.261,1.467
1760851471.337898,1.181,1.439
1760851471.343315,1.342,1.429
1760851471.348814,1.339,1.42
1760851471.3545685,1.341,1.412
1760851471.3599663,1.237,1.395
1760851471.365728,1.237,1.379
1760851471.3715036,1.173,1.358
1760851471.3771265,1.278,1.35
1760851471.3825114,1.176,1.333
1760851471.3884299,1.096,1.309
1760851471.394258,1.066,1.285
1760851471.399649,1.237,1.28
1760851471.4054265,1.229,1.275
1760851471.4108121,1.285,1.276
1760851471.4161468,1.282,1.277
1760851471.4214795,1.317,1.281
1760851471.426813,1.302,1.283
1760851471.4323213,1.255,1.28
1760851471.4376574,1.206,1.273
1760851471.4430096,1.285,1.274
1760851471.4483457,1.196,1.266
1760851471.4536946,1.233,1.263
1760851471.4591672,1.214,1.258
1760851471.4643629,1.313,1.263
1760851471.4695399,1.156,1.253
1760851471.4747152,1.231,1.251
1760851471.4799817,1.264,1.252
1760851471.4851708,1.305,1.257
1760851471.4904363,1.225,1.254
1760851471.495821,1.276,1.256
1760851471.5017343,1.237,1.254
1760851471.5072901,1.369,1.266
1760851471.5127256,1.38,1.277
1760851471.5186067,1.314,1.281
1760851471.524031,1.229,1.276
1760851471.5294724,1.393,1.287
1760851471.5348513,1.364,1.295
1760851471.5402966,1.304,1.296
1760851471.546051,1.294,1.296
1760851471.5517027,1.397,1.306
1760851471.5570982,1.485,1.324
1760851471.5630095,1.422,1.334
1760851471.5686383,1.55,1.355
1760851471.5740652,1.436,1.363
1760851471.579455,1.575,1.384
1760851471.5848489,1.571,1.403
1760851471.5906055,1.612,1.424
1760851471.596003,1.612,1.443
1760851471.601772,1.568,1.455
1760851471.6071956,1.534,1.463
1760851471.6129506,1.572,1.474
1760851471.6183422,1.601,1.487
1760851471.6237738,1.632,1.501
1760851471.6293674,1.766,1.528
1760851471.6347587,1.704,1.545
1760851471.6405177,1.721,1.563
1760851471.6460798,1.593,1.566
1760851471.6517541,1.613,1.571
1760851471.6571581,1.558,1.569
1760851471.662918,1.472,1.56
1760851471.6683493,1.305,1.534
1760851471.6738625,1.276,1.508
1760851471.6792915,1.437,1.501
1760851471.684677,1.416,1.493
1760851471.6905358,1.324,1.476
1760851471.6959221,1.356,1.464
1760851471.7016883,1.401,1.458
1760851471.7071142,1.505,1.462
1760851471.7125015,1.475,1.464
1760851471.7181325,1.329,1.45
1760851471.7235181,1.16,1.421
1760851471.7289221,1.38,1.417
1760851471.7343004,1.5,1.425
1760851471.739741,1.506,1.433
1760851471.7451382,1.354,1.425
1760851471.7508793,1.364,1.419
1760851471.7566438,1.427,1.42
1760851471.7625587,1.426,1.421
1760851471.7687366,1.44,1.423
1760851471.7744944,1.461,1.427
1760851471.780253,1.339,1.418
1760851471.7857163,1.201,1.396
1760851471.7914894,1.417,1.398
1760851471.7971106,1.433,1.402
1760851471.802896,1.354,1.397
1760851471.8086538,1.304,1.388
1760851471.8144124,1.38,1.387
1760851471.8198574,1.585,1.407
1760851471.825753,1.536,1.42
1760851471.8311768,1.536,1.431
1760851471.8369439,1.621,1.45
1760851471.8423884,1.788,1.484
1760851471.847779,1.671,1.503
1760851471.853369,1.663,1.519
1760851471.8587708,1.629,1.53
1760851471.8646257,1.69,1.546
1760851471.8703806,1.64,1.555
1760851471.8757818,1.661,1.566
1760851471.881365,1.575,1.567
1760851471.8870602,1.737,1.584
1760851471.8929458,1.608,1.586
1760851471.898534,1.648,1.592
1760851471.9039872,1.6,1.593
1760851471.9093935,1.547,1.588
1760851471.9152532,1.534,1.583
1760851471.920643,1.492,1.574
1760851471.9260542,1.358,1.552
1760851471.931387,1.421,1.539
1760851471.9367237,1.362,1.521
1760851471.942176,1.297,1.499
1760851471.9475625,1.285,1.478
1760851471.9533243,1.341,1.464
1760851471.9587204,1.326,1.45
1760851471.9641297,1.34,1.439
1760851471.9702075,1.349,1.43
1760851471.9755914,1.356,1.423
1760851471.9812748,1.305,1.411
1760851471.987062,1.276,1.398
1760851471.9928627,1.38,1.396
1760851471.9985769,1.405,1.397
1760851472.0038843,1.275,1.385
1760851472.0092225,1.298,1.376
1760851472.0145802,1.364,1.375
1760851472.0199072,1.301,1.367
1760851472.0253873,1.341,1.365
1760851472.0307791,1.168,1.345
1760851472.0362372,1.187,1.329
1760851472.0420103,1.428,1.339
1760851472.0473733,1.44,1.349
1760851472.0529394,1.454,1.36
1760851472.0583482,1.385,1.362
1760851472.0637274,1.568,1.383
1760851472.069607,1.508,1.395
1760851472.075033,1.545,1.41
1760851472.0805345,1.485,1.418
1760851472.0859342,1.523,1.428
1760851472.0913825,1.488,1.434
1760851472.0968394,1.56,1.447
1760851472.1022468,1.586,1.461
1760851472.1076405,1.671,1.482
1760851472.1134033,1.563,1.49
1760851472.1190343,1.471,1.488
1760851472.1248379,1.567,1.496
1760851472.1306481,1.666,1.513
1760851472.136047,1.498,1.511
1760851472.1418347,1.509,1.511
1760851472.1472409,1.495,1.51
1760851472.1529996,1.611,1.52
1760851472.1584177,1.44,1.512
1760851472.163832,1.527,1.513
1760851472.1696703,1.538,1.516
1760851472.1754525,1.495,1.514
1760851472.1812196,1.437,1.506
1760851472.1865613,1.406,1.496
1760851472.191963,1.359,1.482
1760851472.1977477,1.458,1.48
1760851472.203169,1.345,1.466
1760851472.2087004,1.237,1.443
1760851472.214603,1.354,1.434
1760851472.2203693,1.446,1.436
1760851472.2261252,1.237,1.416
1760851472.231695,1.382,1.412
1760851472.23713,1.354,1.407
1760851472.242584,1.401,1.406
1760851472.248421,1.355,1.401
1760851472.2538445,1.341,1.395
1760851472.2593055,1.43,1.398
1760851472.2646873,1.401,1.399
1760851472.2700236,1.437,1.402
1760851472.275359,1.309,1.393
1760851472.2806938,1.33,1.387
1760851472.2861068,1.568,1.405
1760851472.2919178,1.446,1.409
1760851472.2972686,1.385,1.407
1760851472.303185,1.377,1.404
1760851472.308629,1.417,1.405
1760851472.3143861,1.414,1.406
1760851472.3197675,1.35,1.4
1760851472.3253572,1.432,1.403
1760851472.331183,1.487,1.412
1760851472.3370695,1.442,1.415
1760851472.3425586,1.642,1.438
1760851472.3483305,1.671,1.461
1760851472.353666,1.708,1.486
1760851472.3594441,1.517,1.489
1760851472.3652062,1.667,1.506
1760851472.3709123,1.62,1.518
1760851472.3766713,1.746,1.541
1760851472.3820217,1.457,1.532
1760851472.3874104,1.646,1.544
1760851472.3933191,1.607,1.55
1760851472.3986933,1.74,1.569
1760851472.4040766,1.666,1.579
1760851472.4094582,1.693,1.59
1760851472.4147897,1.689,1.6
1760851472.4201214,1.689,1.609
1760851472.4254274,1.641,1.612
1760851472.4307868,1.585,1.609
1760851472.4361236,1.355,1.584
1760851472.4414828,1.457,1.571
1760851472.4468198,1.417,1.556
1760851472.4521494,1.333,1.533
1760851472.4575226,1.237,1.504
1760851472.4628253,1.331,1.487
1760851472.4681282,1.259,1.464
1760851472.4733918,1.38,1.455
1760851472.4787233,1.487,1.459
1760851472.4840624,1.505,1.463
1760851472.4893658,1.468,1.464
1760851472.4947004,1.442,1.461
1760851472.5000262,1.407,1.456
1760851472.5053577,1.493,1.46
1760851472.51069,1.438,1.458
1760851472.5160203,1.535,1.465
1760851472.5217714,1.468,1.466
1760851472.527243,1.474,1.466
1760851472.5329268,1.391,1.459
1760851472.5384977,1.406,1.454
1760851472.5438848,1.329,1.441
1760851472.549283,1.405,1.438
1760851472.5546706,1.355,1.429
1760851472.5600505,1.41,1.427
1760851472.5656211,1.281,1.413
1760851472.5710034,1.685,1.44
1760851472.5767753,1.635,1.46
1760851472.58224,1.586,1.472
1760851472.5876286,1.534,1.478
1760851472.5930312,1.604,1.491
1760851472.598436,1.616,1.503
1760851472.6039085,1.655,1.519
1760851472.6092992,1.621,1.529
1760851472.6150904,1.87,1.563
1760851472.6206288,1.56,1.563
1760851472.6259964,1.698,1.576
1760851472.631725,1.675,1.586
1760851472.6372278,1.642,1.592
1760851472.642626,1.573,1.59
1760851472.6484022,1.566,1.587
1760851472.6538496,1.438,1.572
1760851472.6596146,1.54,1.569
1760851472.665379,1.558,1.568
1760851472.6709135,1.561,1.567
1760851472.676294,1.532,1.564
1760851472.6816838,1.621,1.569
1760851472.6870453,1.535,1.566
1760851472.692461,1.53,1.562
1760851472.6982434,1.276,1.534
1760851472.7036412,1.471,1.528
1760851472.7090838,1.409,1.516
1760851472.7148466,1.407,1.505
1760851472.7206461,1.447,1.499
1760851472.7260995,1.429,1.492
1760851472.7316546,1.392,1.482
1760851472.7371366,1.404,1.474
1760851472.743015,1.388,1.465
1760851472.7486968,1.483,1.467
1760851472.7542398,1.379,1.458
1760851472.7596352,1.285,1.441
1760851472.7654002,1.292,1.426
1760851472.7709107,1.405,1.424
1760851472.7767496,1.276,1.409
1760851472.7821445,1.355,1.404
1760851472.7875338,1.374,1.401
1760851472.7929122,1.38,1.399
1760851472.7986767,1.363,1.395
1760851472.804097,1.431,1.399
1760851472.809487,1.41,1.4
1760851472.815281,1.382,1.398
1760851472.8210409,1.302,1.388
1760851472.8269062,1.178,1.367
1760851472.8323016,1.179,1.349
1760851472.8380837,1.272,1.341
1760851472.8437617,1.124,1.319
1760851472.8492794,1.289,1.316
1760851472.8546772,1.363,1.321
1760851472.8600674,1.484,1.337
1760851472.8658366,1.463,1.35
1760851472.8712695,1.427,1.357
1760851472.8766994,1.459,1.368
1760851472.8820949,1.693,1.4
1760851472.887426,1.032,1.363
1760851472.893063,1.527,1.38
1760851472.8984714,1.538,1.395
1760851472.9038544,1.598,1.416
1760851472.9096184,1.589,1.433
1760851472.9152217,1.599,1.45
1760851472.9206438,1.71,1.476
1760851472.9260626,1.675,1.496
1760851472.9314544,1.692,1.515
1760851472.9371235,1.536,1.517
1760851472.9430249,1.53,1.519
1760851472.9484134,1.592,1.526
1760851472.9537868,1.546,1.528
1760851472.9592626,1.461,1.521
1760851472.9648306,1.391,1.508
1760851472.970685,1.717,1.529
1760851472.9764457,1.663,1.542
1760851472.9818401,1.392,1.527
1760851472.9872606,1.519,1.527
1760851472.9926784,1.429,1.517
1760851472.99863,1.409,1.506
1760851473.0040343,1.517,1.507
1760851473.009363,1.461,1.502
1760851473.0146947,1.453,1.498
1760851473.0200331,1.416,1.489
1760851473.0254145,1.445,1.485
1760851473.0309477,1.38,1.474
1760851473.0367053,1.466,1.474
1760851473.042094,1.38,1.464
1760851473.04748,1.374,1.455
1760851473.0531166,1.354,1.445
1760851473.058499,1.42,1.443
1760851473.0644248,1.292,1.427
1760851473.0701914,1.472,1.432
1760851473.0755854,1.38,1.427
1760851473.081131,1.466,1.431
1760851473.086463,1.459,1.433
1760851473.0917985,1.385,1.429
1760851473.0971878,1.334,1.419
1760851473.1027656,1.271,1.404
1760851473.1082044,1.457,1.41
1760851473.1139674,1.401,1.409
1760851473.1197476,1.376,1.405
1760851473.125109,1.457,1.411
1760851473.130898,1.488,1.418
1760851473.1366665,1.537,1.43
1760851473.142188,1.538,1.441
1760851473.147577,1.424,1.439
1760851473.1532,1.6,1.455
1760851473.158591,1.543,1.464
1760851473.1641738,1.741,1.492
1760851473.1703186,1.59,1.502
1760851473.1757233,1.659,1.517
1760851473.1815276,1.857,1.551
1760851473.187583,1.69,1.565
1760851473.1932406,1.844,1.593
1760851473.198577,1.826,1.616
1760851473.2039526,1.574,1.612
1760851473.2098088,1.56,1.607
1760851473.215629,1.741,1.62
1760851473.2210598,1.699,1.628
1760851473.2266252,1.642,1.629
1760851473.232081,1.714,1.638
1760851473.237526,1.663,1.64
1760851473.2428977,1.715,1.648
1760851473.2482882,1.745,1.658
1760851473.253678,1.748,1.667
1760851473.259463,1.779,1.678
1760851473.2652216,1.633,1.673
1760851473.2710226,1.593,1.665
1760851473.2769017,1.577,1.656
1760851473.282272,1.537,1.644
1760851473.28785,1.448,1.625
1760851473.2932248,1.442,1.607
1760851473.2988467,1.43,1.589
1760851473.3042347,1.401,1.57
1760851473.3097181,1.404,1.553
1760851473.3153,1.413,1.539
1760851473.320635,1.377,1.523
1760851473.3261418,1.339,1.505
1760851473.33153,1.556,1.51
1760851473.3369792,1.685,1.527
1760851473.3423686,1.585,1.533
1760851473.3482068,1.546,1.534
1760851473.3536522,1.376,1.519
1760851473.358999,1.53,1.52
1760851473.364401,1.411,1.509
1760851473.3701596,1.438,1.502
1760851473.375769,1.452,1.497
1760851473.3815303,1.452,1.492
1760851473.3871794,1.401,1.483
1760851473.3925858,1.38,1.473
1760851473.3984885,1.431,1.469
1760851473.403887,1.437,1.466
1760851473.4093046,1.492,1.468
1760851473.4146388,1.661,1.488
1760851473.4199715,1.759,1.515
1760851473.4253068,1.739,1.537
1760851473.4306448,1.724,1.556
1760851473.4359832,1.867,1.587
1760851473.4413192,1.866,1.615
1760851473.4466548,1.808,1.634
1760851473.4519923,1.826,1.653
1760851473.4573352,1.93,1.681
1760851473.4626548,1.908,1.704
1760851473.4680543,1.943,1.728
1760851473.4733877,1.967,1.752
1760851473.478719,1.886,1.765
1760851473.4840508,1.729,1.761
1760851473.4894564,1.534,1.739
1760851473.494786,1.398,1.705
1760851473.5001175,1.347,1.669
1760851473.5054476,1.237,1.626
1760851473.511294,1.281,1.591
1760851473.5167348,1.214,1.553
1760851473.5221806,1.237,1.522
1760851473.5275621,1.349,1.504
1760851473.5329492,1.237,1.478
1760851473.5385315,1.148,1.445
1760851473.5439308,1.455,1.446
1760851473.549226,1.679,1.469
1760851473.5545595,1.491,1.471
1760851473.5598943,1.857,1.51
1760851473.5652273,1.859,1.545
1760851473.5714648,1.69,1.559
1760851473.5772116,1.285,1.532
1760851473.5826037,1.307,1.509
1760851473.5881011,1.294,1.488
1760851473.593566,1.363,1.475
1760851473.598946,1.306,1.458
1760851473.6043282,1.353,1.448
1760851473.6099482,1.496,1.453
1760851473.6156197,1.485,1.456
1760851473.621377,1.527,1.463
1760851473.627241,1.609,1.478
1760851473.6326516,1.599,1.49
1760851473.6383858,1.42,1.483
1760851473.643787,1.481,1.483
1760851473.6494465,1.48,1.482
1760851473.6552417,1.63,1.497
1760851473.6606312,1.575,1.505
1760851473.6663978,1.492,1.504
1760851473.6718464,1.702,1.523
1760851473.6772542,1.744,1.545
1760851473.6827085,1.833,1.574
1760851473.688091,1.882,1.605
1760851473.6934772,1.868,1.631
1760851473.6988666,1.793,1.647
1760851473.704628,1.7,1.653
1760851473.710213,1.658,1.653
1760851473.7157109,1.679,1.656
1760851473.7211933,1.471,1.637
1760851473.7270234,1.33,1.607
1760851473.7325122,1.294,1.575
1760851473.7382784,1.217,1.539
1760851473.7438486,1.2,1.506
1760851473.7492406,1.182,1.473
1760851473.7550366,1.192,1.445
1760851473.7604902,1.207,1.421
1760851473.7668931,1.265,1.406
1760851473.7723196,1.138,1.379
1760851473.7780929,1.293,1.37
1760851473.783526,1.366,1.37
1760851473.7889173,1.57,1.39
1760851473.7943158,1.587,1.41
1760851473.799722,1.551,1.424
1760851473.8055642,1.461,1.427
1760851473.8110394,1.466,1.431
1760851473.8168206,1.418,1.43
1760851473.822242,1.384,1.425
1760851473.8276954,1.366,1.42
1760851473.833087,1.456,1.423
1760851473.8386962,1.424,1.423
1760851473.844086,1.405,1.421
1760851473.849478,1.369,1.416
1760851473.8554106,1.391,1.414
1760851473.8608522,1.477,1.42
1760851473.8666747,1.367,1.415
1760851473.8721159,1.399,1.413
1760851473.8775365,1.337,1.405
1760851473.8829315,1.458,1.411
1760851473.8882678,1.471,1.417
1760851473.8937333,1.333,1.408
1760851473.8991585,1.414,1.409
1760851473.9049225,1.471,1.415
1760851473.9107983,1.408,1.414
1760851473.916209,1.392,1.412
1760851473.921987,1.409,1.412
1760851473.927405,1.313,1.402
1760851473.9328067,1.33,1.395
1760851473.9381862,1.454,1.401
1760851473.9435778,1.676,1.428
1760851473.9489615,1.597,1.445
1760851473.9543607,1.636,1.464
1760851473.9597397,1.581,1.476
1760851473.9651308,1.602,1.488
1760851473.970495,1.556,1.495
1760851473.975893,1.575,1.503
1760851473.9813042,1.538,1.507
1760851473.9867115,1.55,1.511
1760851473.9921167,1.545,1.514
1760851473.9974835,1.448,1.508
1760851474.0028808,1.484,1.505
1760851474.0082672,1.426,1.497
1760851474.013695,1.434,1.491
1760851474.0191727,1.318,1.474
1760851474.024514,1.276,1.454
1760851474.0298545,1.337,1.442
1760851474.035321,1.197,1.418
1760851474.0406547,1.184,1.394
1760851474.0460045,1.229,1.378
1760851474.0514188,1.343,1.374
1760851474.0566876,1.536,1.39
1760851474.0620184,1.561,1.408
1760851474.0673487,1.668,1.434
1760851474.0726805,1.559,1.446
1760851474.0780103,1.447,1.446
1760851474.083387,1.377,1.439
1760851474.088715,1.302,1.426
1760851474.0941133,1.44,1.427
1760851474.0996642,1.339,1.418
1760851474.1050563,1.351,1.412
1760851474.1103914,1.351,1.405
1760851474.1157262,1.477,1.413
1760851474.1210585,1.488,1.42
1760851474.126826,1.586,1.437
1760851474.1324232,1.292,1.422
1760851474.1378145,1.687,1.449
1760851474.1433678,1.668,1.471
1760851474.1492116,1.722,1.496
1760851474.1550884,1.833,1.529
1760851474.1606665,1.908,1.567
1760851474.1665125,1.86,1.597
1760851474.171886,1.855,1.622
1760851474.1778557,1.79,1.639
1760851474.1836312,1.78,1.653
1760851474.1890755,1.71,1.659
1760851474.1946359,1.68,1.661
1760851474.200027,1.792,1.674
1760851474.2054358,1.625,1.669
1760851474.2108529,1.273,1.63
1760851474.2160544,0.941,1.561
1760851474.221316,1.392,1.544
1760851474.227259,1.493,1.539
1760851474.2326524,1.268,1.512
1760851474.2382374,1.35,1.496
1760851474.243849,1.131,1.459
1760851474.2496104,1.309,1.444
1760851474.2553813,1.301,1.43
1760851474.2607675,1.289,1.416
1760851474.2665226,1.355,1.41
1760851474.2719269,1.524,1.421
1760851474.2773361,1.683,1.447
1760851474.2827168,1.384,1.441
1760851474.288102,1.65,1.462
1760851474.2937126,1.484,1.464
1760851474.299432,1.421,1.46
1760851474.3052359,1.374,1.451
1760851474.3106217,1.42,1.448
1760851474.3160582,1.558,1.459
1760851474.3214617,1.555,1.469
1760851474.327877,1.563,1.478
1760851474.3332965,1.49,1.479
1760851474.3386798,1.676,1.499
1760851474.3441045,1.642,1.513
1760851474.349488,1.571,1.519
1760851474.354907,1.603,1.527
1760851474.3602538,1.715,1.546
1760851474.3660173,1.578,1.549
1760851474.371413,1.592,1.554
1760851474.3767486,1.638,1.562
1760851474.3821445,1.875,1.593
1760851474.3874826,1.87,1.621
1760851474.3928213,1.997,1.659
1760851474.3986046,1.883,1.681
1760851474.4040017,1.581,1.671
1760851474.409387,1.542,1.658
1760851474.4147205,1.527,1.645
1760851474.4200559,1.482,1.629
1760851474.4253893,1.451,1.611
1760851474.4307249,1.371,1.587
1760851474.4360611,1.225,1.551
1760851474.441396,1.111,1.507
1760851474.4471338,1.203,1.476
1760851474.452471,0.904,1.419
1760851474.4578025,1.189,1.396
1760851474.4631338,1.127,1.369
1760851474.46837,1.393,1.372
1760851474.47364,1.456,1.38
1760851474.4789732,1.359,1.378
1760851474.4843938,1.401,1.38
1760851474.4898262,1.449,1.387
1760851474.495239,1.276,1.376
1760851474.5006237,1.292,1.368
1760851474.5064926,1.237,1.355
1760851474.5119271,1.319,1.351
1760851474.5173872,1.192,1.335
1760851474.5227237,1.333,1.335
1760851474.528105,1.326,1.334
1760851474.533546,1.479,1.348
1760851474.5389304,1.384,1.352
1760851474.5443206,1.421,1.359
1760851474.5497096,1.395,1.363
1760851474.5553198,1.422,1.369
1760851474.5609033,1.466,1.378
1760851474.5667267,1.495,1.39
1760851474.5721576,1.467,1.398
1760851474.5777266,1.181,1.376
1760851474.5835016,1.638,1.402
1760851474.5889049,1.527,1.415
1760851474.5945306,1.579,1.431
1760851474.5999227,1.571,1.445
1760851474.6052651,1.707,1.471
1760851474.610659,1.638,1.488
1760851474.6170118,1.619,1.501
1760851474.6224365,1.608,1.512
1760851474.6280308,1.599,1.52
1760851474.633793,1.496,1.518
1760851474.6393514,1.452,1.511
1760851474.6451154,1.513,1.512
1760851474.650516,1.525,1.513
1760851474.655852,1.393,1.501
1760851474.661188,1.376,1.488
1760851474.6665254,1.343,1.474
1760851474.671975,1.406,1.467
1760851474.6774724,1.402,1.461
1760851474.6828763,1.356,1.45
1760851474.6886413,1.423,1.447
1760851474.694407,1.468,1.45
1760851474.6997995,1.453,1.45
1760851474.7052565,1.456,1.451
1760851474.710635,1.464,1.452
1760851474.71606,1.451,1.452
1760851474.721904,1.364,1.443
1760851474.7273407,1.326,1.431
1760851474.7327373,1.323,1.421
1760851474.738194,1.237,1.402
1760851474.7435815,1.047,1.367
1760851474.7489607,1.236,1.354
1760851474.7544076,1.224,1.341
1760851474.759792,1.367,1.343
1760851474.7652652,1.256,1.335
1760851474.7706006,1.431,1.344
1760851474.7762504,1.519,1.362
1760851474.7825034,1.547,1.38
1760851474.787905,1.551,1.397
1760851474.7932787,1.662,1.424
1760851474.7986872,1.788,1.46
1760851474.8045733,1.843,1.499
1760851474.8103318,1.932,1.542
1760851474.8161418,1.87,1.575
1760851474.821545,1.81,1.598
1760851474.8268886,1.826,1.621
1760851474.8323486,1.766,1.636
1760851474.8376865,1.772,1.649
1760851474.8437765,1.794,1.664
1760851474.849229,1.741,1.671
1760851474.8548834,1.857,1.69
1760851474.8602846,1.641,1.685
1760851474.8661916,1.572,1.674
1760851474.871607,1.488,1.655
1760851474.877337,1.432,1.633
1760851474.8827302,1.355,1.605
1760851474.8887196,1.38,1.582
1760851474.8945904,1.405,1.565
1760851474.8999844,1.409,1.549
1760851474.905378,1.444,1.539
1760851474.9107747,1.674,1.552
1760851474.916108,1.791,1.576
1760851474.9214861,1.826,1.601
1760851474.9268618,1.694,1.61
1760851474.932199,1.638,1.613
1760851474.9375324,1.463,1.598
1760851474.943446,1.467,1.585
1760851474.94921,1.483,1.575
1760851474.9546602,1.297,1.547
1760851474.9600492,1.204,1.513
1760851474.9654975,1.216,1.483
1760851474.9710057,1.225,1.457
1760851474.9762032,1.354,1.447
1760851474.981537,1.376,1.44
1760851474.9869294,1.38,1.434
1760851474.9923134,1.409,1.431
1760851474.9977422,1.459,1.434
1760851475.003165,1.501,1.441
1760851475.008483,1.372,1.434
1760851475.0136833,1.5,1.441
1760851475.0189452,1.612,1.458
1760851475.0242603,1.704,1.482
1760851475.0296438,1.585,1.493
1760851475.03509,1.61,1.504
1760851475.0408988,1.841,1.538
1760851475.046372,1.69,1.553
1760851475.0517983,1.684,1.566
1760851475.0576968,1.465,1.556
1760851475.063515,1.608,1.561
1760851475.068934,1.618,1.567
1760851475.0746734,1.66,1.576
1760851475.0800033,1.622,1.581
1760851475.0855138,1.596,1.582
1760851475.0908442,1.601,1.584
1760851475.096179,1.405,1.566
1760851475.1015108,1.362,1.546
1760851475.1068442,1.289,1.52
1760851475.1121943,1.382,1.506
1760851475.118132,1.393,1.495
1760851475.1235356,1.352,1.481
1760851475.128964,1.398,1.473
1760851475.1342986,1.419,1.467
1760851475.1396337,1.467,1.467
1760851475.145327,1.539,1.474
1760851475.1506598,1.627,1.49
1760851475.1560502,1.827,1.523
1760851475.1614413,1.844,1.555
1760851475.1667762,1.696,1.569
1760851475.1722689,1.555,1.568
1760851475.1776676,1.53,1.564
1760851475.1832497,1.466,1.554
1760851475.188665,1.456,1.545
1760851475.1940672,1.536,1.544
1760851475.1994047,1.516,1.541
1760851475.2047913,1.509,1.538
1760851475.2101934,1.494,1.533
1760851475.2155268,1.451,1.525
1760851475.2209826,1.472,1.52
1760851475.2265327,1.41,1.509
1760851475.2318752,1.492,1.507
1760851475.2373211,1.506,1.507
1760851475.243185,1.534,1.51
1760851475.2491417,1.301,1.489
1760851475.254916,1.623,1.502
1760851475.2607412,1.575,1.51
1760851475.267092,1.581,1.517
1760851475.272496,1.475,1.513
1760851475.2778397,1.691,1.53
1760851475.2832122,1.6,1.537
1760851475.2885513,1.416,1.525
1760851475.2938921,1.555,1.528
1760851475.2992349,1.408,1.516
1760851475.3045716,1.431,1.508
1760851475.309972,1.39,1.496
1760851475.315646,1.575,1.504
1760851475.321045,1.492,1.503
1760851475.3263967,1.511,1.503
1760851475.3317363,1.524,1.505
1760851475.337075,1.488,1.504
1760851475.3424265,1.467,1.5
1760851475.3477647,1.48,1.498
1760851475.353205,1.462,1.494
1760851475.358576,1.354,1.48
1760851475.3639715,1.376,1.47
1760851475.3693054,1.509,1.474
1760851475.374627,1.608,1.487
1760851475.3799202,1.55,1.493
1760851475.3852084,1.483,1.492
1760851475.3904731,1.56,1.499
1760851475.3957338,1.526,1.502
1760851475.4009938,1.506,1.502
1760851475.4062533,1.542,1.506
1760851475.4116137,1.559,1.512
1760851475.4169607,1.63,1.523
1760851475.4222987,1.488,1.52
1760851475.4276314,1.474,1.515
1760851475.4329655,1.457,1.509
1760851475.4382992,1.521,1.511
1760851475.4436295,1.385,1.498
1760851475.4489672,1.33,1.481
1760851475.4543128,1.354,1.469
1760851475.4597487,1.368,1.459
1760851475.465081,1.381,1.451
1760851475.4704137,1.33,1.439
1760851475.4771013,1.373,1.432
1760851475.4824493,1.256,1.415
1760851475.4878118,1.259,1.399
1760851475.4931407,1.233,1.382
1760851475.498473,1.51,1.395
1760851475.5038128,1.458,1.401
1760851475.5091498,1.444,1.406
1760851475.5144813,1.496,1.415
1760851475.5198157,1.508,1.424
1760851475.5251515,1.505,1.432
1760851475.5304854,1.496,1.439
1760851475.5358524,1.488,1.443
1760851475.5412536,1.617,1.461
1760851475.54724,1.582,1.473
1760851475.5526102,1.536,1.479
1760851475.5580616,1.45,1.476
1760851475.5636907,1.407,1.469
1760851475.569436,1.452,1.468
1760851475.5751362,1.366,1.457
1760851475.580555,1.392,1.451
1760851475.5863488,1.483,1.454
1760851475.5920012,1.426,1.451
1760851475.5973876,1.388,1.445
1760851475.6027758,1.418,1.442
1760851475.6081712,1.527,1.451
1760851475.6139295,1.322,1.438
1760851475.6193237,1.505,1.445
1760851475.624713,1.488,1.449
1760851475.6304731,1.613,1.465
1760851475.6358624,1.625,1.481
1760851475.6416514,1.608,1.494
1760851475.6471288,1.509,1.495
1760851475.6525328,1.496,1.495
1760851475.657924,1.428,1.489
1760851475.6638036,1.393,1.479
1760851475.6692839,1.324,1.464
1760851475.6748605,1.237,1.441
1760851475.6802514,1.324,1.429
1760851475.685704,1.353,1.422
1760851475.6915066,1.279,1.407
1760851475.6969342,1.122,1.379
1760851475.7027051,1.237,1.365
1760851475.7085967,1.26,1.354
1760851475.7143703,1.197,1.338
1760851475.7202642,1.049,1.309
1760851475.7256527,1.326,1.311
1760851475.7315705,1.331,1.313
1760851475.737347,1.419,1.324
1760851475.7433298,1.485,1.34
1760851475.748729,1.558,1.362
1760851475.7543173,1.404,1.366
1760851475.759788,1.667,1.396
1760851475.765552,1.638,1.42
1760851475.7711549,1.614,1.44
1760851475.776492,1.595,1.455
1760851475.7818592,1.522,1.462
1760851475.7872202,1.74,1.49
1760851475.7926078,1.65,1.506
1760851475.797934,1.668,1.522
1760851475.8032756,1.587,1.528
1760851475.8086097,1.524,1.528
1760851475.8139489,1.534,1.528
1760851475.8193448,1.477,1.523
1760851475.8251128,1.286,1.5
1760851475.8305411,1.479,1.498
1760851475.835937,1.047,1.452
1760851475.841694,1.177,1.425
1760851475.8471255,1.539,1.436
1760851475.8530402,1.62,1.455
1760851475.8585968,1.482,1.457
1760851475.8640184,1.544,1.466
1760851475.8694348,1.511,1.471
1760851475.8748474,1.611,1.485
1760851475.8802314,1.692,1.505
1760851475.8856149,1.606,1.515
1760851475.8915026,1.553,1.519
1760851475.8977509,1.647,1.532
1760851475.903286,1.702,1.549
1760851475.9087021,1.527,1.547
1760851475.9145987,1.548,1.547
1760851475.9199934,1.613,1.554
1760851475.9258323,1.604,1.559
1760851475.931251,1.516,1.554
1760851475.9370208,1.483,1.547
1760851475.9424624,1.532,1.546
1760851475.9478528,1.506,1.542
1760851475.9536083,1.534,1.541
1760851475.9590993,1.525,1.539
1760851475.964994,1.532,1.539
1760851475.9707546,1.496,1.534
1760851475.9762022,1.521,1.533
1760851475.9820554,1.534,1.533
1760851475.9874437,1.56,1.536
1760851475.9932265,1.572,1.539
1760851475.9989,1.579,1.543
1760851476.0043116,1.612,1.55
1760851476.009643,1.545,1.55
1760851476.0153604,1.599,1.555
1760851476.0212638,1.545,1.554
1760851476.0270758,1.586,1.557
1760851476.0324697,1.609,1.562
1760851476.037804,1.599,1.566
1760851476.0431585,1.546,1.564
1760851476.0484912,1.497,1.557
1760851476.0538259,1.481,1.55
1760851476.059184,1.474,1.542
1760851476.0645206,1.451,1.533
1760851476.0698588,1.453,1.525
1760851476.0752118,1.483,1.521
1760851476.0806124,1.477,1.516
1760851476.085951,1.435,1.508
1760851476.0912917,1.487,1.506
1760851476.096637,1.472,1.503
1760851476.1021023,1.525,1.505
1760851476.107556,1.437,1.498
1760851476.112954,1.458,1.494
1760851476.1187255,1.539,1.499
1760851476.1241195,1.472,1.496
1760851476.129567,1.404,1.487
1760851476.1354525,1.504,1.488
1760851476.1412203,1.583,1.498
1760851476.1470237,1.582,1.506
1760851476.1524224,1.505,1.506
1760851476.1578772,1.501,1.506
1760851476.1641388,1.597,1.515
1760851476.1702561,1.542,1.518
1760851476.175643,1.462,1.512
1760851476.1812086,1.535,1.514
1760851476.1866615,1.584,1.521
1760851476.1925619,1.555,1.525
1760851476.19801,1.522,1.524
1760851476.2034364,1.432,1.515
1760851476.209545,1.459,1.51
1760851476.2149508,1.469,1.506
1760851476.22027,1.476,1.503
1760851476.2256703,1.566,1.509
1760851476.2310214,1.601,1.518
1760851476.2364209,1.519,1.518
1760851476.2417576,1.47,1.513
1760851476.24717,1.305,1.492
1760851476.2525573,1.297,1.473
1760851476.2579727,1.451,1.471
1760851476.2637043,1.458,1.47
1760851476.2696505,1.262,1.449
1760851476.2755494,1.318,1.436
1760851476.2809947,1.38,1.43
1760851476.286301,1.351,1.422
1760851476.2916975,1.395,1.419
1760851476.2974398,1.426,1.42
1760851476.3028507,1.495,1.428
1760851476.3081875,1.418,1.427
1760851476.3135195,1.519,1.436
1760851476.318825,1.509,1.443
1760851476.3241675,1.508,1.45
1760851476.3295074,1.552,1.46
1760851476.3348439,1.509,1.465
1760851476.3401794,1.547,1.473
1760851476.345571,1.588,1.485
1760851476.3509488,1.555,1.492
1760851476.356345,1.516,1.494
1760851476.3617253,1.751,1.52
1760851476.3674772,1.775,1.545
1760851476.3728683,1.72,1.563
1760851476.3786197,1.627,1.569
1760851476.3840194,1.56,1.568
1760851476.3894134,1.609,1.572
1760851476.3947463,1.587,1.574
1760851476.4001334,1.548,1.571
1760851476.405521,1.545,1.569
1760851476.4108598,1.571,1.569
1760851476.4162009,1.441,1.556
1760851476.4215353,1.457,1.546
1760851476.4268723,1.457,1.537
1760851476.4322102,1.429,1.526
1760851476.4375458,1.234,1.497
1760851476.4433382,1.401,1.487
1760851476.448672,1.371,1.476
1760851476.4540236,1.408,1.469
1760851476.459373,1.441,1.466
1760851476.4646711,1.488,1.468
1760851476.4699419,1.55,1.477
1760851476.4753108,1.662,1.495
1760851476.4806433,1.606,1.506
1760851476.4859755,1.671,1.523
1760851476.491739,1.687,1.539
1760851476.497077,1.65,1.55
1760851476.502413,1.598,1.555
1760851476.5082734,1.513,1.551
1760851476.514137,1.46,1.542
1760851476.5195298,1.478,1.535
1760851476.5252824,1.408,1.523
1760851476.5306652,1.403,1.511
1760851476.5359674,1.316,1.491
1760851476.541366,1.354,1.477
1760851476.5466986,1.439,1.474
1760851476.5520687,1.442,1.471
1760851476.5574002,1.418,1.465
1760851476.562919,1.483,1.467
1760851476.5683057,1.401,1.46
1760851476.573641,1.409,1.455
1760851476.5790699,1.419,1.452
1760851476.5845246,1.501,1.457
1760851476.589859,1.37,1.448
1760851476.5954635,1.308,1.434
1760851476.6007948,1.507,1.441
1760851476.6062498,1.646,1.462
1760851476.6115777,1.509,1.466
1760851476.6169097,1.538,1.474
1760851476.6223066,1.584,1.485
1760851476.6276975,1.588,1.495
1760851476.6330295,1.517,1.497
1760851476.6384284,1.517,1.499
1760851476.643788,1.508,1.5
1760851476.6492572,1.613,1.511
1760851476.6545944,1.456,1.506
1760851476.660042,1.529,1.508
1760851476.6663997,1.679,1.525
1760851476.6722867,1.621,1.535
1760851476.6775892,1.501,1.531
1760851476.6830342,1.507,1.529
1760851476.6883712,1.422,1.518
1760851476.693704,1.514,1.518
1760851476.699479,1.431,1.509
1760851476.7050052,1.443,1.503
1760851476.710823,1.447,1.497
1760851476.7162611,1.511,1.498
1760851476.7216737,1.5,1.499
1760851476.7274969,1.534,1.502
1760851476.7330806,1.625,1.514
1760851476.7384968,1.684,1.531
1760851476.7439365,1.77,1.555
1760851476.7493615,1.682,1.568
1760851476.7551537,1.579,1.569
1760851476.7605417,1.526,1.565
1760851476.7663045,1.331,1.541
1760851476.771801,1.358,1.523
1760851476.7772105,1.319,1.503
1760851476.782606,1.359,1.488
1760851476.7880535,1.35,1.474
1760851476.7934036,1.409,1.468
1760851476.798677,1.546,1.476
1760851476.803934,1.637,1.492
1760851476.8093174,1.496,1.492
1760851476.81512,1.388,1.482
1760851476.8208814,1.237,1.457
1760851476.8265083,1.253,1.437
1760851476.8319035,1.21,1.414
1760851476.8374953,1.276,1.4
1760851476.8435667,1.319,1.392
1760851476.8496838,1.172,1.37
1760851476.8552291,1.368,1.37
1760851476.8607714,1.534,1.386
1760851476.8668108,1.38,1.386
1760851476.8722384,1.484,1.396
1760851476.8777502,1.292,1.385
1760851476.8831685,1.41,1.388
1760851476.8884985,1.359,1.385
1760851476.8938425,1.457,1.392
1760851476.899243,1.361,1.389
1760851476.9050124,1.438,1.394
1760851476.910506,1.431,1.398
1760851476.9159281,1.353,1.393
1760851476.9216986,1.386,1.392
1760851476.9276707,1.408,1.394
1760851476.9332745,1.435,1.398
1760851476.9388402,1.319,1.39
1760851476.944192,1.342,1.385
1760851476.9495847,1.505,1.397
1760851476.9549215,1.496,1.407
1760851476.9603689,1.588,1.425
1760851476.9657836,1.218,1.404
1760851476.971546,1.617,1.426
1760851476.9773607,1.81,1.464
1760851476.9830112,1.797,1.497
1760851476.9884524,1.578,1.506
1760851476.994111,1.498,1.505
1760851476.999503,1.328,1.487
1760851477.0048332,1.302,1.469
1760851477.0101604,1.199,1.442
1760851477.0154932,1.237,1.421
1760851477.020828,1.262,1.405
1760851477.0266063,1.217,1.386
1760851477.032006,1.376,1.385
1760851477.037481,1.509,1.398
1760851477.0436494,1.322,1.39
1760851477.0492473,1.458,1.397
1760851477.054649,1.389,1.396
1760851477.0600693,1.303,1.387
1760851477.0657384,1.277,1.376
1760851477.0720413,1.345,1.373
1760851477.0780127,1.266,1.362
1760851477.0834136,1.314,1.357
1760851477.0887735,1.364,1.358
1760851477.0941138,1.417,1.364
1760851477.0995097,1.358,1.363
1760851477.1048498,1.355,1.362
1760851477.11019,1.427,1.369
1760851477.1155307,1.411,1.373
1760851477.121435,1.379,1.374
1760851477.1273406,1.466,1.383
1760851477.1331007,1.456,1.39
1760851477.138614,1.457,1.397
1760851477.1440253,1.397,1.397
1760851477.1495738,1.505,1.408
1760851477.1553586,1.537,1.421
1760851477.1607718,1.547,1.433
1760851477.1668353,1.482,1.438
1760851477.172267,1.456,1.44
1760851477.1776655,1.457,1.442
1760851477.1831172,1.561,1.454
1760851477.1885083,1.501,1.458
1760851477.1939423,1.542,1.467
1760851477.1993227,1.513,1.471
1760851477.2051094,1.48,1.472
1760851477.2107346,1.507,1.476
1760851477.2165468,1.479,1.476
1760851477.22232,1.459,1.474
1760851477.2277153,1.516,1.478
1760851477.2333229,1.367,1.467
1760851477.2393186,1.569,1.477
1760851477.2451177,1.507,1.48
1760851477.2509024,1.564,1.489
1760851477.2566612,1.53,1.493
1760851477.262544,1.535,1.497
1760851477.2680562,1.546,1.502
1760851477.2743862,1.612,1.513
1760851477.2798057,1.529,1.515
1760851477.285319,1.494,1.513
1760851477.2911725,1.517,1.513
1760851477.2965875,1.564,1.518
1760851477.3023627,1.459,1.512
1760851477.30777,1.472,1.508
1760851477.3135314,1.537,1.511
1760851477.3189383,1.589,1.519
1760851477.3248522,1.585,1.526
1760851477.3307428,1.578,1.531
1760851477.3361337,1.584,1.536
1760851477.3419094,1.689,1.551
1760851477.3473275,1.667,1.563
1760851477.3527105,1.711,1.578
1760851477.3580945,1.784,1.598
1760851477.3637595,1.851,1.624
1760851477.3691747,1.692,1.631
1760851477.3745737,1.698,1.637
1760851477.3799918,1.561,1.63
1760851477.3855014,1.586,1.625
1760851477.391303,1.525,1.615
1760851477.3971534,1.479,1.602
1760851477.4025738,1.397,1.581
1760851477.4081173,1.455,1.569
1760851477.413455,1.419,1.554
1760851477.41879,1.431,1.541
1760851477.4241228,1.376,1.525
1760851477.4294627,1.455,1.518
1760851477.4347982,1.393,1.505
1760851477.4401338,1.41,1.496
1760851477.4454706,1.406,1.487
1760851477.4508078,1.442,1.482
1760851477.4561749,1.351,1.469
1760851477.4614735,1.364,1.459
1760851477.4667454,1.393,1.452
1760851477.4721014,1.382,1.445
1760851477.4774318,1.327,1.433
1760851477.482764,1.349,1.425
1760851477.4880989,1.327,1.415
1760851477.493435,1.468,1.421
1760851477.498841,1.366,1.415
1760851477.5041769,1.38,1.412
1760851477.5095117,1.388,1.409
1760851477.5153742,1.457,1.414
1760851477.5207958,1.414,1.414
1760851477.5265682,1.414,1.414
1760851477.5319583,1.501,1.423
1760851477.5373685,1.471,1.428
1760851477.5427885,1.588,1.444
1760851477.548176,1.599,1.459
1760851477.553581,1.777,1.491
1760851477.5590644,1.82,1.524
1760851477.5644767,1.791,1.551
1760851477.5702446,1.703,1.566
1760851477.5763037,1.558,1.565
1760851477.5820863,1.551,1.564
1760851477.5881329,1.457,1.553
1760851477.5939026,1.408,1.538
1760851477.5993085,1.392,1.524
1760851477.6050797,1.47,1.518
1760851477.6106014,1.405,1.507
1760851477.6160798,1.463,1.503
1760851477.6218457,1.54,1.506
1760851477.6280954,1.612,1.517
1760851477.6339862,1.538,1.519
1760851477.6394994,1.534,1.521
1760851477.6451783,1.578,1.526
1760851477.6509478,1.509,1.525
1760851477.6567128,1.501,1.522
1760851477.6624904,1.508,1.521
1760851477.6679196,1.556,1.524
1760851477.6737251,1.756,1.547
1760851477.6793942,1.485,1.541
1760851477.6851683,1.496,1.537
1760851477.690944,1.506,1.534
1760851477.696407,1.478,1.528
1760851477.7021904,1.521,1.527
1760851477.7081351,1.38,1.513
1760851477.7142293,1.414,1.503
1760851477.719717,1.439,1.496
1760851477.7255905,1.701,1.517
1760851477.7314384,1.366,1.502
1760851477.7372024,1.43,1.495
1760851477.742614,1.695,1.515
1760851477.7480206,1.611,1.524
1760851477.753787,1.509,1.523
1760851477.7592707,1.445,1.515
1760851477.7650373,1.509,1.514
1760851477.7707984,1.563,1.519
1760851477.7765663,1.498,1.517
1760851477.7819543,1.588,1.524
1760851477.787331,1.694,1.541
1760851477.7927768,1.748,1.562
1760851477.798586,1.845,1.59
1760851477.8044698,1.741,1.605
1760851477.80992,1.729,1.618
1760851477.8161352,1.529,1.609
1760851477.8217957,1.461,1.594
1760851477.8276014,1.542,1.589
1760851477.8334048,1.48,1.578
1760851477.8387957,1.435,1.564
1760851477.844198,1.497,1.557
1760851477.8496528,1.483,1.55
1760851477.8551178,1.527,1.547
1760851477.8606224,1.517,1.544
1760851477.8665092,1.476,1.537
1760851477.871949,1.469,1.531
1760851477.8775432,1.421,1.52
1760851477.8829918,1.311,1.499
1760851477.888332,1.44,1.493
1760851477.8938458,1.408,1.484
1760851477.899271,1.355,1.471
1760851477.9047143,1.302,1.455
1760851477.9101098,1.237,1.433
1760851477.9155157,1.496,1.439
1760851477.9209688,1.436,1.439
1760851477.9265938,1.376,1.432
1760851477.9319978,1.368,1.426
1760851477.937557,1.38,1.421
1760851477.9429233,1.388,1.418
1760851477.9483213,1.314,1.408
1760851477.954009,1.464,1.413
1760851477.959378,1.42,1.414
1760851477.9651396,1.458,1.418
1760851477.9708998,1.392,1.416
1760851477.9766996,1.416,1.416
1760851477.9826214,1.488,1.423
1760851477.9884562,1.483,1.429
1760851477.9938529,1.385,1.425
1760851477.999281,1.409,1.423
1760851478.0045826,1.417,1.422
1760851478.0099077,1.501,1.43
1760851478.0152485,1.416,1.429
1760851478.0205786,1.481,1.434
1760851478.025913,1.476,1.438
1760851478.0314152,1.455,1.44
1760851478.0372713,1.535,1.449
1760851478.0426953,1.576,1.462
1760851478.0480847,1.537,1.47
1760851478.05354,1.569,1.479
1760851478.059198,1.559,1.487
1760851478.0652392,1.627,1.501
1760851478.0710933,1.702,1.521
1760851478.076515,1.844,1.554
1760851478.0819159,1.78,1.576
1760851478.0875938,1.713,1.59
1760851478.092944,1.617,1.593
1760851478.0982845,1.601,1.594
1760851478.1038492,1.488,1.583
1760851478.1092522,1.431,1.568
1760851478.1150534,1.401,1.551
1760851478.1208196,1.452,1.541
1760851478.1264324,1.44,1.531
1760851478.1318238,1.453,1.523
1760851478.1375804,1.483,1.519
1760851478.1430311,1.552,1.523
1760851478.14891,1.472,1.517
1760851478.1542616,1.44,1.51
1760851478.1596508,1.301,1.489
1760851478.1654084,1.477,1.488
1760851478.1712143,1.407,1.48
1760851478.1767056,1.381,1.47
1760851478.1821184,1.318,1.455
1760851478.1876316,1.359,1.445
1760851478.1930935,1.302,1.431
1760851478.1985512,1.26,1.414
1760851478.2039657,1.268,1.399
1760851478.2096207,1.367,1.396
1760851478.215865,1.346,1.391
1760851478.2214832,1.277,1.38
1760851478.226887,1.38,1.38
1760851478.2327437,1.479,1.389
1760851478.238145,1.397,1.39
1760851478.2435682,1.303,1.381
1760851478.2493322,1.363,1.38
1760851478.2554982,1.586,1.4
1760851478.260885,1.4,1.4
1760851478.2666957,1.526,1.413
1760851478.2721956,1.509,1.422
1760851478.2775972,1.441,1.424
1760851478.2830176,1.392,1.421
1760851478.2888165,1.438,1.423
1760851478.2946594,1.416,1.422
1760851478.3000627,1.467,1.427
1760851478.3054528,1.445,1.428
1760851478.31086,1.408,1.426
1760851478.316693,1.442,1.428
1760851478.3225303,1.496,1.435
1760851478.32797,1.441,1.435
1760851478.333371,1.513,1.443
1760851478.338788,1.479,1.447
1760851478.3441813,1.484,1.45
1760851478.3495762,1.508,1.456
1760851478.3550196,1.521,1.463
1760851478.3604167,1.599,1.476
1760851478.3661785,1.637,1.492
1760851478.371619,1.687,1.512
1760851478.3773985,1.898,1.55
1760851478.383117,1.783,1.574
1760851478.389035,1.777,1.594
1760851478.395232,1.575,1.592
1760851478.4010022,1.431,1.576
1760851478.4064512,1.392,1.558
1760851478.4118462,1.429,1.545
1760851478.4171965,1.343,1.525
1760851478.4225874,1.339,1.506
1760851478.4279258,1.371,1.493
1760851478.433275,1.31,1.474
1760851478.438608,1.372,1.464
1760851478.4439473,1.31,1.449
1760851478.4492862,1.305,1.434
1760851478.4546275,1.271,1.418
1760851478.4599695,1.297,1.406
1760851478.465271,1.315,1.397
1760851478.470602,1.252,1.382
1760851478.476231,1.556,1.4
1760851478.4815679,1.475,1.407
1760851478.4869611,1.661,1.433
1760851478.4923034,1.571,1.446
1760851478.4977157,1.627,1.464
1760851478.5032942,1.783,1.496
1760851478.508712,1.13,1.46
1760851478.5142226,1.648,1.479
1760851478.5196517,1.688,1.5
1760851478.5253932,1.478,1.497
1760851478.5307846,1.496,1.497
1760851478.5361643,1.358,1.483
1760851478.5422163,1.43,1.478
1760851478.5478344,1.405,1.471
1760851478.5534503,1.463,1.47
1760851478.5588043,1.38,1.461
1760851478.5641384,1.435,1.458
1760851478.5699027,1.33,1.446
1760851478.575577,1.352,1.436
1760851478.5813463,1.302,1.423
1760851478.5871437,1.423,1.423
1760851478.592881,1.455,1.426
1760851478.5982978,1.524,1.436
1760851478.6036866,1.505,1.443
1760851478.6094956,1.679,1.466
1760851478.6153085,1.903,1.51
1760851478.6210718,1.83,1.542
1760851478.6269665,1.622,1.55
1760851478.6323652,1.539,1.549
1760851478.6382065,1.382,1.532
1760851478.643651,1.355,1.515
1760851478.6492565,1.316,1.495
1760851478.6550465,1.346,1.48
1760851478.6608238,1.303,1.462
1760851478.6670265,1.349,1.451
1760851478.6724513,1.369,1.443
1760851478.677979,1.401,1.439
1760851478.683378,1.38,1.433
1760851478.6892292,1.368,1.426
1760851478.6950364,1.288,1.412
1760851478.7006183,1.272,1.398
1760851478.7061422,1.198,1.378
1760851478.711478,1.26,1.366
1760851478.7168355,1.225,1.352
1760851478.7221727,1.321,1.349
1760851478.7277172,1.202,1.334
1760851478.7331078,1.334,1.334
1760851478.7387183,1.222,1.323
1760851478.7441432,1.369,1.328
1760851478.7495744,1.457,1.341
1760851478.7549634,1.413,1.348
1760851478.7607424,1.134,1.327
1760851478.7666054,1.514,1.345
1760851478.772011,1.439,1.355
1760851478.7778397,1.482,1.367
1760851478.783346,1.355,1.366
1760851478.7887456,1.406,1.37
1760851478.7945132,1.66,1.399
1760851478.7999008,1.33,1.392
1760851478.805317,1.483,1.401
1760851478.8110173,1.564,1.418
1760851478.8164747,1.433,1.419
1760851478.8219242,1.477,1.425
1760851478.827383,1.452,1.428
1760851478.8328032,1.537,1.439
1760851478.8382103,1.509,1.446
1760851478.8439434,1.496,1.451
1760851478.8497155,1.483,1.454
1760851478.8555372,1.555,1.464
1760851478.8609612,1.482,1.466
1760851478.86686,1.527,1.472
1760851478.8722923,1.56,1.481
1760851478.8777113,1.592,1.492
1760851478.883134,1.509,1.493
1760851478.8885362,1.537,1.498
1760851478.8942997,1.497,1.498
1760851478.8997154,1.577,1.506
1760851478.9052424,1.586,1.514
1760851478.9106474,1.598,1.522
1760851478.916327,1.704,1.54
1760851478.922115,1.923,1.579
1760851478.9276588,1.856,1.606
1760851478.9330845,1.758,1.621
1760851478.9384723,1.659,1.625
1760851478.9439242,1.604,1.623
1760851478.9493132,1.467,1.608
1760851478.9551797,1.38,1.585
1760851478.9609373,1.415,1.568
1760851478.9671926,1.422,1.553
1760851478.9726412,1.394,1.537
1760851478.9780507,1.421,1.526
1760851478.9835038,1.385,1.512
1760851478.9892747,1.416,1.502
1760851478.9950817,1.401,1.492
1760851479.000736,1.43,1.486
1760851479.0060687,1.333,1.47
1760851479.0113971,1.347,1.458
1760851479.0167248,1.485,1.461
1760851479.0220835,1.381,1.453
1760851479.0277376,1.354,1.443
1760851479.0331213,1.441,1.443
1760851479.0384605,1.173,1.416
1760851479.043847,1.451,1.419
1760851479.0494862,1.596,1.437
1760851479.0553484,1.501,1.443
1760851479.0607433,1.352,1.434
1760851479.0666294,1.328,1.424
1760851479.0720284,1.354,1.417
1760851479.07827,1.504,1.425
1760851479.0836916,1.431,1.426
1760851479.0890872,1.5,1.433
1760851479.0944266,1.492,1.439
1760851479.0998263,1.509,1.446
1760851479.1053193,1.525,1.454
1760851479.1107147,1.498,1.458
1760851479.116049,1.559,1.468
1760851479.121857,1.59,1.481
1760851479.1276581,1.54,1.487
1760851479.133329,1.561,1.494
1760851479.1389093,1.545,1.499
1760851479.1446762,1.48,1.497
1760851479.1500833,1.56,1.503
1760851479.155551,1.534,1.507
1760851479.1614406,1.596,1.516
1760851479.1672943,1.632,1.527
1760851479.173283,1.675,1.542
1760851479.1786792,1.588,1.547
1760851479.1847165,1.61,1.553
1760851479.1904738,1.772,1.575
1760851479.1959028,1.998,1.617
1760851479.2012997,1.932,1.649
1760851479.2070878,1.79,1.663
1760851479.2126725,1.726,1.669
1760851479.2181466,1.572,1.659
1760851479.2235668,1.549,1.648
1760851479.229014,1.401,1.624
1760851479.2348652,1.4,1.601
1760851479.2403226,1.481,1.589
1760851479.2458055,1.519,1.582
1760851479.251284,1.517,1.576
1760851479.2570412,1.627,1.581
1760851479.2626636,1.56,1.579
1760851479.268081,1.466,1.567
1760851479.2734652,1.327,1.543
1760851479.2788916,1.195,1.509
1760851479.284759,1.1,1.468
1760851479.290548,1.063,1.427
1760851479.295995,1.066,1.391
1760851479.3018746,1.165,1.369
1760851479.3078835,1.085,1.34
1760851479.3138254,1.275,1.334
1760851479.3192573,1.165,1.317
1760851479.3251448,1.197,1.305
1760851479.3309107,1.122,1.286
1760851479.3368056,1.222,1.28
1760851479.3427029,1.237,1.276
1760851479.3481915,1.322,1.28
1760851479.3536332,1.326,1.285
1760851479.3590474,1.321,1.289
1760851479.36495,1.301,1.29
1760851479.3706338,1.457,1.307
1760851479.3760524,1.444,1.32
1760851479.3823576,1.405,1.329
1760851479.38775,1.402,1.336
1760851479.3931777,1.486,1.351
1760851479.398513,1.501,1.366
1760851479.4038498,1.431,1.373
1760851479.4092593,1.392,1.375
1760851479.4146006,1.447,1.382
1760851479.419952,1.385,1.382
1760851479.4255562,1.413,1.385
1760851479.4309008,1.436,1.39
1760851479.4362407,1.539,1.405
1760851479.441577,1.552,1.42
1760851479.446913,1.696,1.448
1760851479.452282,1.967,1.5
1760851479.4576313,1.947,1.544
1760851479.4629624,1.783,1.568
1760851479.4682717,1.693,1.581
1760851479.4735363,1.526,1.575
1760851479.4787953,1.513,1.569
1760851479.484144,1.343,1.546
1760851479.4895508,1.333,1.525
1760851479.4949572,1.457,1.518
1760851479.5002902,1.368,1.503
1760851479.5056996,1.505,1.503
1760851479.51106,1.496,1.503
1760851479.516404,1.458,1.498
1760851479.5217555,1.423,1.491
1760851479.527953,1.237,1.465
1760851479.533289,1.483,1.467
1760851479.5392728,1.21,1.441
1760851479.5453055,1.327,1.43
1760851479.5506911,1.224,1.409
1760851479.5560763,1.301,1.399
1760851479.561966,1.178,1.377
1760851479.5676525,1.276,1.367
1760851479.5730977,1.405,1.37
1760851479.5785,1.305,1.364
1760851479.5839,1.297,1.357
1760851479.5893626,1.447,1.366
1760851479.5953672,1.517,1.381
1760851479.6011531,1.362,1.379
1760851479.6069174,1.428,1.384
1760851479.6128032,1.572,1.403
1760851479.6190774,1.547,1.417
1760851479.6248486,1.545,1.43
1760851479.6302385,1.559,1.443
1760851479.6357284,1.557,1.454
1760851479.641491,1.53,1.462
1760851479.6468952,1.581,1.474
1760851479.6523252,1.564,1.483
1760851479.658346,1.577,1.492
1760851479.6641872,1.533,1.496
1760851479.67025,1.463,1.493
1760851479.6756463,1.517,1.495
1760851479.6813087,1.499,1.496
1760851479.6871014,1.377,1.484
1760851479.6927476,1.472,1.483
1760851479.6984086,1.436,1.478
1760851479.7038572,1.492,1.479
1760851479.709294,1.662,1.498
1760851479.7147074,1.816,1.529
1760851479.7201438,2.001,1.577
1760851479.7256014,1.813,1.6
1760851479.7310207,1.698,1.61
1760851479.736563,1.472,1.596
1760851479.7423334,1.339,1.571
1760851479.7482305,1.371,1.551
1760851479.7536113,1.222,1.518
1760851479.7589664,1.293,1.495
1760851479.7647274,1.289,1.475
1760851479.7711601,1.532,1.48
1760851479.7765841,1.54,1.486
1760851479.7819777,1.505,1.488
1760851479.787701,1.473,1.487
1760851479.7932572,1.516,1.49
1760851479.7991323,1.397,1.48
1760851479.804551,1.204,1.453
1760851479.8104408,1.398,1.447
1760851479.8162596,1.097,1.412
1760851479.8218873,1.226,1.394
1760851479.8280158,1.132,1.367
1760851479.8334968,1.229,1.354
1760851479.8394127,1.237,1.342
1760851479.8451414,1.351,1.343
1760851479.8510118,1.078,1.316
1760851479.8567767,1.323,1.317
1760851479.8621826,1.359,1.321
1760851479.8676302,1.388,1.328
1760851479.8730216,1.423,1.337
1760851479.8787696,1.435,1.347
1760851479.884153,1.509,1.363
1760851479.8896904,1.521,1.379
1760851479.895105,1.55,1.396
1760851479.9008682,1.53,1.41
1760851479.90626,1.54,1.423
1760851479.911667,1.511,1.432
1760851479.9173317,1.487,1.437
1760851479.922745,1.529,1.446
1760851479.9283497,1.633,1.465
1760851479.9341261,1.556,1.474
1760851479.9395401,1.548,1.481
1760851479.9449377,1.53,1.486
1760851479.9503326,1.567,1.494
1760851479.9558175,1.522,1.497
1760851479.9616144,1.459,1.493
1760851479.96727,1.43,1.487
1760851479.972685,1.607,1.499
1760851479.9780955,1.663,1.516
1760851479.9834728,1.875,1.551
1760851479.988807,2.101,1.606
1760851479.994201,1.947,1.64
1760851479.9995327,1.793,1.656
1760851480.004867,1.719,1.662
1760851480.0101924,1.596,1.655
1760851480.0158086,1.555,1.645
1760851480.0211403,1.45,1.626
1760851480.0267093,1.45,1.608
1760851480.0321052,1.542,1.602
1760851480.0375445,1.672,1.609
1760851480.0429363,1.63,1.611
1760851480.0483272,1.591,1.609
1760851480.0537255,1.5,1.598
1760851480.0591362,1.525,1.591
1760851480.0647104,1.403,1.572
1760851480.0702832,1.31,1.546
1760851480.0757327,1.266,1.518
1760851480.0811424,1.289,1.495
1760851480.0867145,1.203,1.466
1760851480.0922194,1.237,1.443
1760851480.0976267,1.135,1.412
1760851480.103285,0.938,1.365
1760851480.1086771,1.189,1.347
1760851480.1140149,1.161,1.328
1760851480.1195729,1.171,1.313
1760851480.1253283,1.305,1.312
1760851480.1307578,1.216,1.302
1760851480.1366537,1.363,1.308
1760851480.1424305,1.328,1.31
1760851480.1478374,1.405,1.32
1760851480.15338,1.448,1.333
1760851480.158813,1.484,1.348
1760851480.1645763,1.448,1.358
1760851480.1707542,1.57,1.379
1760851480.176608,1.485,1.39
1760851480.182019,1.538,1.405
1760851480.187704,1.521,1.416
1760851480.1931026,1.548,1.429
1760851480.1988626,1.569,1.443
1760851480.2043078,1.553,1.454
1760851480.2100718,1.58,1.467
1760851480.2157006,1.562,1.476
1760851480.2214684,1.564,1.485
1760851480.2273443,1.545,1.491
1760851480.232885,1.521,1.494
1760851480.238651,1.527,1.497
1760851480.244454,1.422,1.49
1760851480.249839,1.33,1.474
1760851480.255288,1.337,1.46
1760851480.2608886,1.437,1.458
1760851480.2672923,1.436,1.456
1760851480.2728252,1.552,1.465
1760851480.2786982,1.642,1.483
1760851480.2840438,1.752,1.51
1760851480.2894638,1.936,1.552
1760851480.2948952,1.961,1.593
1760851480.300313,1.754,1.609
1760851480.3060782,1.77,1.625
1760851480.3114855,1.636,1.626
1760851480.317247,1.501,1.614
1760851480.3226902,1.469,1.599
1760851480.3280733,1.467,1.586
1760851480.333517,1.494,1.577
1760851480.3389413,1.572,1.576
1760851480.3450642,1.521,1.571
1760851480.3508253,1.56,1.57
1760851480.3562078,1.458,1.559
1760851480.3616605,1.405,1.543
1760851480.3675694,1.343,1.523
1760851480.3730683,1.301,1.501
1760851480.3784606,1.368,1.488
1760851480.383856,1.329,1.472
1760851480.389263,1.259,1.451
1760851480.3948867,1.342,1.44
1760851480.4002826,1.208,1.417
1760851480.4057086,1.271,1.402
1760851480.4111652,1.446,1.406
1760851480.4165041,1.461,1.412
1760851480.4218433,1.521,1.423
1760851480.4272118,1.572,1.438
1760851480.4325502,1.503,1.444
1760851480.4379783,1.625,1.462
1760851480.4433322,1.576,1.474
1760851480.4486687,1.511,1.477
1760851480.4540086,1.506,1.48
1760851480.4593263,1.582,1.49
1760851480.4647546,1.527,1.494
1760851480.4700866,1.588,1.503
1760851480.4757519,1.604,1.514
1760851480.4815135,1.599,1.522
1760851480.487309,1.619,1.532
1760851480.4927833,1.517,1.53
1760851480.4983704,1.533,1.531
1760851480.503759,1.572,1.535
1760851480.5093386,1.567,1.538
1760851480.51515,1.54,1.538
1760851480.5209093,1.527,1.537
1760851480.5263095,1.531,1.536
1760851480.5317008,1.556,1.538
1760851480.537486,1.51,1.536
1760851480.5429144,1.472,1.529
1760851480.5483093,1.508,1.527
1760851480.553708,1.426,1.517
1760851480.5591629,1.423,1.508
1760851480.564928,1.501,1.507
1760851480.5706954,1.638,1.52
1760851480.5769176,1.817,1.55
1760851480.5823355,2.039,1.599
1760851480.587769,1.983,1.637
1760851480.593568,1.787,1.652
1760851480.599422,1.612,1.648
1760851480.605192,1.534,1.637
1760851480.610611,1.53,1.626
1760851480.6160612,1.564,1.62
1760851480.621933,1.466,1.604
1760851480.6273322,1.658,1.61
1760851480.632803,1.669,1.616
1760851480.6382668,1.692,1.623
1760851480.6440175,1.509,1.612
1760851480.6497016,1.53,1.604
1760851480.6554732,1.403,1.584
1760851480.6610749,1.341,1.559
1760851480.6668928,1.189,1.522
1760851480.672328,1.015,1.472
1760851480.6784317,0.973,1.422
1760851480.6838465,1.044,1.384
1760851480.6896088,1.07,1.353
1760851480.6950397,0.86,1.303
1760851480.700443,1.15,1.288
1760851480.7062047,1.317,1.291
1760851480.7121449,1.185,1.28
1760851480.7181647,1.256,1.278
1760851480.7236073,1.361,1.286
1760851480.7289996,1.289,1.287
1760851480.7344177,1.372,1.295
1760851480.7398727,1.414,1.307
1760851480.7457163,1.38,1.314
1760851480.7515626,1.47,1.33
1760851480.7569513,1.467,1.344
1760851480.7623088,1.463,1.356
1760851480.7676513,1.447,1.365
1760851480.7729857,1.485,1.377
1760851480.7787442,1.443,1.383
1760851480.7841303,1.472,1.392
1760851480.789895,1.472,1.4
1760851480.7953162,1.429,1.403
1760851480.801109,1.396,1.402
1760851480.8068662,1.393,1.401
1760851480.812702,1.411,1.402
1760851480.818549,1.461,1.408
1760851480.8243504,1.573,1.425
1760851480.829859,1.797,1.462
1760851480.8356316,2.1,1.526
1760851480.8413954,1.848,1.558
1760851480.8469594,1.898,1.592
1760851480.852382,1.715,1.604
1760851480.8577683,1.575,1.601
1760851480.8635364,1.526,1.594
1760851480.8689349,1.446,1.579
1760851480.8747222,1.459,1.567
1760851480.880482,1.567,1.567
1760851480.8859317,1.656,1.576
1760851480.8920538,1.754,1.594
1760851480.8974555,1.685,1.603
1760851480.9029183,1.56,1.599
1760851480.9084496,1.494,1.588
1760851480.9138248,1.354,1.565
1760851480.919297,1.263,1.534
1760851480.9251726,1.074,1.488
1760851480.9309502,0.991,1.439
1760851480.9363828,1.272,1.422
1760851480.942165,1.195,1.399
1760851480.9475224,1.269,1.386
1760851480.9528944,1.374,1.385
1760851480.9581778,1.45,1.392
1760851480.9634576,1.453,1.398
1760851480.9687884,1.459,1.404
1760851480.9745457,1.501,1.414
1760851480.9799476,1.56,1.428
1760851480.9855301,1.38,1.424
1760851480.9913018,1.702,1.451
1760851480.997033,1.555,1.462
1760851481.0024133,1.592,1.475
1760851481.007757,1.529,1.48
1760851481.013132,1.442,1.476
1760851481.0184662,1.571,1.486
1760851481.0238554,1.636,1.501
1760851481.0293326,1.553,1.506
1760851481.0347295,1.546,1.51
1760851481.0401144,1.574,1.516
1760851481.0455146,1.567,1.522
1760851481.050903,1.592,1.529
1760851481.056476,1.572,1.533
1760851481.0621724,1.555,1.535
1760851481.067574,1.576,1.539
1760851481.073005,1.562,1.542
1760851481.078392,1.522,1.54
1760851481.0839126,1.592,1.545
1760851481.089328,1.666,1.557
1760851481.0947726,1.709,1.572
1760851481.100203,1.799,1.595
1760851481.1057734,1.855,1.621
1760851481.1117032,1.83,1.642
1760851481.117044,2.23,1.701
1760851481.1224709,2.6,1.791
1760851481.1278577,2.606,1.872
1760851481.1332479,2.738,1.959
1760851481.139095,2.735,2.036
1760851481.1449306,2.376,2.07
1760851481.1507523,2.214,2.085
1760851481.15613,2.171,2.093
1760851481.162034,2.169,2.101
1760851481.1674826,2.214,2.112
1760851481.1729164,2.239,2.125
1760851481.1787832,2.297,2.142
1760851481.1841702,2.272,2.155
1760851481.1897986,2.278,2.167
1760851481.1954257,2.146,2.165
1760851481.201199,2.081,2.157
1760851481.2069623,1.858,2.127
1760851481.2128596,1.493,2.063
1760851481.2183547,1.15,1.972
1760851481.2241738,0.94,1.869
1760851481.2295783,1.05,1.787
1760851481.235349,0.813,1.69
1760851481.2411103,0.679,1.589
1760851481.2465038,0.89,1.519
1760851481.251943,1.037,1.471
1760851481.257722,0.787,1.402
1760851481.2631478,1.139,1.376
1760851481.2685738,0.957,1.334
1760851481.274579,1.135,1.314
1760851481.2799692,1.098,1.292
1760851481.2853587,1.126,1.276
1760851481.2912178,1.178,1.266
1760851481.2968087,1.196,1.259
1760851481.3026125,1.217,1.255
1760851481.3087878,1.298,1.259
1760851481.31456,1.301,1.263
1760851481.32051,1.353,1.272
1760851481.3261442,1.457,1.291
1760851481.331725,1.525,1.314
1760851481.3374987,1.604,1.343
1760851481.3430467,1.498,1.359
1760851481.34846,1.471,1.37
1760851481.353863,1.458,1.379
1760851481.3592525,1.429,1.384
1760851481.3650093,1.423,1.388
1760851481.3707788,1.38,1.387
1760851481.3765984,1.436,1.392
1760851481.3819735,1.359,1.389
1760851481.387742,1.667,1.416
1760851481.3931377,2.339,1.509
1760851481.3989608,2.041,1.562
1760851481.4043276,1.546,1.56
1760851481.4096675,1.604,1.565
1760851481.4150236,1.704,1.579
1760851481.420359,1.682,1.589
1760851481.4256687,1.531,1.583
1760851481.4310498,1.532,1.578
1760851481.4364297,1.56,1.576
1760851481.4417763,1.616,1.58
1760851481.4472635,1.56,1.578
1760851481.4526029,1.377,1.558
1760851481.4579635,1.106,1.513
1760851481.4633307,1.202,1.482
1760851481.468662,1.135,1.447
1760851481.473991,1.0,1.402
1760851481.4792922,0.928,1.355
1760851481.4846203,0.891,1.309
1760851481.4899542,0.864,1.264
1760851481.4952738,0.558,1.194
1760851481.5006008,0.591,1.133
1760851481.5059297,0.783,1.098
1760851481.5112712,0.905,1.079
1760851481.5166078,0.797,1.051
1760851481.5219436,0.865,1.032
1760851481.5272753,1.062,1.035
1760851481.5327,1.419,1.074
1760851481.5380342,1.495,1.116
1760851481.5434315,1.47,1.151
1760851481.548765,1.566,1.193
1760851481.554099,1.598,1.233
1760851481.5594273,1.566,1.266
1760851481.564867,1.534,1.293
1760851481.5701978,1.551,1.319
1760851481.5755332,1.571,1.344
1760851481.5808728,1.633,1.373
1760851481.5861862,1.663,1.402
1760851481.5915205,1.693,1.431
1760851481.5968437,1.596,1.448
1760851481.6021893,1.501,1.453
1760851481.6075253,1.321,1.44
1760851481.6129205,1.368,1.433
1760851481.6183457,1.577,1.447
1760851481.6241436,1.92,1.494
1760851481.6296654,1.87,1.532
1760851481.635075,1.856,1.564
1760851481.6408322,1.87,1.595
1760851481.6462166,1.867,1.622
1760851481.651605,1.774,1.637
1760851481.657365,1.768,1.65
1760851481.6628695,1.701,1.655
1760851481.6687005,1.682,1.658
1760851481.6744583,1.56,1.648
1760851481.6802585,1.775,1.661
1760851481.6856668,1.559,1.651
1760851481.6914508,1.264,1.612
1760851481.6968987,1.205,1.571
1760851481.702362,1.175,1.532
1760851481.7081423,1.115,1.49
1760851481.7136047,1.031,1.444
1760851481.7194774,1.145,1.414
1760851481.7248833,1.173,1.39
1760851481.7302938,1.174,1.368
1760851481.7357514,1.202,1.352
1760851481.741513,1.261,1.343
1760851481.7473793,1.285,1.337
1760851481.7529068,1.149,1.318
1760851481.7584825,0.875,1.274
1760851481.7643845,0.862,1.233
1760851481.7701657,1.029,1.212
1760851481.7755687,0.852,1.176
1760851481.7812254,1.102,1.169
1760851481.7870133,1.123,1.164
1760851481.7924953,1.135,1.161
1760851481.7978911,1.088,1.154
1760851481.803309,1.173,1.156
1760851481.8093176,1.189,1.159
1760851481.8151176,1.21,1.164
1760851481.8208823,1.366,1.184
1760851481.8267047,1.353,1.201
1760851481.832324,1.356,1.217
1760851481.8378804,1.43,1.238
1760851481.8433242,1.466,1.261
1760851481.8491528,1.284,1.263
1760851481.8549442,1.575,1.294
1760851481.8603475,1.523,1.317
1760851481.8665423,1.58,1.344
1760851481.8724337,1.496,1.359
1760851481.8779821,1.522,1.375
1760851481.8833528,1.575,1.395
1760851481.8887846,1.564,1.412
1760851481.8941126,1.558,1.427
1760851481.8994741,1.568,1.441
1760851481.9049914,1.632,1.46
1760851481.9107642,1.629,1.477
1760851481.9163828,1.585,1.488
1760851481.9217908,1.585,1.497
1760851481.9280896,1.586,1.506
1760851481.9339561,1.625,1.518
1760851481.9394186,1.546,1.521
1760851481.944893,1.556,1.524
1760851481.9503076,1.619,1.534
1760851481.955699,1.595,1.54
1760851481.9615543,1.745,1.561
1760851481.967324,1.96,1.601
1760851481.972735,2.142,1.655
1760851481.9782133,2.09,1.698
1760851481.983604,2.003,1.729
1760851481.9893954,1.975,1.753
1760851481.9951944,1.921,1.77
1760851482.0005763,1.843,1.777
1760851482.0059125,1.715,1.771
1760851482.0116372,1.75,1.769
1760851482.01697,1.65,1.757
1760851482.0223675,1.638,1.745
1760851482.0278602,1.569,1.728
1760851482.0333471,1.553,1.71
1760851482.0387614,1.557,1.695
1760851482.0450861,1.523,1.678
1760851482.0504944,1.378,1.648
1760851482.0558538,1.384,1.621
1760851482.0612495,1.372,1.596
1760851482.067091,1.35,1.572
1760851482.0733914,1.237,1.538
1760851482.079213,1.204,1.505
1760851482.0846636,1.117,1.466
1760851482.090432,1.198,1.439
1760851482.0957692,1.193,1.415
1760851482.1011074,1.132,1.386
1760851482.1068716,1.061,1.354
1760851482.1122713,1.282,1.347
1760851482.117925,1.277,1.34
1760851482.123329,1.351,1.341
1760851482.1292145,1.328,1.34
1760851482.1346028,1.472,1.353
1760851482.1402395,1.42,1.36
1760851482.145672,1.406,1.364
1760851482.151096,1.513,1.379
1760851482.156939,1.642,1.405
1760851482.16271,1.706,1.435
1760851482.1683931,1.741,1.466
1760851482.1743412,1.75,1.494
1760851482.1797314,1.772,1.522
1760851482.1855633,1.704,1.54
1760851482.1913416,1.669,1.553
1760851482.1967258,1.674,1.565
1760851482.2025347,1.636,1.572
1760851482.2079263,1.608,1.576
1760851482.2138438,1.568,1.575
1760851482.2192683,1.543,1.572
1760851482.2250412,1.562,1.571
1760851482.230863,1.507,1.564
1760851482.236247,1.494,1.557
1760851482.241672,1.466,1.548
1760851482.2470915,1.482,1.542
1760851482.252483,1.495,1.537
1760851482.2579303,1.448,1.528
1760851482.2633266,1.39,1.514
1760851482.268697,1.205,1.483
1760851482.274585,1.225,1.458
1760851482.2804217,1.305,1.442
1760851482.2857904,1.782,1.476
1760851482.2917747,1.887,1.517
1760851482.2972214,2.009,1.566
1760851482.3026385,1.882,1.598
1760851482.3085835,1.907,1.629
1760851482.3143458,1.884,1.654
1760851482.3197956,1.656,1.655
1760851482.3256724,1.679,1.657
1760851482.3314514,1.71,1.662
1760851482.3368545,1.73,1.669
1760851482.3421938,1.729,1.675
1760851482.3476245,1.704,1.678
1760851482.3529613,1.672,1.677
1760851482.358321,1.598,1.67
1760851482.3636584,1.459,1.648
1760851482.368993,1.395,1.623
1760851482.3743303,1.32,1.593
1760851482.3796847,1.256,1.559
1760851482.385021,1.134,1.517
1760851482.390781,1.124,1.477
1760851482.396165,1.042,1.434
1760851482.4016225,1.04,1.394
1760851482.4073985,1.073,1.362
1760851482.4127371,1.275,1.353
1760851482.4182878,1.237,1.342
1760851482.4236603,1.174,1.325
1760851482.429016,1.118,1.304
1760851482.43436,1.477,1.322
1760851482.4397423,1.38,1.327
1760851482.4451027,1.422,1.337
1760851482.450454,1.479,1.351
1760851482.4557962,1.566,1.373
1760851482.4611235,1.642,1.4
1760851482.466881,1.706,1.43
1760851482.4722202,1.669,1.454
1760851482.4779346,1.633,1.472
1760851482.4833941,1.719,1.497
1760851482.4891586,1.785,1.526
1760851482.4950457,1.761,1.549
1760851482.5008893,1.671,1.561
1760851482.5066469,1.611,1.566
1760851482.5121162,1.603,1.57
1760851482.5181792,1.531,1.566
1760851482.5236204,1.487,1.558
1760851482.5290542,1.456,1.548
1760851482.5345852,1.516,1.545
1760851482.5399792,1.487,1.539
1760851482.545539,1.536,1.539
1760851482.5511637,1.586,1.543
1760851482.556926,1.646,1.554
1760851482.5626917,1.666,1.565
1760851482.5681686,1.711,1.579
1760851482.5736382,1.99,1.62
1760851482.5790744,2.203,1.679
1760851482.5846517,1.856,1.696
1760851482.5903208,1.82,1.709
1760851482.5957565,1.835,1.721
1760851482.6013908,1.929,1.742
1760851482.6071923,1.87,1.755
1760851482.6129472,1.811,1.76
1760851482.618731,1.766,1.761
1760851482.624967,1.807,1.766
1760851482.6308005,1.722,1.761
1760851482.6366951,1.584,1.744
1760851482.6420875,1.521,1.721
1760851482.6475093,1.425,1.692
1760851482.6528952,1.341,1.657
1760851482.6583254,1.272,1.618
1760851482.6641388,1.184,1.575
1760851482.6698976,1.199,1.537
1760851482.6756282,1.149,1.498
1760851482.6811185,1.06,1.455
1760851482.6869028,1.047,1.414
1760851482.6925054,1.019,1.374
1760851482.6981783,0.941,1.331
1760851482.703575,1.237,1.322
1760851482.7090158,1.237,1.313
1760851482.714778,1.311,1.313
1760851482.7205527,1.255,1.307
1760851482.7264187,1.255,1.302
1760851482.7318075,1.318,1.303
1760851482.7375672,1.268,1.3
1760851482.7430296,1.074,1.277
1760851482.74849,1.26,1.275
1760851482.754208,1.405,1.288
1760851482.7596016,1.481,1.308
1760851482.765352,1.539,1.331
1760851482.7712402,1.636,1.361
1760851482.777025,1.659,1.391
1760851482.7830706,1.722,1.424
1760851482.788978,1.601,1.442
1760851482.7949705,1.614,1.459
1760851482.8003657,1.675,1.481
1760851482.8061235,1.638,1.496
1760851482.8117259,1.531,1.5
1760851482.817379,1.538,1.504
1760851482.8233523,1.453,1.499
1760851482.828921,1.54,1.503
1760851482.8343062,1.424,1.495
1760851482.839751,1.285,1.474
1760851482.845134,1.277,1.454
1760851482.850557,1.48,1.457
1760851482.85595,1.741,1.485
1760851482.8618493,1.655,1.502
1760851482.8676422,1.56,1.508
1760851482.8730922,1.397,1.497
1760851482.8789048,1.44,1.491
1760851482.8843098,1.559,1.498
1760851482.8899674,1.901,1.538
1760851482.8953278,1.99,1.583
1760851482.9007936,1.94,1.619
1760851482.9065623,1.893,1.646
1760851482.91233,1.806,1.662
1760851482.9177332,1.462,1.642
1760851482.9231744,1.447,1.623
1760851482.9285665,1.237,1.584
1760851482.9340205,1.043,1.53
1760851482.9394166,1.019,1.479
1760851482.945188,1.071,1.438
1760851482.9505267,1.224,1.417
1760851482.9564233,1.173,1.392
1760851482.9618227,1.096,1.363
1760851482.9672883,1.16,1.342
1760851482.9727154,1.063,1.315
1760851482.978118,1.095,1.293
1760851482.9836216,1.289,1.292
1760851482.9890294,1.107,1.274
1760851482.9949415,1.333,1.28
1760851483.0003414,1.421,1.294
1760851483.0056722,1.442,1.309
1760851483.0110269,1.339,1.312
1760851483.0164485,1.588,1.339
1760851483.021854,1.637,1.369
1760851483.0281553,1.677,1.4
1760851483.0335433,1.638,1.424
1760851483.039086,1.73,1.454
1760851483.044473,1.724,1.481
1760851483.0499456,1.743,1.507
1760851483.0553284,1.692,1.526
1760851483.0607214,1.62,1.535
1760851483.0662932,1.487,1.53
1760851483.0716484,1.595,1.537
1760851483.0775552,1.542,1.537
1760851483.082943,1.492,1.533
1760851483.0883398,1.486,1.528
1760851483.0937438,1.494,1.525
1760851483.0991023,1.446,1.517
1760851483.1044486,1.342,1.499
1760851483.1097767,1.352,1.485
1760851483.115137,1.377,1.474
1760851483.1205342,1.256,1.452
1760851483.1258695,1.328,1.44
1760851483.13165,1.382,1.434
1760851483.137418,1.365,1.427
1760851483.1430197,1.678,1.452
1760851483.1490557,1.668,1.474
1760851483.1544428,1.825,1.509
1760851483.1599245,1.843,1.542
1760851483.1657548,1.709,1.559
1760851483.171565,1.741,1.577
1760851483.1773298,1.792,1.599
1760851483.1830142,1.646,1.603
1760851483.188409,1.472,1.59
1760851483.1942391,1.405,1.572
1760851483.1996703,1.463,1.561
1760851483.2050593,1.405,1.545
1760851483.2105892,1.293,1.52
1760851483.2159863,1.203,1.488
1760851483.2215812,1.181,1.458
1760851483.2277207,1.199,1.432
1760851483.2331054,1.211,1.41
1760851483.2389526,1.1,1.379
1760851483.2449303,1.234,1.364
1760851483.2507014,1.16,1.344
1760851483.2564592,1.163,1.326
1760851483.2622163,1.3,1.323
1760851483.26763,1.407,1.331
1760851483.2734303,1.575,1.356
1760851483.278827,1.505,1.371
1760851483.284585,1.479,1.381
1760851483.2905006,1.522,1.396
1760851483.2958922,1.586,1.415
1760851483.3013518,1.622,1.435
1760851483.3071933,1.745,1.466
1760851483.3126264,1.642,1.484
1760851483.3180332,1.741,1.51
1760851483.3236868,1.715,1.53
1760851483.3291516,1.753,1.552
1760851483.3350685,1.585,1.556
1760851483.3408167,1.662,1.566
1760851483.3465798,1.727,1.582
1760851483.3520348,1.325,1.557
1760851483.3574398,1.429,1.544
1760851483.363231,1.536,1.543
1760851483.3686464,1.443,1.533
1760851483.3745143,1.405,1.52
1760851483.3803022,1.369,1.505
1760851483.3859,1.479,1.502
1760851483.3913736,1.462,1.498
1760851483.3971803,1.483,1.497
1760851483.4027138,1.513,1.498
1760851483.4082031,1.483,1.497
1760851483.4136205,1.385,1.486
1760851483.41902,1.388,1.476
1760851483.4243658,1.457,1.474
1760851483.4297419,1.553,1.482
1760851483.4351277,1.485,1.482
1760851483.440468,1.37,1.471
1760851483.4458058,1.465,1.47
1760851483.4511685,1.535,1.477
1760851483.4565725,1.546,1.484
1760851483.4618945,1.617,1.497
1760851483.4672356,1.632,1.511
1760851483.4725144,1.68,1.528
1760851483.4779093,1.604,1.535
1760851483.4832463,1.586,1.54
1760851483.4886374,1.517,1.538
1760851483.4939609,1.508,1.535
1760851483.4997478,1.361,1.518
1760851483.5050786,1.488,1.515
1760851483.5103898,1.397,1.503
1760851483.5158439,1.485,1.501
1760851483.521418,1.495,1.501
1760851483.5270088,1.526,1.503
1760851483.5324416,1.495,1.502
1760851483.5380132,1.455,1.498
1760851483.5434573,1.435,1.491
1760851483.548841,1.33,1.475
1760851483.5542295,1.446,1.472
1760851483.559734,1.45,1.47
1760851483.565038,1.349,1.458
1760851483.5703697,1.429,1.455
1760851483.5756788,1.321,1.442
1760851483.581441,1.533,1.451
1760851483.5868323,1.529,1.459
1760851483.5926795,1.582,1.471
1760851483.5984519,1.599,1.484
1760851483.6038458,1.656,1.501
1760851483.6092622,1.638,1.515
1760851483.615146,1.683,1.531
1760851483.620928,1.767,1.555
1760851483.626699,1.742,1.574
1760851483.6321015,1.697,1.586
1760851483.637864,1.617,1.589
1760851483.6436608,1.78,1.608
1760851483.649076,1.749,1.622
1760851483.6548176,1.647,1.625
1760851483.6602373,1.579,1.62
1760851483.6660442,1.482,1.606
1760851483.671697,1.375,1.583
1760851483.6771472,1.302,1.555
1760851483.6826448,1.237,1.523
1760851483.6881042,1.221,1.493
1760851483.7024484,1.231,1.467
1760851483.7078526,1.363,1.456
1760851483.7133114,1.272,1.438
1760851483.7189488,1.281,1.422
1760851483.7248924,1.431,1.423
1760851483.7306879,1.506,1.431
1760851483.7364578,1.677,1.456
1760851483.7422354,1.72,1.482
1760851483.7478216,1.733,1.507
1760851483.7536628,1.675,1.524
1760851483.7597325,1.65,1.537
1760851483.765496,1.612,1.544
1760851483.7708864,1.656,1.555
1760851483.7765386,1.621,1.562
1760851483.782304,1.586,1.564
1760851483.7877007,1.53,1.561
1760851483.7931402,1.517,1.556
1760851483.7985537,1.457,1.546
1760851483.804319,1.417,1.534
1760851483.8097823,1.436,1.524
1760851483.8155916,1.421,1.513
1760851483.82133,1.385,1.501
1760851483.8272479,1.382,1.489
1760851483.833083,1.384,1.478
1760851483.838483,1.363,1.467
1760851483.8438914,1.166,1.437
1760851483.8495255,1.271,1.42
1760851483.85519,1.2,1.398
1760851483.8610466,1.274,1.386
1760851483.8671799,1.225,1.37
1760851483.8731232,1.156,1.348
1760851483.8791697,1.173,1.331
1760851483.8846123,1.364,1.334
1760851483.889941,1.316,1.332
1760851483.895321,1.271,1.326
1760851483.9006348,1.354,1.329
1760851483.9064133,1.579,1.354
1760851483.911799,1.407,1.359
1760851483.9180706,1.447,1.368
1760851483.923498,1.542,1.385
1760851483.9288914,1.64,1.411
1760851483.934707,1.52,1.422
1760851483.9407654,1.537,1.433
1760851483.946226,1.555,1.445
1760851483.9516146,1.596,1.461
1760851483.957375,1.555,1.47
1760851483.963174,1.539,1.477
1760851483.968727,1.511,1.48
1760851483.9751015,1.6,1.492
1760851483.9809093,1.454,1.488
1760851483.9864943,1.434,1.483
1760851483.991884,1.393,1.474
1760851483.9976482,1.457,1.472
1760851484.003054,1.337,1.459
1760851484.0083838,1.302,1.443
1760851484.0137148,1.292,1.428
1760851484.0194042,1.427,1.428
1760851484.02505,1.448,1.43
1760851484.030536,1.574,1.444
1760851484.0359838,1.842,1.484
1760851484.0416005,1.994,1.535
1760851484.0473685,1.849,1.566
1760851484.0527675,1.813,1.591
1760851484.0582771,1.707,1.603
1760851484.0641418,1.704,1.613
1760851484.0701227,1.513,1.603
1760851484.0755346,1.477,1.59
1760851484.0813031,1.482,1.58
1760851484.0871003,1.549,1.576
1760851484.0924723,1.474,1.566
1760851484.09781,1.452,1.555
1760851484.1031702,1.427,1.542
1760851484.1085606,1.406,1.528
1760851484.1143265,1.328,1.508
1760851484.119716,1.289,1.487
1760851484.1251366,1.221,1.46
1760851484.1310625,1.284,1.442
1760851484.136973,1.192,1.417
1760851484.1423988,1.156,1.391
1760851484.147829,1.185,1.37
1760851484.1537426,1.278,1.361
1760851484.1597157,1.266,1.352
1760851484.1654868,1.354,1.352
1760851484.1712785,1.326,1.349
1760851484.1766953,1.469,1.361
1760851484.1824634,1.559,1.381
1760851484.187857,1.596,1.403
1760851484.1932645,1.543,1.417
1760851484.1987412,1.522,1.427
1760851484.2041261,1.575,1.442
1760851484.209579,1.488,1.447
1760851484.215392,1.468,1.449
1760851484.2211664,1.565,1.46
1760851484.226667,1.521,1.467
1760851484.2322748,1.571,1.477
1760851484.2380397,1.593,1.489
1760851484.2435484,1.546,1.494
1760851484.248942,1.546,1.499
1760851484.25433,1.562,1.506
1760851484.2597613,1.555,1.511
1760851484.2655256,1.558,1.515
1760851484.2713215,1.547,1.518
1760851484.2767525,1.6,1.527
1760851484.2825227,1.496,1.524
1760851484.287923,1.471,1.518
1760851484.2935536,1.44,1.511
1760851484.2990284,1.418,1.501
1760851484.3047934,1.43,1.494
1760851484.3105538,1.483,1.493
1760851484.316136,1.468,1.491
1760851484.3218045,1.513,1.493
1760851484.3272238,1.504,1.494
1760851484.3333502,1.498,1.494
1760851484.3393536,1.459,1.491
1760851484.3447874,1.566,1.498
1760851484.3502007,1.759,1.524
1760851484.355575,1.806,1.553
1760851484.3609943,1.65,1.562
1760851484.3668008,1.592,1.565
1760851484.3728077,1.56,1.565
1760851484.3785737,1.521,1.56
1760851484.3843372,1.419,1.546
1760851484.3897853,1.484,1.54
1760851484.3952165,1.433,1.529
1760851484.4010043,1.444,1.521
1760851484.4067636,1.385,1.507
1760851484.4121056,1.38,1.494
1760851484.4174418,1.401,1.485
1760851484.4227798,1.429,1.479
1760851484.4281187,1.353,1.467
1760851484.4334779,1.359,1.456
1760851484.4388158,1.326,1.443
1760851484.4441543,1.364,1.435
1760851484.4494936,1.282,1.42
1760851484.4549387,1.237,1.402
1760851484.460351,1.095,1.371
1760851484.465657,1.337,1.368
1760851484.4710343,1.267,1.357
1760851484.4763765,1.332,1.355
1760851484.4817638,1.599,1.379
1760851484.48756,1.328,1.374
1760851484.4930751,1.237,1.36
1760851484.4988813,1.401,1.365
1760851484.5043685,1.392,1.367
1760851484.5097587,1.521,1.383
1760851484.5155563,1.457,1.39
1760851484.5213244,1.646,1.416
1760851484.5271196,1.757,1.45
1760851484.5329416,1.75,1.48
1760851484.5383368,1.683,1.5
1760851484.543804,1.65,1.515
1760851484.5492873,1.74,1.538
1760851484.555111,1.792,1.563
1760851484.5604544,1.729,1.58
1760851484.5659316,1.785,1.6
1760851484.5713394,1.726,1.613
1760851484.577145,1.663,1.618
1760851484.5826962,1.679,1.624
1760851484.588088,1.585,1.62
1760851484.5934794,1.607,1.619
1760851484.5993116,1.626,1.619
1760851484.6051702,1.509,1.608
1760851484.610583,1.471,1.595
1760851484.6160164,1.457,1.581
1760851484.621784,1.521,1.575
1760851484.6272068,1.534,1.571
1760851484.6332126,1.586,1.572
1760851484.638811,1.666,1.582
1760851484.6442502,1.742,1.598
1760851484.64968,1.779,1.616
1760851484.6552806,1.783,1.633
1760851484.6611683,1.867,1.656
1760851484.6669297,1.911,1.682
1760851484.6723173,1.891,1.702
1760851484.678079,1.803,1.713
1760851484.6834745,1.741,1.715
1760851484.6889582,1.643,1.708
1760851484.6943624,1.581,1.695
1760851484.6998446,1.509,1.677
1760851484.7052627,1.444,1.653
1760851484.710711,1.422,1.63
1760851484.7163749,1.306,1.598
1760851484.7220933,1.237,1.562
1760851484.7277052,1.178,1.523
1760851484.7331278,1.124,1.484
1760851484.738914,1.16,1.451
1760851484.7446916,1.237,1.43
1760851484.7501776,1.225,1.409
1760851484.755564,1.061,1.374
1760851484.7610426,1.173,1.354
1760851484.7664423,1.588,1.378
1760851484.771851,1.237,1.364
1760851484.7776103,1.563,1.384
1760851484.7831776,1.624,1.408
1760851484.7886624,1.682,1.435
1760851484.7945557,1.578,1.449
1760851484.8000488,1.616,1.466
1760851484.8054435,1.509,1.47
1760851484.8108668,1.591,1.482
1760851484.8170314,1.62,1.496
1760851484.8227978,1.586,1.505
1760851484.828581,1.482,1.503
1760851484.8343666,1.512,1.504
1760851484.8397877,1.417,1.495
1760851484.8458097,1.411,1.487
1760851484.8512218,1.38,1.476
1760851484.8569818,1.355,1.464
1760851484.862765,1.354,1.453
1760851484.8681493,1.476,1.455
1760851484.8735614,1.483,1.458
1760851484.8793764,1.498,1.462
1760851484.8851986,1.484,1.464
1760851484.8905303,1.406,1.458
1760851484.8958602,1.455,1.458
1760851484.9013422,1.494,1.462
1760851484.9071767,1.603,1.476
1760851484.912953,1.829,1.511
1760851484.918868,2.032,1.563
1760851484.924303,2.106,1.617
1760851484.9302495,1.956,1.651
1760851484.9356375,1.818,1.668
1760851484.9414,1.696,1.671
1760851484.946787,1.532,1.657
1760851484.9521873,1.609,1.652
1760851484.9635012,1.423,1.482
1760851484.9696083,1.575,1.492
1760851484.9754848,1.563,1.499
1760851484.9812522,1.262,1.475
1760851484.9871686,1.596,1.487
1760851484.9925764,1.444,1.483
1760851484.9983065,1.504,1.485
1760851485.003771,1.442,1.481
1760851485.0091054,1.444,1.477
1760851485.0144367,1.408,1.47
1760851485.0197701,1.469,1.47
1760851485.025157,1.451,1.468
1760851485.0309167,1.433,1.465
1760851485.036386,1.408,1.459
1760851485.0421681,1.454,1.458
1760851485.0475736,1.42,1.455
1760851485.0529552,1.38,1.447
1760851485.0588396,1.344,1.437
1760851485.0643477,1.452,1.438
1760851485.0701082,1.404,1.435
1760851485.0754912,1.38,1.429
1760851485.0813704,1.353,1.422
1760851485.0872447,1.38,1.418
1760851485.0926552,1.341,1.41
1760851485.0979922,1.33,1.402
1760851485.1033418,1.341,1.396
1760851485.1086771,1.419,1.398
1760851485.1140096,1.409,1.399
1760851485.1193242,1.37,1.396
1760851485.125225,1.316,1.388
1760851485.1306708,1.341,1.384
1760851485.1360729,1.342,1.379
1760851485.1418383,1.435,1.385
1760851485.1472442,1.446,1.391
1760851485.153017,1.529,1.405
1760851485.1584044,1.492,1.413
1760851485.164217,1.443,1.416
1760851485.169556,1.42,1.417
1760851485.1748924,1.431,1.418
1760851485.1806543,1.434,1.42
1760851485.185991,1.389,1.417
1760851485.1917017,1.346,1.41
1760851485.1975713,1.384,1.407
1760851485.2029622,1.495,1.416
1760851485.2083807,1.475,1.422
1760851485.2138257,1.483,1.428
1760851485.2192795,1.536,1.439
1760851485.22486,1.598,1.455
1760851485.2306144,1.598,1.469
1760851485.2360697,1.546,1.477
1760851485.2419815,1.758,1.505
1760851485.2476842,1.795,1.534
1760851485.2531273,1.741,1.554
1760851485.2585433,1.662,1.565
1760851485.2648098,1.698,1.579
1760851485.2705786,1.681,1.589
1760851485.276021,1.59,1.589
1760851485.2814167,1.496,1.58
1760851485.2872052,1.471,1.569
1760851485.293293,1.422,1.554
1760851485.2987018,1.377,1.536
1760851485.3041906,1.307,1.513
1760851485.310142,1.347,1.497
1760851485.315582,1.237,1.471
1760851485.3212733,1.274,1.451
1760851485.327129,1.181,1.424
1760851485.3328965,1.287,1.41
1760851485.338297,1.233,1.393
1760851485.3441863,1.264,1.38
1760851485.3496146,1.355,1.377
1760851485.3550317,1.509,1.391
1760851485.360443,1.532,1.405
1760851485.3658302,1.467,1.411
1760851485.3712978,1.509,1.421
1760851485.3770647,1.575,1.436
1760851485.3826323,1.431,1.436
1760851485.388026,1.478,1.44
1760851485.3937979,1.484,1.444
1760851485.3991966,1.441,1.444
1760851485.4046297,1.385,1.438
1760851485.41011,1.504,1.445
1760851485.415492,1.424,1.443
1760851485.42084,1.38,1.436
1760851485.426198,1.33,1.426
1760851485.4315634,1.348,1.418
1760851485.4369013,1.38,1.414
1760851485.4422414,1.468,1.42
1760851485.4475868,1.41,1.419
1760851485.452996,1.511,1.428
1760851485.4584355,1.51,1.436
1760851485.4638114,1.525,1.445
1760851485.4692016,1.517,1.452
1760851485.474536,1.479,1.455
1760851485.4798748,1.555,1.465
1760851485.4852016,1.534,1.472
1760851485.4905944,1.51,1.476
1760851485.495927,1.459,1.474
1760851485.5012577,1.497,1.476
1760851485.5065916,1.542,1.483
1760851485.5119221,1.469,1.482
1760851485.51726,1.521,1.485
1760851485.5226545,1.485,1.485
1760851485.5281599,1.432,1.48
1760851485.5335484,1.4,1.472
1760851485.5390172,1.364,1.461
1760851485.544455,1.295,1.445
1760851485.5497835,1.376,1.438
1760851485.5552282,1.346,1.429
1760851485.5605583,1.359,1.422
1760851485.565873,1.372,1.417
1760851485.5712225,1.405,1.415
1760851485.5765588,1.332,1.407
1760851485.5819554,1.492,1.416
1760851485.58729,1.354,1.409
1760851485.5926468,1.47,1.415
1760851485.5979815,1.466,1.42
1760851485.6032698,1.429,1.421
1760851485.6086042,1.426,1.422
1760851485.6139362,1.401,1.42
1760851485.6199613,1.42,1.42
1760851485.6257234,1.419,1.42
1760851485.6314929,1.424,1.42
1760851485.6372578,1.477,1.426
1760851485.6430674,1.453,1.429
1760851485.6488235,1.5,1.436
1760851485.654625,1.438,1.436
1760851485.6600714,1.461,1.438
1760851485.6658347,1.479,1.442
1760851485.6712952,1.439,1.442
1760851485.6770606,1.418,1.44
1760851485.6831799,1.437,1.439
1760851485.6888118,1.369,1.432
1760851485.6948671,1.461,1.435
1760851485.7003872,1.439,1.436
1760851485.7057862,1.47,1.439
1760851485.7114847,1.572,1.452
1760851485.7172904,1.521,1.459
1760851485.7226837,1.508,1.464
1760851485.728085,1.557,1.473
1760851485.7334797,1.517,1.478
1760851485.7388966,1.506,1.481
1760851485.745256,1.405,1.473
1760851485.7508557,1.513,1.477
1760851485.7566178,1.523,1.482
1760851485.7623782,1.472,1.481
1760851485.7679267,1.371,1.47
1760851485.7733188,1.546,1.477
1760851485.7791116,1.445,1.474
1760851485.784508,1.476,1.474
1760851485.789906,1.436,1.47
1760851485.7953072,1.585,1.482
1760851485.8014143,1.491,1.483
1760851485.8072586,1.347,1.469
1760851485.813028,1.465,1.469
1760851485.8184338,1.53,1.475
1760851485.8238535,1.509,1.478
1760851485.829453,1.457,1.476
1760851485.8350692,1.422,1.471
1760851485.8408847,1.506,1.474
1760851485.8463132,1.418,1.469
1760851485.8517346,1.487,1.47
1760851485.8576663,1.428,1.466
1760851485.8632562,1.559,1.475
1760851485.8686738,1.472,1.475
1760851485.8747687,1.307,1.458
1760851485.8805304,1.427,1.455
1760851485.8861866,1.424,1.452
1760851485.891625,1.461,1.453
1760851485.8969562,1.408,1.448
1760851485.9023492,1.379,1.441
1760851485.9077752,1.429,1.44
1760851485.9132318,1.405,1.437
1760851485.9189112,1.42,1.435
1760851485.9248028,1.326,1.424
1760851485.93026,1.48,1.43
1760851485.9356637,1.448,1.432
1760851485.941425,1.405,1.429
1760851485.9470286,1.405,1.426
1760851485.9524314,1.451,1.429
1760851485.9580345,1.466,1.433
1760851485.9635577,1.457,1.435
1760851485.9691312,1.462,1.438
1760851485.9748843,1.492,1.443
1760851485.9802983,1.505,1.449
1760851485.9860666,1.482,1.453
1760851485.9915159,1.48,1.455
1760851485.9969301,1.448,1.455
1760851486.0024135,1.511,1.46
1760851486.007828,1.465,1.461
1760851486.0131586,1.504,1.465
1760851486.0184934,1.508,1.469
1760851486.024019,1.562,1.479
1760851486.02941,1.457,1.476
1760851486.03481,1.463,1.475
1760851486.0401418,1.483,1.476
1760851486.0457094,1.474,1.476
1760851486.0511293,1.436,1.472
1760851486.0567195,1.462,1.471
1760851486.062293,1.545,1.478
1760851486.0677304,1.431,1.473
1760851486.0731623,1.366,1.463
1760851486.0791473,1.471,1.463
1760851486.084721,1.483,1.465
1760851486.0901997,1.453,1.464
1760851486.0956829,1.467,1.464
1760851486.1010358,1.509,1.469
1760851486.1063647,1.469,1.469
1760851486.1116586,1.496,1.472
1760851486.1171954,1.444,1.469
1760851486.123099,1.451,1.467
1760851486.1284876,1.41,1.461
1760851486.1342728,1.577,1.473
1760851486.139688,1.586,1.484
1760851486.1450837,1.366,1.472
1760851486.1508884,1.562,1.481
1760851486.1566522,1.629,1.496
1760851486.1624694,1.625,1.509
1760851486.1678865,1.648,1.523
1760851486.173287,1.579,1.528
1760851486.1793542,1.716,1.547
1760851486.1847327,1.64,1.556
1760851486.1901202,1.586,1.559
1760851486.1955047,1.55,1.558
1760851486.2009199,1.62,1.565
1760851486.2066736,1.457,1.554
1760851486.212611,1.501,1.549
1760851486.218066,1.467,1.54
1760851486.2237227,1.501,1.537
1760851486.2292323,1.431,1.526
1760851486.234686,1.462,1.52
1760851486.2404478,1.56,1.524
1760851486.2458558,1.543,1.526
1760851486.2514503,1.526,1.526
1760851486.2572744,1.534,1.527
1760851486.2630823,1.584,1.532
1760851486.2685592,1.679,1.547
1760851486.27445,1.687,1.561
1760851486.2798576,1.6,1.565
1760851486.2855778,1.534,1.562
1760851486.291341,1.53,1.559
1760851486.2968798,1.377,1.541
1760851486.3026514,1.421,1.529
1760851486.3080525,1.404,1.516
1760851486.3134716,1.405,1.505
1760851486.3189244,1.429,1.497
1760851486.3247137,1.447,1.492
1760851486.3301165,1.509,1.494
1760851486.3356879,1.444,1.489
1760851486.3414352,1.549,1.495
1760851486.347317,1.591,1.505
1760851486.353136,1.684,1.522
1760851486.3586128,1.687,1.539
1760851486.3649685,1.614,1.546
1760851486.3707395,1.763,1.568
1760851486.376185,1.74,1.585
1760851486.3816786,1.643,1.591
1760851486.387455,1.462,1.578
1760851486.3932264,1.472,1.568
1760851486.3986502,1.563,1.567
1760851486.4040956,1.439,1.554
1760851486.4095104,1.563,1.555
1760851486.4148436,1.445,1.544
1760851486.420176,1.457,1.535
1760851486.4255235,1.404,1.522
1760851486.4308589,1.301,1.5
1760851486.4361894,1.413,1.491
1760851486.441521,1.424,1.485
1760851486.4468622,1.392,1.475
1760851486.4522002,1.42,1.47
1760851486.4575717,1.392,1.462
1760851486.4629073,1.443,1.46
1760851486.4683256,1.546,1.469
1760851486.4736989,1.475,1.469
1760851486.4790757,1.367,1.459
1760851486.4844797,1.45,1.458
1760851486.489815,1.459,1.458
1760851486.4952323,1.45,1.457
1760851486.5005708,1.43,1.455
1760851486.5059133,1.483,1.457
1760851486.5112588,1.536,1.465
1760851486.517202,1.451,1.464
1760851486.5226688,1.446,1.462
1760851486.5280788,1.415,1.457
1760851486.5336719,1.439,1.456
1760851486.5391002,1.341,1.444
1760851486.54452,1.253,1.425
1760851486.5498588,1.364,1.419
1760851486.5556552,1.464,1.423
1760851486.5612497,1.472,1.428
1760851486.5674584,1.483,1.434
1760851486.5732243,1.453,1.436
1760851486.578621,1.405,1.433
1760851486.5840826,1.505,1.44
1760851486.5894997,1.766,1.472
1760851486.5949616,1.895,1.515
1760851486.6004689,1.895,1.553
1760851486.6058683,1.804,1.578
1760851486.611293,1.711,1.591
1760851486.6171436,1.658,1.598
1760851486.622925,1.486,1.587
1760851486.6289074,1.553,1.583
1760851486.6343303,1.398,1.565
1760851486.639739,1.453,1.554
1760851486.6455228,1.431,1.541
1760851486.6509252,1.366,1.524
1760851486.6566937,1.354,1.507
1760851486.662449,1.369,1.493
1760851486.667849,1.335,1.477
1760851486.6733687,1.488,1.478
1760851486.6787589,1.616,1.492
1760851486.6846473,1.667,1.51
1760851486.690471,1.585,1.517
1760851486.6958814,1.687,1.534
1760851486.7012715,1.671,1.548
1760851486.7070642,1.637,1.557
1760851486.7128253,1.693,1.57
1760851486.7183537,1.713,1.585
1760851486.7239707,1.643,1.591
1760851486.7293417,1.638,1.595
1760851486.734796,1.558,1.591
1760851486.7403266,1.587,1.591
1760851486.7457693,1.486,1.581
1760851486.7515392,1.414,1.564
1760851486.7572978,1.348,1.542
1760851486.7631533,1.308,1.519
1760851486.7685878,1.265,1.494
1760851486.7745132,1.272,1.471
1760851486.7799003,1.214,1.446
1760851486.785365,1.276,1.429
1760851486.7911823,1.292,1.415
1760851486.797058,1.364,1.41
1760851486.8028362,1.303,1.399
1760851486.8082209,1.195,1.379
1760851486.8138137,1.174,1.358
1760851486.819704,1.202,1.343
1760851486.8256133,1.272,1.336
1760851486.831396,1.202,1.322
1760851486.8371818,1.216,1.312
1760851486.842798,1.216,1.302
1760851486.8482068,1.263,1.298
1760851486.8535771,1.262,1.295
1760851486.8596072,1.237,1.289
1760851486.865233,1.285,1.288
1760851486.8710403,1.237,1.283
1760851486.8773947,1.237,1.279
1760851486.8833687,1.272,1.278
1760851486.888823,1.284,1.279
1760851486.8941543,1.3,1.281
1760851486.8996406,1.27,1.28
1760851486.9050848,1.279,1.28
1760851486.9105318,1.502,1.302
1760851486.9168804,1.588,1.331
1760851486.9226856,1.614,1.359
1760851486.928077,1.582,1.381
1760851486.9334686,1.563,1.399
1760851486.9393353,1.639,1.423
1760851486.9447167,1.729,1.454
1760851486.950113,1.722,1.481
1760851486.9555225,1.638,1.496
1760851486.96096,1.821,1.529
1760851486.9670985,1.8,1.556
1760851486.9724898,1.695,1.57
1760851486.9782712,1.695,1.582
1760851486.9836082,1.648,1.589
1760851486.9889896,1.561,1.586
1760851486.9944434,1.48,1.576
1760851486.999851,1.488,1.567
1760851487.005189,1.443,1.554
1760851487.0107296,1.388,1.538
1760851487.0160627,1.33,1.517
1760851487.0214,1.321,1.498
1760851487.0274742,1.346,1.482
1760851487.0329041,1.334,1.467
1760851487.0383098,1.324,1.453
1760851487.043726,1.341,1.442
1760851487.049493,1.338,1.431
1760851487.0551836,1.274,1.416
1760851487.0606217,1.289,1.403
1760851487.0666668,1.294,1.392
1760851487.072069,1.334,1.386
1760851487.077871,1.279,1.376
1760851487.0837185,1.314,1.369
1760851487.0894237,1.413,1.374
1760851487.0948145,1.353,1.372
1760851487.100157,1.301,1.365
1760851487.1054966,1.353,1.363
1760851487.1109307,1.428,1.37
1760851487.116359,1.405,1.373
1760851487.122151,1.372,1.373
1760851487.128108,1.435,1.379
1760851487.1340964,1.345,1.376
1760851487.1395226,1.447,1.383
1760851487.1452792,1.409,1.386
1760851487.151112,1.294,1.377
1760851487.1568732,1.452,1.384
1760851487.1626384,1.505,1.396
1760851487.168096,1.441,1.401
1760851487.173477,1.393,1.4
1760851487.178873,1.404,1.4
1760851487.1843054,1.423,1.403
1760851487.189735,1.41,1.403
1760851487.1951947,1.303,1.393
1760851487.2006106,1.426,1.397
1760851487.2059956,1.481,1.405
1760851487.2113214,1.418,1.406
1760851487.2171524,1.406,1.406
1760851487.2232373,1.44,1.41
1760851487.2286327,1.478,1.417
1760851487.234043,1.431,1.418
1760851487.2399476,1.444,1.421
1760851487.2455328,1.391,1.418
1760851487.2513754,1.483,1.424
1760851487.2571359,1.455,1.427
1760851487.2629168,1.491,1.434
1760851487.2684953,1.422,1.433
1760851487.2742586,1.435,1.433
1760851487.2801526,1.42,1.432
1760851487.2860436,1.408,1.429
1760851487.2914338,1.423,1.429
1760851487.297229,1.409,1.427
1760851487.3028433,1.369,1.421
1760851487.3086123,1.354,1.414
1760851487.3143725,1.354,1.408
1760851487.3197525,1.413,1.409
1760851487.3251967,1.349,1.403
1760851487.3310118,1.335,1.396
1760851487.3367767,1.363,1.393
1760851487.3422549,1.43,1.396
1760851487.3476944,1.452,1.402
1760851487.3530896,1.527,1.414
1760851487.359021,1.535,1.427
1760851487.3647857,1.517,1.436
1760851487.3702075,1.431,1.435
1760851487.3755922,1.445,1.436
1760851487.3812888,1.445,1.437
1760851487.3870828,1.513,1.445
1760851487.3924897,1.433,1.443
1760851487.398327,1.419,1.441
1760851487.403714,1.359,1.433
1760851487.4091282,1.457,1.435
1760851487.4144628,1.424,1.434
1760851487.4197938,1.431,1.434
1760851487.4251316,1.504,1.441
1760851487.4304683,1.534,1.45
1760851487.435804,1.442,1.449
1760851487.4411428,1.495,1.454
1760851487.4464812,1.476,1.456
1760851487.4518173,1.539,1.464
1760851487.4571846,1.494,1.467
1760851487.4625158,1.5,1.471
1760851487.467854,1.519,1.475
1760851487.473184,1.595,1.487
1760851487.4785163,1.432,1.482
1760851487.483841,1.552,1.489
1760851487.4891691,1.636,1.504
1760851487.4945002,1.687,1.522
1760851487.4998295,1.578,1.527
1760851487.5051672,1.525,1.527
1760851487.510561,1.524,1.527
1760851487.5158587,1.575,1.532
1760851487.5211258,1.432,1.522
1760851487.5264556,1.478,1.517
1760851487.5318007,1.38,1.504
1760851487.537131,1.44,1.497
1760851487.5425026,1.397,1.487
1760851487.5478725,1.361,1.475
1760851487.5532482,1.38,1.465
1760851487.5586264,1.388,1.457
1760851487.5640144,1.318,1.443
1760851487.5698302,1.407,1.44
1760851487.575619,1.405,1.436
1760851487.581342,1.457,1.438
1760851487.5867274,1.468,1.441
1760851487.5921772,1.493,1.447
1760851487.5979357,1.465,1.448
1760851487.603438,1.519,1.456
1760851487.6088517,1.493,1.459
1760851487.6142988,1.535,1.467
1760851487.619717,1.479,1.468
1760851487.625482,1.537,1.475
1760851487.6312845,1.484,1.476
1760851487.6370487,1.417,1.47
1760851487.6429079,1.497,1.473
1760851487.6482985,1.534,1.479
1760851487.6537955,1.485,1.479
1760851487.6598415,1.462,1.478
1760851487.6652405,1.343,1.464
1760851487.6710672,1.381,1.456
1760851487.6765344,1.371,1.447
1760851487.6823027,1.456,1.448
1760851487.6877074,1.453,1.449
1760851487.6931014,1.527,1.457
1760851487.6987135,1.451,1.456
1760851487.7041044,1.403,1.451
1760851487.7100022,1.404,1.446
1760851487.715692,1.461,1.448
1760851487.7214572,1.436,1.446
1760851487.7273178,1.44,1.446
1760851487.7330937,1.516,1.453
1760851487.7387524,1.537,1.461
1760851487.7448838,1.478,1.463
1760851487.7504785,1.5,1.467
1760851487.7558677,1.457,1.466
1760851487.7613149,1.58,1.477
1760851487.7676153,1.408,1.47
1760851487.773004,1.501,1.473
1760851487.7783947,1.711,1.497
1760851487.7838082,1.695,1.517
1760851487.789278,1.607,1.526
1760851487.794668,1.553,1.528
1760851487.8000576,1.504,1.526
1760851487.8054497,1.517,1.525
1760851487.810929,1.431,1.516
1760851487.817317,1.398,1.504
1760851487.8227937,1.356,1.489
1760851487.8282025,1.364,1.477
1760851487.8335981,1.334,1.462
1760851487.8390324,1.325,1.449
1760851487.8447978,1.351,1.439
1760851487.8502557,1.325,1.427
1760851487.8562028,1.328,1.417
1760851487.8620646,1.347,1.41
1760851487.8675773,1.344,1.404
1760851487.873351,1.433,1.407
1760851487.8788054,1.374,1.403
1760851487.8847547,1.406,1.404
1760851487.8901432,1.393,1.403
1760851487.8956797,1.432,1.406
1760851487.9010153,1.379,1.403
1760851487.9067757,1.354,1.398
1760851487.9125395,1.391,1.397
1760851487.9179091,1.434,1.401
1760851487.9239666,1.351,1.396
1760851487.9293787,1.372,1.394
1760851487.9347653,1.354,1.39
1760851487.940133,1.431,1.394
1760851487.9455159,1.43,1.397
